state,grade,level,standard_id,standard_text,lesson_id,lesson_title,ref_type,is_flagged,raw_ref,source_file
ccss,1,domain,1.G,Geometry,,,,,,Connecticut grade 1 Alignment Guide.docx
ccss,1,cluster,1.G.A,Reason with shapes and their attributes.,,,,,,Connecticut grade 1 Alignment Guide.docx
ccss,1,standard,1.G.A.3,"Partition circles and rectangles into two and four equal shares, describe the shares using the words halves, fourths, and quarters, and use the phrases half of, fourth of, and quarter of. Describe the whole as two of, or four of the shares. Understand for these examples that decomposing into more equal shares creates smaller shares.",G1-M6-L10,Reason about equal and not equal shares.,lesson,FALSE,1 M6 Lesson 10: Reason about equal and not equal shares.,Connecticut grade 1 Alignment Guide.docx
ccss,1,standard,1.G.A.3,"Partition circles and rectangles into two and four equal shares, describe the shares using the words halves, fourths, and quarters, and use the phrases half of, fourth of, and quarter of. Describe the whole as two of, or four of the shares. Understand for these examples that decomposing into more equal shares creates smaller shares.",G1-M6-L11,Name equal shares as halves or fourths.,lesson,FALSE,1 M6 Lesson 11: Name equal shares as halves or fourths.,Connecticut grade 1 Alignment Guide.docx
ccss,1,standard,1.G.A.3,"Partition circles and rectangles into two and four equal shares, describe the shares using the words halves, fourths, and quarters, and use the phrases half of, fourth of, and quarter of. Describe the whole as two of, or four of the shares. Understand for these examples that decomposing into more equal shares creates smaller shares.",G1-M6-L12,"Partition shapes into halves, fourths, and quarters.",lesson,FALSE,"1 M6 Lesson 12: Partition shapes into halves, fourths, and quarters.",Connecticut grade 1 Alignment Guide.docx
ccss,1,standard,1.G.A.3,"Partition circles and rectangles into two and four equal shares, describe the shares using the words halves, fourths, and quarters, and use the phrases half of, fourth of, and quarter of. Describe the whole as two of, or four of the shares. Understand for these examples that decomposing into more equal shares creates smaller shares.",G1-M6-L13,Relate the number of equal shares to the size of the shares.,lesson,FALSE,1 M6 Lesson 13: Relate the number of equal shares to the size of the shares.,Connecticut grade 1 Alignment Guide.docx
ccss,1,domain,1.MD,Measurement and Data,,,,,,Connecticut grade 1 Alignment Guide.docx
ccss,1,domain,1.MD,Measurement and Data,,,,,,Connecticut grade 1 Alignment Guide.docx
ccss,1,domain,1.MD,Measurement and Data,,,,,,Connecticut grade 1 Alignment Guide.docx
ccss,1,cluster,1.MD.A,Measure lengths indirectly and by iterating length units.,,,,,,Connecticut grade 1 Alignment Guide.docx
ccss,1,standard,1.MD.A.1,Order three objects by length; compare the lengths of two objects indirectly by using a third object.,G1-M4-L5,Measure and compare lengths.,lesson,FALSE,1 M4 Lesson 5: Measure and compare lengths.,Connecticut grade 1 Alignment Guide.docx
ccss,1,standard,1.MD.A.1,Order three objects by length; compare the lengths of two objects indirectly by using a third object.,G1-M4-L6,Measure and order lengths.,lesson,FALSE,1 M4 Lesson 6: Measure and order lengths.,Connecticut grade 1 Alignment Guide.docx
ccss,1,standard,1.MD.A.2,"Express the length of an object as a whole number of length units, by laying multiple copies of a shorter object (the length unit) end to end; understand that the length measurement of an object is the number of same-size length units that span it with no gaps or overlaps.",G1-M4-L10,Compare to find how much longer.,lesson,FALSE,1 M4 Lesson 10: Compare to find how much longer.,Connecticut grade 1 Alignment Guide.docx
ccss,1,standard,1.MD.A.2,"Express the length of an object as a whole number of length units, by laying multiple copies of a shorter object (the length unit) end to end; understand that the length measurement of an object is the number of same-size length units that span it with no gaps or overlaps.",G1-M4-L11,Compare to find how much shorter.,lesson,FALSE,1 M4 Lesson 11: Compare to find how much shorter.,Connecticut grade 1 Alignment Guide.docx
ccss,1,standard,1.MD.A.2,"Express the length of an object as a whole number of length units, by laying multiple copies of a shorter object (the length unit) end to end; understand that the length measurement of an object is the number of same-size length units that span it with no gaps or overlaps.",G1-M4-L14,Measure to find patterns.,lesson,FALSE,1 M4 Lesson 14: Measure to find patterns.,Connecticut grade 1 Alignment Guide.docx
ccss,1,cluster,1.MD.B,Tell and write time.,,,,,,Connecticut grade 1 Alignment Guide.docx
ccss,1,standard,1.MD.B.3,Tell and write time in hours and half-hours using analog and digital clocks.,G1-M5-L1,Tell time to the hour and half hour by using digital and analog clocks.,lesson,FALSE,1 M5 Lesson 1: Tell time to the hour and half hour by using digital and analog clocks.,Connecticut grade 1 Alignment Guide.docx
ccss,1,standard,1.MD.B.3,Tell and write time in hours and half-hours using analog and digital clocks.,G1-M6-L14,Tell time to the half hour with the term half past.,lesson,FALSE,1 M6 Lesson 14: Tell time to the half hour with the term half past.,Connecticut grade 1 Alignment Guide.docx
ccss,1,standard,1.MD.B.3,Tell and write time in hours and half-hours using analog and digital clocks.,G1-M6-L15,Reason about the location of the hour hand to tell time.,lesson,FALSE,1 M6 Lesson 15: Reason about the location of the hour hand to tell time.,Connecticut grade 1 Alignment Guide.docx
ccss,1,cluster,1.MD.C,Represent and interpret data.,,,,,,Connecticut grade 1 Alignment Guide.docx
ccss,1,standard,1.MD.C.4,"Organize, represent, and interpret data with up to three categories; ask and answer questions about the total number of data points, how many in each category, and how many more or less are in one category than in another.",G1-M1-L2,Organize and represent data to compare two categories.,lesson,FALSE,1 M1 Lesson 2: Organize and represent data to compare two categories.,Connecticut grade 1 Alignment Guide.docx
ccss,1,standard,1.MD.C.4,"Organize, represent, and interpret data with up to three categories; ask and answer questions about the total number of data points, how many in each category, and how many more or less are in one category than in another.",G1-M1-L3,Sort to represent and compare data with three categories.,lesson,FALSE,1 M1 Lesson 3: Sort to represent and compare data with three categories.,Connecticut grade 1 Alignment Guide.docx
ccss,1,standard,1.MD.C.4,"Organize, represent, and interpret data with up to three categories; ask and answer questions about the total number of data points, how many in each category, and how many more or less are in one category than in another.",G1-M1-L4,Find the total number of data points and compare categories in a picture graph.,lesson,FALSE,1 M1 Lesson 4: Find the total number of data points and compare categories in a picture graph.,Connecticut grade 1 Alignment Guide.docx
ccss,1,standard,1.MD.C.4,"Organize, represent, and interpret data with up to three categories; ask and answer questions about the total number of data points, how many in each category, and how many more or less are in one category than in another.",G1-M1-L5,Organize and represent categorical data.,lesson,FALSE,1 M1 Lesson 5: Organize and represent categorical data.,Connecticut grade 1 Alignment Guide.docx
ccss,1,standard,1.MD.C.4,"Organize, represent, and interpret data with up to three categories; ask and answer questions about the total number of data points, how many in each category, and how many more or less are in one category than in another.",G1-M1-L6,Use tally marks to represent and compare data.,lesson,FALSE,1 M1 Lesson 6: Use tally marks to represent and compare data.,Connecticut grade 1 Alignment Guide.docx
ccss,1,standard,1.MD.C.4,"Organize, represent, and interpret data with up to three categories; ask and answer questions about the total number of data points, how many in each category, and how many more or less are in one category than in another.",G1-M2-L23,Compare categories in a graph to figure out how many more.,lesson,FALSE,1 M2 Lesson 23: Compare categories in a graph to figure out how many more.,Connecticut grade 1 Alignment Guide.docx
ccss,1,domain,1.NBT,Number and Operations in Base Ten,,,,,,Connecticut grade 1 Alignment Guide.docx
ccss,1,domain,1.NBT,Number and Operations in Base Ten,,,,,,Connecticut grade 1 Alignment Guide.docx
ccss,1,domain,1.NBT,Number and Operations in Base Ten,,,,,,Connecticut grade 1 Alignment Guide.docx
ccss,1,cluster,1.NBT.A,Extend the counting sequence.,,,,,,Connecticut grade 1 Alignment Guide.docx
ccss,1,standard,1.NBT.A.1,"Count to 120, starting at any number less than 120. In this range, read and write numerals and represent a number of objects with a written numeral.",G1-M3-L15,Count and record a collection of objects.,lesson,FALSE,1 M3 Lesson 15: Count and record a collection of objects.,Connecticut grade 1 Alignment Guide.docx
ccss,1,standard,1.NBT.A.1,"Count to 120, starting at any number less than 120. In this range, read and write numerals and represent a number of objects with a written numeral.",G1-M3-L16,Identify ten as a unit.,lesson,FALSE,1 M3 Lesson 16: Identify ten as a unit.,Connecticut grade 1 Alignment Guide.docx
ccss,1,standard,1.NBT.A.1,"Count to 120, starting at any number less than 120. In this range, read and write numerals and represent a number of objects with a written numeral.",G1-M5-L2,Count a collection and record the total in units of tens and ones.,lesson,FALSE,1 M5 Lesson 2: Count a collection and record the total in units of tens and ones.,Connecticut grade 1 Alignment Guide.docx
ccss,1,standard,1.NBT.A.1,"Count to 120, starting at any number less than 120. In this range, read and write numerals and represent a number of objects with a written numeral.",G1-M5-L3,Recognize the place value of digits in a two-digit number.,lesson,FALSE,1 M5 Lesson 3: Recognize the place value of digits in a two-digit number.,Connecticut grade 1 Alignment Guide.docx
ccss,1,standard,1.NBT.A.1,"Count to 120, starting at any number less than 120. In this range, read and write numerals and represent a number of objects with a written numeral.",G1-M5-L5,Reason about equivalent representations of a number.,lesson,FALSE,1 M5 Lesson 5: Reason about equivalent representations of a number.,Connecticut grade 1 Alignment Guide.docx
ccss,1,cluster,1.NBT.B,Understand place value.,,,,,,Connecticut grade 1 Alignment Guide.docx
ccss,1,standard,1.NBT.B.2,Understand that the two digits of a two-digit number represent amounts of tens and ones. Understand the following as special cases:,G1-M1-L12,Count on from 10 to find an unknown total.,lesson,FALSE,1 M1 Lesson 12: Count on from 10 to find an unknown total.,Connecticut grade 1 Alignment Guide.docx
ccss,1,standard,1.NBT.B.2,Understand that the two digits of a two-digit number represent amounts of tens and ones. Understand the following as special cases:,G1-M4-L8,Draw to represent a length measurement.,lesson,FALSE,1 M4 Lesson 8: Draw to represent a length measurement.,Connecticut grade 1 Alignment Guide.docx
ccss,1,standard,1.NBT.B.2,Understand that the two digits of a two-digit number represent amounts of tens and ones. Understand the following as special cases:,G1-M4-L9,Represent a total length as units of tens and ones.,lesson,FALSE,1 M4 Lesson 9: Represent a total length as units of tens and ones.,Connecticut grade 1 Alignment Guide.docx
ccss,1,standard,1.NBT.B.2,Understand that the two digits of a two-digit number represent amounts of tens and ones. Understand the following as special cases:,G1-M5-L2,Count a collection and record the total in units of tens and ones.,lesson,FALSE,1 M5 Lesson 2: Count a collection and record the total in units of tens and ones.,Connecticut grade 1 Alignment Guide.docx
ccss,1,standard,1.NBT.B.2,Understand that the two digits of a two-digit number represent amounts of tens and ones. Understand the following as special cases:,G1-M5-L3,Recognize the place value of digits in a two-digit number.,lesson,FALSE,1 M5 Lesson 3: Recognize the place value of digits in a two-digit number.,Connecticut grade 1 Alignment Guide.docx
ccss,1,standard,1.NBT.B.2,Understand that the two digits of a two-digit number represent amounts of tens and ones. Understand the following as special cases:,G1-M5-L4,Represent a number in multiple ways by trading 10 ones for a ten.,lesson,FALSE,1 M5 Lesson 4: Represent a number in multiple ways by trading 10 ones for a ten.,Connecticut grade 1 Alignment Guide.docx
ccss,1,standard,1.NBT.B.2,Understand that the two digits of a two-digit number represent amounts of tens and ones. Understand the following as special cases:,G1-M5-L5,Reason about equivalent representations of a number.,lesson,FALSE,1 M5 Lesson 5: Reason about equivalent representations of a number.,Connecticut grade 1 Alignment Guide.docx
ccss,1,standard,1.NBT.B.2,Understand that the two digits of a two-digit number represent amounts of tens and ones. Understand the following as special cases:,G1-M5-L8,Use place value reasoning to write and compare 2 two-digit numbers.,lesson,FALSE,1 M5 Lesson 8: Use place value reasoning to write and compare 2 two-digit numbers.,Connecticut grade 1 Alignment Guide.docx
ccss,1,standard,1.NBT.B.2.a,10 can be thought of as a bundle of ten ones — called a “ten.”,G1-M3-L15,Count and record a collection of objects.,lesson,FALSE,1 M3 Lesson 15: Count and record a collection of objects.,Connecticut grade 1 Alignment Guide.docx
ccss,1,standard,1.NBT.B.2.a,10 can be thought of as a bundle of ten ones — called a “ten.”,G1-M3-L16,Identify ten as a unit.,lesson,FALSE,1 M3 Lesson 16: Identify ten as a unit.,Connecticut grade 1 Alignment Guide.docx
ccss,1,standard,1.NBT.B.2.a,10 can be thought of as a bundle of ten ones — called a “ten.”,G1-M4-L8,Draw to represent a length measurement.,lesson,FALSE,1 M4 Lesson 8: Draw to represent a length measurement.,Connecticut grade 1 Alignment Guide.docx
ccss,1,standard,1.NBT.B.2.a,10 can be thought of as a bundle of ten ones — called a “ten.”,G1-M4-L9,Represent a total length as units of tens and ones.,lesson,FALSE,1 M4 Lesson 9: Represent a total length as units of tens and ones.,Connecticut grade 1 Alignment Guide.docx
ccss,1,standard,1.NBT.B.2.a,10 can be thought of as a bundle of ten ones — called a “ten.”,G1-M5-L2,Count a collection and record the total in units of tens and ones.,lesson,FALSE,1 M5 Lesson 2: Count a collection and record the total in units of tens and ones.,Connecticut grade 1 Alignment Guide.docx
ccss,1,standard,1.NBT.B.2.a,10 can be thought of as a bundle of ten ones — called a “ten.”,G1-M5-L3,Recognize the place value of digits in a two-digit number.,lesson,FALSE,1 M5 Lesson 3: Recognize the place value of digits in a two-digit number.,Connecticut grade 1 Alignment Guide.docx
ccss,1,standard,1.NBT.B.2.a,10 can be thought of as a bundle of ten ones — called a “ten.”,G1-M5-L5,Reason about equivalent representations of a number.,lesson,FALSE,1 M5 Lesson 5: Reason about equivalent representations of a number.,Connecticut grade 1 Alignment Guide.docx
ccss,1,standard,1.NBT.B.2.b,"The numbers from 11 to 19 are composed of a ten and one, two, three, four, five, six, seven, eight, or nine ones.",G1-M1-L12,Count on from 10 to find an unknown total.,lesson,FALSE,1 M1 Lesson 12: Count on from 10 to find an unknown total.,Connecticut grade 1 Alignment Guide.docx
ccss,1,standard,1.NBT.B.2.b,"The numbers from 11 to 19 are composed of a ten and one, two, three, four, five, six, seven, eight, or nine ones.",G1-M3-L16,Identify ten as a unit.,lesson,FALSE,1 M3 Lesson 16: Identify ten as a unit.,Connecticut grade 1 Alignment Guide.docx
ccss,1,standard,1.NBT.B.2.b,"The numbers from 11 to 19 are composed of a ten and one, two, three, four, five, six, seven, eight, or nine ones.",G1-M3-L17,Add a two-digit number and a one-digit number.,lesson,FALSE,1 M3 Lesson 17: Add a two-digit number and a one-digit number.,Connecticut grade 1 Alignment Guide.docx
ccss,1,standard,1.NBT.B.2.b,"The numbers from 11 to 19 are composed of a ten and one, two, three, four, five, six, seven, eight, or nine ones.",G1-M3-L18,Subtract a one-digit number from a two-digit number.,lesson,FALSE,1 M3 Lesson 18: Subtract a one-digit number from a two-digit number.,Connecticut grade 1 Alignment Guide.docx
ccss,1,standard,1.NBT.B.2.b,"The numbers from 11 to 19 are composed of a ten and one, two, three, four, five, six, seven, eight, or nine ones.",G1-M3-L19,Solve take from with change unknown problems with totals in the teens.,lesson,FALSE,1 M3 Lesson 19: Solve take from with change unknown problems with totals in the teens.,Connecticut grade 1 Alignment Guide.docx
ccss,1,standard,1.NBT.B.2.b,"The numbers from 11 to 19 are composed of a ten and one, two, three, four, five, six, seven, eight, or nine ones.",G1-M4-L8,Draw to represent a length measurement.,lesson,FALSE,1 M4 Lesson 8: Draw to represent a length measurement.,Connecticut grade 1 Alignment Guide.docx
ccss,1,standard,1.NBT.B.2.b,"The numbers from 11 to 19 are composed of a ten and one, two, three, four, five, six, seven, eight, or nine ones.",G1-M4-L9,Represent a total length as units of tens and ones.,lesson,FALSE,1 M4 Lesson 9: Represent a total length as units of tens and ones.,Connecticut grade 1 Alignment Guide.docx
ccss,1,standard,1.NBT.B.2.b,"The numbers from 11 to 19 are composed of a ten and one, two, three, four, five, six, seven, eight, or nine ones.",G1-M5-L4,Represent a number in multiple ways by trading 10 ones for a ten.,lesson,FALSE,1 M5 Lesson 4: Represent a number in multiple ways by trading 10 ones for a ten.,Connecticut grade 1 Alignment Guide.docx
ccss,1,standard,1.NBT.B.2.b,"The numbers from 11 to 19 are composed of a ten and one, two, three, four, five, six, seven, eight, or nine ones.",G1-M5-L5,Reason about equivalent representations of a number.,lesson,FALSE,1 M5 Lesson 5: Reason about equivalent representations of a number.,Connecticut grade 1 Alignment Guide.docx
ccss,1,standard,1.NBT.B.2.c,"The numbers 10, 20, 30, 40, 50, 60, 70, 80, 90 refer to one, two, three, four, five, six, seven, eight, or nine tens (and 0 ones).",G1-M3-L17,Add a two-digit number and a one-digit number.,lesson,FALSE,1 M3 Lesson 17: Add a two-digit number and a one-digit number.,Connecticut grade 1 Alignment Guide.docx
ccss,1,standard,1.NBT.B.2.c,"The numbers 10, 20, 30, 40, 50, 60, 70, 80, 90 refer to one, two, three, four, five, six, seven, eight, or nine tens (and 0 ones).",G1-M3-L18,Subtract a one-digit number from a two-digit number.,lesson,FALSE,1 M3 Lesson 18: Subtract a one-digit number from a two-digit number.,Connecticut grade 1 Alignment Guide.docx
ccss,1,standard,1.NBT.B.2.c,"The numbers 10, 20, 30, 40, 50, 60, 70, 80, 90 refer to one, two, three, four, five, six, seven, eight, or nine tens (and 0 ones).",G1-M3-L19,Solve take from with change unknown problems with totals in the teens.,lesson,FALSE,1 M3 Lesson 19: Solve take from with change unknown problems with totals in the teens.,Connecticut grade 1 Alignment Guide.docx
ccss,1,standard,1.NBT.B.2.c,"The numbers 10, 20, 30, 40, 50, 60, 70, 80, 90 refer to one, two, three, four, five, six, seven, eight, or nine tens (and 0 ones).",G1-M5-L4,Represent a number in multiple ways by trading 10 ones for a ten.,lesson,FALSE,1 M5 Lesson 4: Represent a number in multiple ways by trading 10 ones for a ten.,Connecticut grade 1 Alignment Guide.docx
ccss,1,standard,1.NBT.B.2.c,"The numbers 10, 20, 30, 40, 50, 60, 70, 80, 90 refer to one, two, three, four, five, six, seven, eight, or nine tens (and 0 ones).",G1-M5-L5,Reason about equivalent representations of a number.,lesson,FALSE,1 M5 Lesson 5: Reason about equivalent representations of a number.,Connecticut grade 1 Alignment Guide.docx
ccss,1,standard,1.NBT.B.3,"Compare two two-digit numbers based on meanings of the tens and ones digits, recording the results of comparisons with the symbols >, =, and <.",G1-M1-L2,Organize and represent data to compare two categories.,lesson,FALSE,1 M1 Lesson 2: Organize and represent data to compare two categories.,Connecticut grade 1 Alignment Guide.docx
ccss,1,standard,1.NBT.B.3,"Compare two two-digit numbers based on meanings of the tens and ones digits, recording the results of comparisons with the symbols >, =, and <.",G1-M1-L3,Sort to represent and compare data with three categories.,lesson,FALSE,1 M1 Lesson 3: Sort to represent and compare data with three categories.,Connecticut grade 1 Alignment Guide.docx
ccss,1,standard,1.NBT.B.3,"Compare two two-digit numbers based on meanings of the tens and ones digits, recording the results of comparisons with the symbols >, =, and <.",G1-M1-L4,Find the total number of data points and compare categories in a picture graph.,lesson,FALSE,1 M1 Lesson 4: Find the total number of data points and compare categories in a picture graph.,Connecticut grade 1 Alignment Guide.docx
ccss,1,standard,1.NBT.B.3,"Compare two two-digit numbers based on meanings of the tens and ones digits, recording the results of comparisons with the symbols >, =, and <.",G1-M1-L6,Use tally marks to represent and compare data.,lesson,FALSE,1 M1 Lesson 6: Use tally marks to represent and compare data.,Connecticut grade 1 Alignment Guide.docx
ccss,1,standard,1.NBT.B.3,"Compare two two-digit numbers based on meanings of the tens and ones digits, recording the results of comparisons with the symbols >, =, and <.",G1-M4-L5,Measure and compare lengths.,lesson,FALSE,1 M4 Lesson 5: Measure and compare lengths.,Connecticut grade 1 Alignment Guide.docx
ccss,1,cluster,1.NBT.C,Use place value understanding and properties of operations to add and subtract.,,,,,,Connecticut grade 1 Alignment Guide.docx
ccss,1,standard,1.NBT.C.5,"Given a two-digit number, mentally find 10 more or 10 less than the number, without having to count; explain the reasoning used.",G1-M5-L6,Add 10 or take 10 from a two-digit number.,lesson,FALSE,1 M5 Lesson 6: Add 10 or take 10 from a two-digit number.,Connecticut grade 1 Alignment Guide.docx
ccss,1,standard,1.NBT.C.6,"Subtract multiples of 10 in the range 10–90 from multiples of 10 in the range 10–90 (positive or zero differences), using concrete models or drawings and strategies based on place value, properties of operations, and/or the relationship between addition and subtraction; relate the strategy to a written method and explain the reasoning used.",G1-M5-L15,Count on and back by tens to add and subtract.,lesson,FALSE,1 M5 Lesson 15: Count on and back by tens to add and subtract.,Connecticut grade 1 Alignment Guide.docx
ccss,1,standard,1.NBT.C.6,"Subtract multiples of 10 in the range 10–90 from multiples of 10 in the range 10–90 (positive or zero differences), using concrete models or drawings and strategies based on place value, properties of operations, and/or the relationship between addition and subtraction; relate the strategy to a written method and explain the reasoning used.",G1-M5-L16,Use related single-digit facts to add and subtract multiples of ten.,lesson,FALSE,1 M5 Lesson 16: Use related single-digit facts to add and subtract multiples of ten.,Connecticut grade 1 Alignment Guide.docx
ccss,1,standard,1.NBT.C.6,"Subtract multiples of 10 in the range 10–90 from multiples of 10 in the range 10–90 (positive or zero differences), using concrete models or drawings and strategies based on place value, properties of operations, and/or the relationship between addition and subtraction; relate the strategy to a written method and explain the reasoning used.",G1-M5-L17,Use tens to find an unknown part.,lesson,FALSE,1 M5 Lesson 17: Use tens to find an unknown part.,Connecticut grade 1 Alignment Guide.docx
ccss,1,standard,1.NBT.C.6,"Subtract multiples of 10 in the range 10–90 from multiples of 10 in the range 10–90 (positive or zero differences), using concrete models or drawings and strategies based on place value, properties of operations, and/or the relationship between addition and subtraction; relate the strategy to a written method and explain the reasoning used.",G1-M5-L18,Determine if number sentences involving addition and subtraction are true or false.,lesson,FALSE,1 M5 Lesson 18: Determine if number sentences involving addition and subtraction are true or false.,Connecticut grade 1 Alignment Guide.docx
ccss,1,domain,1.OA,Operations and Algebraic Thinking,,,,,,Connecticut grade 1 Alignment Guide.docx
ccss,1,domain,1.OA,Operations and Algebraic Thinking,,,,,,Connecticut grade 1 Alignment Guide.docx
ccss,1,domain,1.OA,Operations and Algebraic Thinking,,,,,,Connecticut grade 1 Alignment Guide.docx
ccss,1,domain,1.OA,Operations and Algebraic Thinking,,,,,,Connecticut grade 1 Alignment Guide.docx
ccss,1,cluster,1.OA.A,Represent and solve problems involving addition and subtraction.,,,,,,Connecticut grade 1 Alignment Guide.docx
ccss,1,standard,1.OA.A.1,"Use addition and subtraction within 20 to solve word problems involving situations of adding to, taking from, putting together, taking apart, and comparing, with unknowns in all positions, e.g., by using objects, drawings, and equations with a symbol for the unknown number to represent the problem.",G1-M2-L1,Represent result unknown problems and record as addition or subtraction number sentences.,lesson,FALSE,1 M2 Lesson 1: Represent result unknown problems and record as addition or subtraction number sentences.,Connecticut grade 1 Alignment Guide.docx
ccss,1,standard,1.OA.A.1,"Use addition and subtraction within 20 to solve word problems involving situations of adding to, taking from, putting together, taking apart, and comparing, with unknowns in all positions, e.g., by using objects, drawings, and equations with a symbol for the unknown number to represent the problem.",G1-M2-L11,Represent and solve take from with change unknown problems.,lesson,FALSE,1 M2 Lesson 11: Represent and solve take from with change unknown problems.,Connecticut grade 1 Alignment Guide.docx
ccss,1,standard,1.OA.A.1,"Use addition and subtraction within 20 to solve word problems involving situations of adding to, taking from, putting together, taking apart, and comparing, with unknowns in all positions, e.g., by using objects, drawings, and equations with a symbol for the unknown number to represent the problem.",G1-M2-L13,Represent and solve add to and take from with change unknown problems.,lesson,FALSE,1 M2 Lesson 13: Represent and solve add to and take from with change unknown problems.,Connecticut grade 1 Alignment Guide.docx
ccss,1,standard,1.OA.A.1,"Use addition and subtraction within 20 to solve word problems involving situations of adding to, taking from, putting together, taking apart, and comparing, with unknowns in all positions, e.g., by using objects, drawings, and equations with a symbol for the unknown number to represent the problem.",G1-M2-L14,Represent and solve put together/take apart with addend unknown problems.,lesson,FALSE,1 M2 Lesson 14: Represent and solve put together/take apart with addend unknown problems.,Connecticut grade 1 Alignment Guide.docx
ccss,1,standard,1.OA.A.1,"Use addition and subtraction within 20 to solve word problems involving situations of adding to, taking from, putting together, taking apart, and comparing, with unknowns in all positions, e.g., by using objects, drawings, and equations with a symbol for the unknown number to represent the problem.",G1-M2-L21,"Represent and solve compare with difference unknown problems, part 1.",lesson,FALSE,"1 M2 Lesson 21: Represent and solve compare with difference unknown problems, part 1.",Connecticut grade 1 Alignment Guide.docx
ccss,1,standard,1.OA.A.1,"Use addition and subtraction within 20 to solve word problems involving situations of adding to, taking from, putting together, taking apart, and comparing, with unknowns in all positions, e.g., by using objects, drawings, and equations with a symbol for the unknown number to represent the problem.",G1-M2-L22,"Represent and solve compare with difference unknown problems, part 2.",lesson,FALSE,"1 M2 Lesson 22: Represent and solve compare with difference unknown problems, part 2.",Connecticut grade 1 Alignment Guide.docx
ccss,1,standard,1.OA.A.1,"Use addition and subtraction within 20 to solve word problems involving situations of adding to, taking from, putting together, taking apart, and comparing, with unknowns in all positions, e.g., by using objects, drawings, and equations with a symbol for the unknown number to represent the problem.",G1-M2-L8,Interpret and find an unknown change.,lesson,FALSE,1 M2 Lesson 8: Interpret and find an unknown change.,Connecticut grade 1 Alignment Guide.docx
ccss,1,standard,1.OA.A.1,"Use addition and subtraction within 20 to solve word problems involving situations of adding to, taking from, putting together, taking apart, and comparing, with unknowns in all positions, e.g., by using objects, drawings, and equations with a symbol for the unknown number to represent the problem.",G1-M2-L9,Represent and solve add to with change unknown problems.,lesson,FALSE,1 M2 Lesson 9: Represent and solve add to with change unknown problems.,Connecticut grade 1 Alignment Guide.docx
ccss,1,standard,1.OA.A.1,"Use addition and subtraction within 20 to solve word problems involving situations of adding to, taking from, putting together, taking apart, and comparing, with unknowns in all positions, e.g., by using objects, drawings, and equations with a symbol for the unknown number to represent the problem.",G1-M3-L11,"Represent and compare related situation equations, part 1.",lesson,FALSE,"1 M3 Lesson 11: Represent and compare related situation equations, part 1.",Connecticut grade 1 Alignment Guide.docx
ccss,1,standard,1.OA.A.1,"Use addition and subtraction within 20 to solve word problems involving situations of adding to, taking from, putting together, taking apart, and comparing, with unknowns in all positions, e.g., by using objects, drawings, and equations with a symbol for the unknown number to represent the problem.",G1-M3-L12,"Represent and compare related situation equations, part 2.",lesson,FALSE,"1 M3 Lesson 12: Represent and compare related situation equations, part 2.",Connecticut grade 1 Alignment Guide.docx
ccss,1,standard,1.OA.A.1,"Use addition and subtraction within 20 to solve word problems involving situations of adding to, taking from, putting together, taking apart, and comparing, with unknowns in all positions, e.g., by using objects, drawings, and equations with a symbol for the unknown number to represent the problem.",G1-M3-L19,Solve take from with change unknown problems with totals in the teens.,lesson,FALSE,1 M3 Lesson 19: Solve take from with change unknown problems with totals in the teens.,Connecticut grade 1 Alignment Guide.docx
ccss,1,standard,1.OA.A.1,"Use addition and subtraction within 20 to solve word problems involving situations of adding to, taking from, putting together, taking apart, and comparing, with unknowns in all positions, e.g., by using objects, drawings, and equations with a symbol for the unknown number to represent the problem.",G1-M3-L26,Pose and solve varied word problems.,lesson,FALSE,1 M3 Lesson 26: Pose and solve varied word problems.,Connecticut grade 1 Alignment Guide.docx
ccss,1,standard,1.OA.A.1,"Use addition and subtraction within 20 to solve word problems involving situations of adding to, taking from, putting together, taking apart, and comparing, with unknowns in all positions, e.g., by using objects, drawings, and equations with a symbol for the unknown number to represent the problem.",G1-M4-L10,Compare to find how much longer.,lesson,FALSE,1 M4 Lesson 10: Compare to find how much longer.,Connecticut grade 1 Alignment Guide.docx
ccss,1,standard,1.OA.A.1,"Use addition and subtraction within 20 to solve word problems involving situations of adding to, taking from, putting together, taking apart, and comparing, with unknowns in all positions, e.g., by using objects, drawings, and equations with a symbol for the unknown number to represent the problem.",G1-M4-L11,Compare to find how much shorter.,lesson,FALSE,1 M4 Lesson 11: Compare to find how much shorter.,Connecticut grade 1 Alignment Guide.docx
ccss,1,standard,1.OA.A.1,"Use addition and subtraction within 20 to solve word problems involving situations of adding to, taking from, putting together, taking apart, and comparing, with unknowns in all positions, e.g., by using objects, drawings, and equations with a symbol for the unknown number to represent the problem.",G1-M4-L12,Find the unknown longer length.,lesson,FALSE,1 M4 Lesson 12: Find the unknown longer length.,Connecticut grade 1 Alignment Guide.docx
ccss,1,standard,1.OA.A.1,"Use addition and subtraction within 20 to solve word problems involving situations of adding to, taking from, putting together, taking apart, and comparing, with unknowns in all positions, e.g., by using objects, drawings, and equations with a symbol for the unknown number to represent the problem.",G1-M4-L13,Find the unknown shorter length.,lesson,FALSE,1 M4 Lesson 13: Find the unknown shorter length.,Connecticut grade 1 Alignment Guide.docx
ccss,1,standard,1.OA.A.2,"Solve word problems that call for addition of three whole numbers whose sum is less than or equal to 20, e.g., by using objects, drawings, and equations with a symbol for the unknown number to represent the problem.",G1-M3-L11,"Represent and compare related situation equations, part 1.",lesson,FALSE,"1 M3 Lesson 11: Represent and compare related situation equations, part 1.",Connecticut grade 1 Alignment Guide.docx
ccss,1,standard,1.OA.A.2,"Solve word problems that call for addition of three whole numbers whose sum is less than or equal to 20, e.g., by using objects, drawings, and equations with a symbol for the unknown number to represent the problem.",G1-M3-L12,"Represent and compare related situation equations, part 2.",lesson,FALSE,"1 M3 Lesson 12: Represent and compare related situation equations, part 2.",Connecticut grade 1 Alignment Guide.docx
ccss,1,standard,1.OA.A.2,"Solve word problems that call for addition of three whole numbers whose sum is less than or equal to 20, e.g., by using objects, drawings, and equations with a symbol for the unknown number to represent the problem.",G1-M3-L2,Make ten with three addends.,lesson,FALSE,1 M3 Lesson 2: Make ten with three addends.,Connecticut grade 1 Alignment Guide.docx
ccss,1,standard,1.OA.A.2,"Solve word problems that call for addition of three whole numbers whose sum is less than or equal to 20, e.g., by using objects, drawings, and equations with a symbol for the unknown number to represent the problem.",G1-M3-L26,Pose and solve varied word problems.,lesson,FALSE,1 M3 Lesson 26: Pose and solve varied word problems.,Connecticut grade 1 Alignment Guide.docx
ccss,1,standard,1.OA.A.2,"Solve word problems that call for addition of three whole numbers whose sum is less than or equal to 20, e.g., by using objects, drawings, and equations with a symbol for the unknown number to represent the problem.",G1-M3-L3,Represent and solve three-addend word problems.,lesson,FALSE,1 M3 Lesson 3: Represent and solve three-addend word problems.,Connecticut grade 1 Alignment Guide.docx
ccss,1,cluster,1.OA.B,Understand and apply properties of operations and the relationship between addition and subtraction,,,,,,Connecticut grade 1 Alignment Guide.docx
ccss,1,standard,1.OA.B.3,Apply properties of operations as strategies to add and subtract.,G1-M1-L15,Use the commutative property to count on from the larger addend.,lesson,FALSE,1 M1 Lesson 15: Use the commutative property to count on from the larger addend.,Connecticut grade 1 Alignment Guide.docx
ccss,1,standard,1.OA.B.3,Apply properties of operations as strategies to add and subtract.,G1-M1-L16,Use the commutative property to find larger totals.,lesson,FALSE,1 M1 Lesson 16: Use the commutative property to find larger totals.,Connecticut grade 1 Alignment Guide.docx
ccss,1,standard,1.OA.B.3,Apply properties of operations as strategies to add and subtract.,G1-M1-L9,Count on from both parts and record part–total relationships.,lesson,FALSE,1 M1 Lesson 9: Count on from both parts and record part–total relationships.,Connecticut grade 1 Alignment Guide.docx
ccss,1,standard,1.OA.B.3,Apply properties of operations as strategies to add and subtract.,G1-M3-L26,Pose and solve varied word problems.,lesson,FALSE,1 M3 Lesson 26: Pose and solve varied word problems.,Connecticut grade 1 Alignment Guide.docx
ccss,1,standard,1.OA.B.4,Understand subtraction as an unknown-addend problem.,G1-M2-L17,Use related addition facts to subtract from 10.,lesson,FALSE,1 M2 Lesson 17: Use related addition facts to subtract from 10.,Connecticut grade 1 Alignment Guide.docx
ccss,1,standard,1.OA.B.4,Understand subtraction as an unknown-addend problem.,G1-M2-L18,Use related addition facts to subtract.,lesson,FALSE,1 M2 Lesson 18: Use related addition facts to subtract.,Connecticut grade 1 Alignment Guide.docx
ccss,1,standard,1.OA.B.4,Understand subtraction as an unknown-addend problem.,G1-M2-L19,Determine the value of the unknown in various positions.,lesson,FALSE,1 M2 Lesson 19: Determine the value of the unknown in various positions.,Connecticut grade 1 Alignment Guide.docx
ccss,1,cluster,1.OA.C,Add and subtract within 20.,,,,,,Connecticut grade 1 Alignment Guide.docx
ccss,1,standard,1.OA.C.5,"Relate counting to addition and subtraction (e.g., by counting on 2 to add 2).",G1-M1-L13,Count on from an addend in add to with result unknown situations.,lesson,FALSE,1 M1 Lesson 13: Count on from an addend in add to with result unknown situations.,Connecticut grade 1 Alignment Guide.docx
ccss,1,standard,1.OA.C.5,"Relate counting to addition and subtraction (e.g., by counting on 2 to add 2).",G1-M1-L14,Count on to find the total of an addition expression.,lesson,FALSE,1 M1 Lesson 14: Count on to find the total of an addition expression.,Connecticut grade 1 Alignment Guide.docx
ccss,1,standard,1.OA.C.5,"Relate counting to addition and subtraction (e.g., by counting on 2 to add 2).",G1-M1-L17,Add 0 and 1 to any number.,lesson,FALSE,1 M1 Lesson 17: Add 0 and 1 to any number.,Connecticut grade 1 Alignment Guide.docx
ccss,1,standard,1.OA.C.5,"Relate counting to addition and subtraction (e.g., by counting on 2 to add 2).",G1-M1-L23,Find the totals of doubles +1 facts.,lesson,FALSE,1 M1 Lesson 23: Find the totals of doubles +1 facts.,Connecticut grade 1 Alignment Guide.docx
ccss,1,standard,1.OA.C.5,"Relate counting to addition and subtraction (e.g., by counting on 2 to add 2).",G1-M1-L24,Use known facts to make easier problems.,lesson,FALSE,1 M1 Lesson 24: Use known facts to make easier problems.,Connecticut grade 1 Alignment Guide.docx
ccss,1,standard,1.OA.C.5,"Relate counting to addition and subtraction (e.g., by counting on 2 to add 2).",G1-M2-L16,Compare the efficiency of counting on and counting back to subtract.,lesson,FALSE,1 M2 Lesson 16: Compare the efficiency of counting on and counting back to subtract.,Connecticut grade 1 Alignment Guide.docx
ccss,1,standard,1.OA.C.5,"Relate counting to addition and subtraction (e.g., by counting on 2 to add 2).",G1-M2-L2,Subtract all or subtract 0.,lesson,FALSE,1 M2 Lesson 2: Subtract all or subtract 0.,Connecticut grade 1 Alignment Guide.docx
ccss,1,standard,1.OA.C.5,"Relate counting to addition and subtraction (e.g., by counting on 2 to add 2).",G1-M2-L3,Subtract 1 or subtract 1 less than the total.,lesson,FALSE,1 M2 Lesson 3: Subtract 1 or subtract 1 less than the total.,Connecticut grade 1 Alignment Guide.docx
ccss,1,standard,1.OA.C.5,"Relate counting to addition and subtraction (e.g., by counting on 2 to add 2).",G1-M2-L4,"Use fingers to subtract 4, 5, and 6 efficiently.",lesson,FALSE,"1 M2 Lesson 4: Use fingers to subtract 4, 5, and 6 efficiently.",Connecticut grade 1 Alignment Guide.docx
ccss,1,standard,1.OA.C.5,"Relate counting to addition and subtraction (e.g., by counting on 2 to add 2).",G1-M2-L7,Count on or count back to solve related addition and subtraction problems.,lesson,FALSE,1 M2 Lesson 7: Count on or count back to solve related addition and subtraction problems.,Connecticut grade 1 Alignment Guide.docx
ccss,1,standard,1.OA.C.6,"Add and subtract within 20, demonstrating fluency for addition and subtraction within 10. Use strategies such as counting on; making ten (e.g., 8 + 6 = 8 + 2 + 4 = 10 + 4 = 14); decomposing a number leading to a ten (e.g., 13 – 4 = 13 – 3 – 1 = 10 – 1 = 9); using the relationship between addition and subtraction (e.g., knowing that 8 + 4 = 12, one knows 12 – 8 = 4); and creating equivalent but easier or known sums (e.g., adding 6 + 7 by creating the known equivalent 6 + 6 + 1 = 12 + 1 = 13).",G1-M1-L14,Count on to find the total of an addition expression.,lesson,FALSE,1 M1 Lesson 14: Count on to find the total of an addition expression.,Connecticut grade 1 Alignment Guide.docx
ccss,1,standard,1.OA.C.6,"Add and subtract within 20, demonstrating fluency for addition and subtraction within 10. Use strategies such as counting on; making ten (e.g., 8 + 6 = 8 + 2 + 4 = 10 + 4 = 14); decomposing a number leading to a ten (e.g., 13 – 4 = 13 – 3 – 1 = 10 – 1 = 9); using the relationship between addition and subtraction (e.g., knowing that 8 + 4 = 12, one knows 12 – 8 = 4); and creating equivalent but easier or known sums (e.g., adding 6 + 7 by creating the known equivalent 6 + 6 + 1 = 12 + 1 = 13).",G1-M1-L17,Add 0 and 1 to any number.,lesson,FALSE,1 M1 Lesson 17: Add 0 and 1 to any number.,Connecticut grade 1 Alignment Guide.docx
ccss,1,standard,1.OA.C.6,"Add and subtract within 20, demonstrating fluency for addition and subtraction within 10. Use strategies such as counting on; making ten (e.g., 8 + 6 = 8 + 2 + 4 = 10 + 4 = 14); decomposing a number leading to a ten (e.g., 13 – 4 = 13 – 3 – 1 = 10 – 1 = 9); using the relationship between addition and subtraction (e.g., knowing that 8 + 4 = 12, one knows 12 – 8 = 4); and creating equivalent but easier or known sums (e.g., adding 6 + 7 by creating the known equivalent 6 + 6 + 1 = 12 + 1 = 13).",G1-M1-L20,Find all two-part expressions equal to 6.,lesson,FALSE,1 M1 Lesson 20: Find all two-part expressions equal to 6.,Connecticut grade 1 Alignment Guide.docx
ccss,1,standard,1.OA.C.6,"Add and subtract within 20, demonstrating fluency for addition and subtraction within 10. Use strategies such as counting on; making ten (e.g., 8 + 6 = 8 + 2 + 4 = 10 + 4 = 14); decomposing a number leading to a ten (e.g., 13 – 4 = 13 – 3 – 1 = 10 – 1 = 9); using the relationship between addition and subtraction (e.g., knowing that 8 + 4 = 12, one knows 12 – 8 = 4); and creating equivalent but easier or known sums (e.g., adding 6 + 7 by creating the known equivalent 6 + 6 + 1 = 12 + 1 = 13).",G1-M1-L21,Find all two-part expressions equal to 7 and 8.,lesson,FALSE,1 M1 Lesson 21: Find all two-part expressions equal to 7 and 8.,Connecticut grade 1 Alignment Guide.docx
ccss,1,standard,1.OA.C.6,"Add and subtract within 20, demonstrating fluency for addition and subtraction within 10. Use strategies such as counting on; making ten (e.g., 8 + 6 = 8 + 2 + 4 = 10 + 4 = 14); decomposing a number leading to a ten (e.g., 13 – 4 = 13 – 3 – 1 = 10 – 1 = 9); using the relationship between addition and subtraction (e.g., knowing that 8 + 4 = 12, one knows 12 – 8 = 4); and creating equivalent but easier or known sums (e.g., adding 6 + 7 by creating the known equivalent 6 + 6 + 1 = 12 + 1 = 13).",G1-M1-L22,Find all two-part expressions equal to 9 and 10.,lesson,FALSE,1 M1 Lesson 22: Find all two-part expressions equal to 9 and 10.,Connecticut grade 1 Alignment Guide.docx
ccss,1,standard,1.OA.C.6,"Add and subtract within 20, demonstrating fluency for addition and subtraction within 10. Use strategies such as counting on; making ten (e.g., 8 + 6 = 8 + 2 + 4 = 10 + 4 = 14); decomposing a number leading to a ten (e.g., 13 – 4 = 13 – 3 – 1 = 10 – 1 = 9); using the relationship between addition and subtraction (e.g., knowing that 8 + 4 = 12, one knows 12 – 8 = 4); and creating equivalent but easier or known sums (e.g., adding 6 + 7 by creating the known equivalent 6 + 6 + 1 = 12 + 1 = 13).",G1-M1-L23,Find the totals of doubles +1 facts.,lesson,FALSE,1 M1 Lesson 23: Find the totals of doubles +1 facts.,Connecticut grade 1 Alignment Guide.docx
ccss,1,standard,1.OA.C.6,"Add and subtract within 20, demonstrating fluency for addition and subtraction within 10. Use strategies such as counting on; making ten (e.g., 8 + 6 = 8 + 2 + 4 = 10 + 4 = 14); decomposing a number leading to a ten (e.g., 13 – 4 = 13 – 3 – 1 = 10 – 1 = 9); using the relationship between addition and subtraction (e.g., knowing that 8 + 4 = 12, one knows 12 – 8 = 4); and creating equivalent but easier or known sums (e.g., adding 6 + 7 by creating the known equivalent 6 + 6 + 1 = 12 + 1 = 13).",G1-M1-L24,Use known facts to make easier problems.,lesson,FALSE,1 M1 Lesson 24: Use known facts to make easier problems.,Connecticut grade 1 Alignment Guide.docx
ccss,1,standard,1.OA.C.6,"Add and subtract within 20, demonstrating fluency for addition and subtraction within 10. Use strategies such as counting on; making ten (e.g., 8 + 6 = 8 + 2 + 4 = 10 + 4 = 14); decomposing a number leading to a ten (e.g., 13 – 4 = 13 – 3 – 1 = 10 – 1 = 9); using the relationship between addition and subtraction (e.g., knowing that 8 + 4 = 12, one knows 12 – 8 = 4); and creating equivalent but easier or known sums (e.g., adding 6 + 7 by creating the known equivalent 6 + 6 + 1 = 12 + 1 = 13).",G1-M2-L16,Compare the efficiency of counting on and counting back to subtract.,lesson,FALSE,1 M2 Lesson 16: Compare the efficiency of counting on and counting back to subtract.,Connecticut grade 1 Alignment Guide.docx
ccss,1,standard,1.OA.C.6,"Add and subtract within 20, demonstrating fluency for addition and subtraction within 10. Use strategies such as counting on; making ten (e.g., 8 + 6 = 8 + 2 + 4 = 10 + 4 = 14); decomposing a number leading to a ten (e.g., 13 – 4 = 13 – 3 – 1 = 10 – 1 = 9); using the relationship between addition and subtraction (e.g., knowing that 8 + 4 = 12, one knows 12 – 8 = 4); and creating equivalent but easier or known sums (e.g., adding 6 + 7 by creating the known equivalent 6 + 6 + 1 = 12 + 1 = 13).",G1-M2-L2,Subtract all or subtract 0.,lesson,FALSE,1 M2 Lesson 2: Subtract all or subtract 0.,Connecticut grade 1 Alignment Guide.docx
ccss,1,standard,1.OA.C.6,"Add and subtract within 20, demonstrating fluency for addition and subtraction within 10. Use strategies such as counting on; making ten (e.g., 8 + 6 = 8 + 2 + 4 = 10 + 4 = 14); decomposing a number leading to a ten (e.g., 13 – 4 = 13 – 3 – 1 = 10 – 1 = 9); using the relationship between addition and subtraction (e.g., knowing that 8 + 4 = 12, one knows 12 – 8 = 4); and creating equivalent but easier or known sums (e.g., adding 6 + 7 by creating the known equivalent 6 + 6 + 1 = 12 + 1 = 13).",G1-M2-L3,Subtract 1 or subtract 1 less than the total.,lesson,FALSE,1 M2 Lesson 3: Subtract 1 or subtract 1 less than the total.,Connecticut grade 1 Alignment Guide.docx
ccss,1,standard,1.OA.C.6,"Add and subtract within 20, demonstrating fluency for addition and subtraction within 10. Use strategies such as counting on; making ten (e.g., 8 + 6 = 8 + 2 + 4 = 10 + 4 = 14); decomposing a number leading to a ten (e.g., 13 – 4 = 13 – 3 – 1 = 10 – 1 = 9); using the relationship between addition and subtraction (e.g., knowing that 8 + 4 = 12, one knows 12 – 8 = 4); and creating equivalent but easier or known sums (e.g., adding 6 + 7 by creating the known equivalent 6 + 6 + 1 = 12 + 1 = 13).",G1-M2-L4,"Use fingers to subtract 4, 5, and 6 efficiently.",lesson,FALSE,"1 M2 Lesson 4: Use fingers to subtract 4, 5, and 6 efficiently.",Connecticut grade 1 Alignment Guide.docx
ccss,1,standard,1.OA.C.6,"Add and subtract within 20, demonstrating fluency for addition and subtraction within 10. Use strategies such as counting on; making ten (e.g., 8 + 6 = 8 + 2 + 4 = 10 + 4 = 14); decomposing a number leading to a ten (e.g., 13 – 4 = 13 – 3 – 1 = 10 – 1 = 9); using the relationship between addition and subtraction (e.g., knowing that 8 + 4 = 12, one knows 12 – 8 = 4); and creating equivalent but easier or known sums (e.g., adding 6 + 7 by creating the known equivalent 6 + 6 + 1 = 12 + 1 = 13).",G1-M2-L7,Count on or count back to solve related addition and subtraction problems.,lesson,FALSE,1 M2 Lesson 7: Count on or count back to solve related addition and subtraction problems.,Connecticut grade 1 Alignment Guide.docx
ccss,1,standard,1.OA.C.6,"Add and subtract within 20, demonstrating fluency for addition and subtraction within 10. Use strategies such as counting on; making ten (e.g., 8 + 6 = 8 + 2 + 4 = 10 + 4 = 14); decomposing a number leading to a ten (e.g., 13 – 4 = 13 – 3 – 1 = 10 – 1 = 9); using the relationship between addition and subtraction (e.g., knowing that 8 + 4 = 12, one knows 12 – 8 = 4); and creating equivalent but easier or known sums (e.g., adding 6 + 7 by creating the known equivalent 6 + 6 + 1 = 12 + 1 = 13).",G1-M3-L1,Group to make ten when there are three parts.,lesson,FALSE,1 M3 Lesson 1: Group to make ten when there are three parts.,Connecticut grade 1 Alignment Guide.docx
ccss,1,standard,1.OA.C.6,"Add and subtract within 20, demonstrating fluency for addition and subtraction within 10. Use strategies such as counting on; making ten (e.g., 8 + 6 = 8 + 2 + 4 = 10 + 4 = 14); decomposing a number leading to a ten (e.g., 13 – 4 = 13 – 3 – 1 = 10 – 1 = 9); using the relationship between addition and subtraction (e.g., knowing that 8 + 4 = 12, one knows 12 – 8 = 4); and creating equivalent but easier or known sums (e.g., adding 6 + 7 by creating the known equivalent 6 + 6 + 1 = 12 + 1 = 13).",G1-M3-L13,Count on to make ten within 20.,lesson,FALSE,1 M3 Lesson 13: Count on to make ten within 20.,Connecticut grade 1 Alignment Guide.docx
ccss,1,standard,1.OA.C.6,"Add and subtract within 20, demonstrating fluency for addition and subtraction within 10. Use strategies such as counting on; making ten (e.g., 8 + 6 = 8 + 2 + 4 = 10 + 4 = 14); decomposing a number leading to a ten (e.g., 13 – 4 = 13 – 3 – 1 = 10 – 1 = 9); using the relationship between addition and subtraction (e.g., knowing that 8 + 4 = 12, one knows 12 – 8 = 4); and creating equivalent but easier or known sums (e.g., adding 6 + 7 by creating the known equivalent 6 + 6 + 1 = 12 + 1 = 13).",G1-M3-L14,Count on to make the next ten within 100.,lesson,FALSE,1 M3 Lesson 14: Count on to make the next ten within 100.,Connecticut grade 1 Alignment Guide.docx
ccss,1,standard,1.OA.C.6,"Add and subtract within 20, demonstrating fluency for addition and subtraction within 10. Use strategies such as counting on; making ten (e.g., 8 + 6 = 8 + 2 + 4 = 10 + 4 = 14); decomposing a number leading to a ten (e.g., 13 – 4 = 13 – 3 – 1 = 10 – 1 = 9); using the relationship between addition and subtraction (e.g., knowing that 8 + 4 = 12, one knows 12 – 8 = 4); and creating equivalent but easier or known sums (e.g., adding 6 + 7 by creating the known equivalent 6 + 6 + 1 = 12 + 1 = 13).",G1-M3-L17,Add a two-digit number and a one-digit number.,lesson,FALSE,1 M3 Lesson 17: Add a two-digit number and a one-digit number.,Connecticut grade 1 Alignment Guide.docx
ccss,1,standard,1.OA.C.6,"Add and subtract within 20, demonstrating fluency for addition and subtraction within 10. Use strategies such as counting on; making ten (e.g., 8 + 6 = 8 + 2 + 4 = 10 + 4 = 14); decomposing a number leading to a ten (e.g., 13 – 4 = 13 – 3 – 1 = 10 – 1 = 9); using the relationship between addition and subtraction (e.g., knowing that 8 + 4 = 12, one knows 12 – 8 = 4); and creating equivalent but easier or known sums (e.g., adding 6 + 7 by creating the known equivalent 6 + 6 + 1 = 12 + 1 = 13).",G1-M3-L18,Subtract a one-digit number from a two-digit number.,lesson,FALSE,1 M3 Lesson 18: Subtract a one-digit number from a two-digit number.,Connecticut grade 1 Alignment Guide.docx
ccss,1,standard,1.OA.C.6,"Add and subtract within 20, demonstrating fluency for addition and subtraction within 10. Use strategies such as counting on; making ten (e.g., 8 + 6 = 8 + 2 + 4 = 10 + 4 = 14); decomposing a number leading to a ten (e.g., 13 – 4 = 13 – 3 – 1 = 10 – 1 = 9); using the relationship between addition and subtraction (e.g., knowing that 8 + 4 = 12, one knows 12 – 8 = 4); and creating equivalent but easier or known sums (e.g., adding 6 + 7 by creating the known equivalent 6 + 6 + 1 = 12 + 1 = 13).",G1-M3-L20,Use strategies to subtract from a teen number.,lesson,FALSE,1 M3 Lesson 20: Use strategies to subtract from a teen number.,Connecticut grade 1 Alignment Guide.docx
ccss,1,standard,1.OA.C.6,"Add and subtract within 20, demonstrating fluency for addition and subtraction within 10. Use strategies such as counting on; making ten (e.g., 8 + 6 = 8 + 2 + 4 = 10 + 4 = 14); decomposing a number leading to a ten (e.g., 13 – 4 = 13 – 3 – 1 = 10 – 1 = 9); using the relationship between addition and subtraction (e.g., knowing that 8 + 4 = 12, one knows 12 – 8 = 4); and creating equivalent but easier or known sums (e.g., adding 6 + 7 by creating the known equivalent 6 + 6 + 1 = 12 + 1 = 13).",G1-M3-L21,"Take from ten to subtract from a teen number, part 1.",lesson,FALSE,"1 M3 Lesson 21: Take from ten to subtract from a teen number, part 1.",Connecticut grade 1 Alignment Guide.docx
ccss,1,standard,1.OA.C.6,"Add and subtract within 20, demonstrating fluency for addition and subtraction within 10. Use strategies such as counting on; making ten (e.g., 8 + 6 = 8 + 2 + 4 = 10 + 4 = 14); decomposing a number leading to a ten (e.g., 13 – 4 = 13 – 3 – 1 = 10 – 1 = 9); using the relationship between addition and subtraction (e.g., knowing that 8 + 4 = 12, one knows 12 – 8 = 4); and creating equivalent but easier or known sums (e.g., adding 6 + 7 by creating the known equivalent 6 + 6 + 1 = 12 + 1 = 13).",G1-M3-L22,"Take from ten to subtract from a teen number, part 2.",lesson,FALSE,"1 M3 Lesson 22: Take from ten to subtract from a teen number, part 2.",Connecticut grade 1 Alignment Guide.docx
ccss,1,standard,1.OA.C.6,"Add and subtract within 20, demonstrating fluency for addition and subtraction within 10. Use strategies such as counting on; making ten (e.g., 8 + 6 = 8 + 2 + 4 = 10 + 4 = 14); decomposing a number leading to a ten (e.g., 13 – 4 = 13 – 3 – 1 = 10 – 1 = 9); using the relationship between addition and subtraction (e.g., knowing that 8 + 4 = 12, one knows 12 – 8 = 4); and creating equivalent but easier or known sums (e.g., adding 6 + 7 by creating the known equivalent 6 + 6 + 1 = 12 + 1 = 13).",G1-M3-L23,Subtract by counting on.,lesson,FALSE,1 M3 Lesson 23: Subtract by counting on.,Connecticut grade 1 Alignment Guide.docx
ccss,1,standard,1.OA.C.6,"Add and subtract within 20, demonstrating fluency for addition and subtraction within 10. Use strategies such as counting on; making ten (e.g., 8 + 6 = 8 + 2 + 4 = 10 + 4 = 14); decomposing a number leading to a ten (e.g., 13 – 4 = 13 – 3 – 1 = 10 – 1 = 9); using the relationship between addition and subtraction (e.g., knowing that 8 + 4 = 12, one knows 12 – 8 = 4); and creating equivalent but easier or known sums (e.g., adding 6 + 7 by creating the known equivalent 6 + 6 + 1 = 12 + 1 = 13).",G1-M3-L24,Decompose the subtrahend to count back.,lesson,FALSE,1 M3 Lesson 24: Decompose the subtrahend to count back.,Connecticut grade 1 Alignment Guide.docx
ccss,1,standard,1.OA.C.6,"Add and subtract within 20, demonstrating fluency for addition and subtraction within 10. Use strategies such as counting on; making ten (e.g., 8 + 6 = 8 + 2 + 4 = 10 + 4 = 14); decomposing a number leading to a ten (e.g., 13 – 4 = 13 – 3 – 1 = 10 – 1 = 9); using the relationship between addition and subtraction (e.g., knowing that 8 + 4 = 12, one knows 12 – 8 = 4); and creating equivalent but easier or known sums (e.g., adding 6 + 7 by creating the known equivalent 6 + 6 + 1 = 12 + 1 = 13).",G1-M3-L25,Choose a strategy to make an easier problem.,lesson,FALSE,1 M3 Lesson 25: Choose a strategy to make an easier problem.,Connecticut grade 1 Alignment Guide.docx
ccss,1,standard,1.OA.C.6,"Add and subtract within 20, demonstrating fluency for addition and subtraction within 10. Use strategies such as counting on; making ten (e.g., 8 + 6 = 8 + 2 + 4 = 10 + 4 = 14); decomposing a number leading to a ten (e.g., 13 – 4 = 13 – 3 – 1 = 10 – 1 = 9); using the relationship between addition and subtraction (e.g., knowing that 8 + 4 = 12, one knows 12 – 8 = 4); and creating equivalent but easier or known sums (e.g., adding 6 + 7 by creating the known equivalent 6 + 6 + 1 = 12 + 1 = 13).",G1-M3-L4,Use properties of addition to make three-addend expressions easier.,lesson,FALSE,1 M3 Lesson 4: Use properties of addition to make three-addend expressions easier.,Connecticut grade 1 Alignment Guide.docx
ccss,1,cluster,1.OA.D,Work with addition and subtraction equations.,,,,,,Connecticut grade 1 Alignment Guide.docx
ccss,1,standard,1.OA.D.7,"Understand the meaning of the equal sign, and determine if equations involving addition and subtraction are true or false.",G1-M1-L18,Determine whether number sentences are true or false.,lesson,FALSE,1 M1 Lesson 18: Determine whether number sentences are true or false.,Connecticut grade 1 Alignment Guide.docx
ccss,1,standard,1.OA.D.7,"Understand the meaning of the equal sign, and determine if equations involving addition and subtraction are true or false.",G1-M1-L19,Reason about the meaning of the equal sign.,lesson,FALSE,1 M1 Lesson 19: Reason about the meaning of the equal sign.,Connecticut grade 1 Alignment Guide.docx
ccss,1,standard,1.OA.D.7,"Understand the meaning of the equal sign, and determine if equations involving addition and subtraction are true or false.",G1-M1-L24,Use known facts to make easier problems.,lesson,FALSE,1 M1 Lesson 24: Use known facts to make easier problems.,Connecticut grade 1 Alignment Guide.docx
ccss,1,standard,1.OA.D.7,"Understand the meaning of the equal sign, and determine if equations involving addition and subtraction are true or false.",G1-M2-L20,Add or subtract to make groups equal.,lesson,FALSE,1 M2 Lesson 20: Add or subtract to make groups equal.,Connecticut grade 1 Alignment Guide.docx
ccss,1,standard,1.OA.D.7,"Understand the meaning of the equal sign, and determine if equations involving addition and subtraction are true or false.",G1-M5-L18,Determine if number sentences involving addition and subtraction are true or false.,lesson,FALSE,1 M5 Lesson 18: Determine if number sentences involving addition and subtraction are true or false.,Connecticut grade 1 Alignment Guide.docx
ccss,1,standard,1.OA.D.7,"Understand the meaning of the equal sign, and determine if equations involving addition and subtraction are true or false.",G1-M5-L22,Decompose both addends and add like units.,lesson,FALSE,1 M5 Lesson 22: Decompose both addends and add like units.,Connecticut grade 1 Alignment Guide.docx
ccss,1,standard,1.OA.D.7,"Understand the meaning of the equal sign, and determine if equations involving addition and subtraction are true or false.",G1-M5-L23,Decompose an addend and add tens first.,lesson,FALSE,1 M5 Lesson 23: Decompose an addend and add tens first.,Connecticut grade 1 Alignment Guide.docx
ccss,1,standard,1.OA.D.7,"Understand the meaning of the equal sign, and determine if equations involving addition and subtraction are true or false.",G1-M5-L24,Decompose an addend to make the next ten.,lesson,FALSE,1 M5 Lesson 24: Decompose an addend to make the next ten.,Connecticut grade 1 Alignment Guide.docx
ccss,1,standard,1.OA.D.7,"Understand the meaning of the equal sign, and determine if equations involving addition and subtraction are true or false.",G1-M5-L25,Compare equivalent expressions used to solve two-digit addition equations.,lesson,FALSE,1 M5 Lesson 25: Compare equivalent expressions used to solve two-digit addition equations.,Connecticut grade 1 Alignment Guide.docx
ccss,1,standard,1.OA.D.8,Determine the unknown whole number in an addition or subtraction equation relating three whole numbers.,G1-M2-L10,Represent and find an unknown addend in equations.,lesson,FALSE,1 M2 Lesson 10: Represent and find an unknown addend in equations.,Connecticut grade 1 Alignment Guide.docx
ccss,1,standard,1.OA.D.8,Determine the unknown whole number in an addition or subtraction equation relating three whole numbers.,G1-M2-L12,Represent and find an unknown subtrahend in equations.,lesson,FALSE,1 M2 Lesson 12: Represent and find an unknown subtrahend in equations.,Connecticut grade 1 Alignment Guide.docx
ccss,1,standard,1.OA.D.8,Determine the unknown whole number in an addition or subtraction equation relating three whole numbers.,G1-M2-L13,Represent and solve add to and take from with change unknown problems.,lesson,FALSE,1 M2 Lesson 13: Represent and solve add to and take from with change unknown problems.,Connecticut grade 1 Alignment Guide.docx
ccss,1,standard,1.OA.D.8,Determine the unknown whole number in an addition or subtraction equation relating three whole numbers.,G1-M2-L15,Relate counting on and counting back to find an unknown part.,lesson,FALSE,1 M2 Lesson 15: Relate counting on and counting back to find an unknown part.,Connecticut grade 1 Alignment Guide.docx
ccss,1,standard,1.OA.D.8,Determine the unknown whole number in an addition or subtraction equation relating three whole numbers.,G1-M2-L19,Determine the value of the unknown in various positions.,lesson,FALSE,1 M2 Lesson 19: Determine the value of the unknown in various positions.,Connecticut grade 1 Alignment Guide.docx
ccss,2,domain,2.G,Geometry,,,,,,Connecticut grade 2 Alignment Guide.docx
ccss,2,cluster,2.G.A,Reason with shapes and their attributes.,,,,,,Connecticut grade 2 Alignment Guide.docx
ccss,2,standard,2.G.A.1,"Recognize and draw shapes having specified attributes, such as a given number of angles or a given number of equal faces. Identify triangles, quadrilaterals, pentagons, hexagons, and cubes.",G2-M3-L6,Recognize that a whole polygon can be decomposed into smaller parts and the parts can be composed to make a whole.,lesson,FALSE,2 M3 Lesson 6: Recognize that a whole polygon can be decomposed into smaller parts and the parts can be composed to make a whole.,Connecticut grade 2 Alignment Guide.docx
ccss,2,standard,2.G.A.1,"Recognize and draw shapes having specified attributes, such as a given number of angles or a given number of equal faces. Identify triangles, quadrilaterals, pentagons, hexagons, and cubes.",G2-M3-L7,Combine shapes to create a composite shape and create a new shape from composite shapes.,lesson,FALSE,2 M3 Lesson 7: Combine shapes to create a composite shape and create a new shape from composite shapes.,Connecticut grade 2 Alignment Guide.docx
ccss,2,standard,2.G.A.2,Partition a rectangle into rows and columns of same-size squares and count to find the total number of them.,G2-M6-L11,Decompose an array to find the total efficiently.,lesson,FALSE,2 M6 Lesson 11: Decompose an array to find the total efficiently.,Connecticut grade 2 Alignment Guide.docx
ccss,2,standard,2.G.A.2,Partition a rectangle into rows and columns of same-size squares and count to find the total number of them.,G2-M6-L12,Reason about how equal arrays can be composed differently.,lesson,FALSE,2 M6 Lesson 12: Reason about how equal arrays can be composed differently.,Connecticut grade 2 Alignment Guide.docx
ccss,2,standard,2.G.A.2,Partition a rectangle into rows and columns of same-size squares and count to find the total number of them.,G2-M6-L13,Decompose an array and relate it to a number bond.,lesson,FALSE,2 M6 Lesson 13: Decompose an array and relate it to a number bond.,Connecticut grade 2 Alignment Guide.docx
ccss,2,standard,2.G.A.3,"Partition circles and rectangles into two, three, or four equal shares, describe the shares using the words halves, thirds, half of, a third of, etc., and describe the whole as two halves, three thirds, four fourths. Recognize that equal shares of identical wholes need not have the same shape.",G2-M3-L8,"Create composite shapes by using equal parts and name them as halves, thirds, and fourths.",lesson,FALSE,"2 M3 Lesson 8: Create composite shapes by using equal parts and name them as halves, thirds, and fourths.",Connecticut grade 2 Alignment Guide.docx
ccss,2,standard,2.G.A.3,"Partition circles and rectangles into two, three, or four equal shares, describe the shares using the words halves, thirds, half of, a third of, etc., and describe the whole as two halves, three thirds, four fourths. Recognize that equal shares of identical wholes need not have the same shape.",G2-M3-L9,"Interpret equal shares in composite shapes as halves, thirds, and fourths.",lesson,FALSE,"2 M3 Lesson 9: Interpret equal shares in composite shapes as halves, thirds, and fourths.",Connecticut grade 2 Alignment Guide.docx
ccss,2,domain,2.MD,Measurement and Data,,,,,,Connecticut grade 2 Alignment Guide.docx
ccss,2,domain,2.MD,Measurement and Data,,,,,,Connecticut grade 2 Alignment Guide.docx
ccss,2,domain,2.MD,Measurement and Data,,,,,,Connecticut grade 2 Alignment Guide.docx
ccss,2,domain,2.MD,Measurement and Data,,,,,,Connecticut grade 2 Alignment Guide.docx
ccss,2,cluster,2.MD.A,Measure and estimate lengths in standard units.,,,,,,Connecticut grade 2 Alignment Guide.docx
ccss,2,standard,2.MD.A.1,"Measure the length of an object by selecting and using appropriate tools such as rulers, yardsticks, meter sticks, and measuring tapes.",G2-M1-L13,Estimate and measure height to model metric relationships.,lesson,FALSE,2 M1 Lesson 13: Estimate and measure height to model metric relationships.,Connecticut grade 2 Alignment Guide.docx
ccss,2,standard,2.MD.A.1,"Measure the length of an object by selecting and using appropriate tools such as rulers, yardsticks, meter sticks, and measuring tapes.",G2-M1-L5,Connect measurement to physical units by iterating a centimeter cube.,lesson,FALSE,2 M1 Lesson 5: Connect measurement to physical units by iterating a centimeter cube.,Connecticut grade 2 Alignment Guide.docx
ccss,2,standard,2.MD.A.1,"Measure the length of an object by selecting and using appropriate tools such as rulers, yardsticks, meter sticks, and measuring tapes.",G2-M1-L6,Make a 10 cm ruler and measure objects.,lesson,FALSE,2 M1 Lesson 6: Make a 10 cm ruler and measure objects.,Connecticut grade 2 Alignment Guide.docx
ccss,2,standard,2.MD.A.1,"Measure the length of an object by selecting and using appropriate tools such as rulers, yardsticks, meter sticks, and measuring tapes.",G2-M1-L7,Measure lengths and relate 10 cm and 1 cm.,lesson,FALSE,2 M1 Lesson 7: Measure lengths and relate 10 cm and 1 cm.,Connecticut grade 2 Alignment Guide.docx
ccss,2,standard,2.MD.A.1,"Measure the length of an object by selecting and using appropriate tools such as rulers, yardsticks, meter sticks, and measuring tapes.",G2-M1-L8,Make a meter stick and measure with various tools.,lesson,FALSE,2 M1 Lesson 8: Make a meter stick and measure with various tools.,Connecticut grade 2 Alignment Guide.docx
ccss,2,standard,2.MD.A.1,"Measure the length of an object by selecting and using appropriate tools such as rulers, yardsticks, meter sticks, and measuring tapes.",G2-M5-L8,Iterate an inch tile to create a unit ruler and measure to the nearest inch.,lesson,FALSE,2 M5 Lesson 8: Iterate an inch tile to create a unit ruler and measure to the nearest inch.,Connecticut grade 2 Alignment Guide.docx
ccss,2,standard,2.MD.A.1,"Measure the length of an object by selecting and using appropriate tools such as rulers, yardsticks, meter sticks, and measuring tapes.",G2-M5-L9,Use an inch ruler and a yard stick to estimate and measure the length of various objects.,lesson,FALSE,2 M5 Lesson 9: Use an inch ruler and a yard stick to estimate and measure the length of various objects.,Connecticut grade 2 Alignment Guide.docx
ccss,2,standard,2.MD.A.2,"Measure the length of an object twice, using length units of different lengths for the two measurements; describe how the two measurements relate to the size of the unit chosen.",G2-M5-L10,Measure an object twice by using different length units and compare and relate measurement to unit size.,lesson,FALSE,2 M5 Lesson 10: Measure an object twice by using different length units and compare and relate measurement to unit size.,Connecticut grade 2 Alignment Guide.docx
ccss,2,standard,2.MD.A.3,"Estimate lengths using units of inches, feet, centimeters, and meters.",G2-M1-L11,Estimate and compare lengths.,lesson,FALSE,2 M1 Lesson 11: Estimate and compare lengths.,Connecticut grade 2 Alignment Guide.docx
ccss,2,standard,2.MD.A.3,"Estimate lengths using units of inches, feet, centimeters, and meters.",G2-M1-L13,Estimate and measure height to model metric relationships.,lesson,FALSE,2 M1 Lesson 13: Estimate and measure height to model metric relationships.,Connecticut grade 2 Alignment Guide.docx
ccss,2,standard,2.MD.A.3,"Estimate lengths using units of inches, feet, centimeters, and meters.",G2-M5-L9,Use an inch ruler and a yard stick to estimate and measure the length of various objects.,lesson,FALSE,2 M5 Lesson 9: Use an inch ruler and a yard stick to estimate and measure the length of various objects.,Connecticut grade 2 Alignment Guide.docx
ccss,2,standard,2.MD.A.4,"Measure to determine how much longer one object is than another, expressing the length difference in terms of a standard length unit.",G2-M1-L11,Estimate and compare lengths.,lesson,FALSE,2 M1 Lesson 11: Estimate and compare lengths.,Connecticut grade 2 Alignment Guide.docx
ccss,2,standard,2.MD.A.4,"Measure to determine how much longer one object is than another, expressing the length difference in terms of a standard length unit.",G2-M1-L12,Model and reason about the difference in length.,lesson,FALSE,2 M1 Lesson 12: Model and reason about the difference in length.,Connecticut grade 2 Alignment Guide.docx
ccss,2,standard,2.MD.A.4,"Measure to determine how much longer one object is than another, expressing the length difference in terms of a standard length unit.",G2-M1-L14,Represent and compare students' heights.,lesson,FALSE,2 M1 Lesson 14: Represent and compare students' heights.,Connecticut grade 2 Alignment Guide.docx
ccss,2,standard,2.MD.A.4,"Measure to determine how much longer one object is than another, expressing the length difference in terms of a standard length unit.",G2-M5-L11,Measure to compare differences in lengths.,lesson,FALSE,2 M5 Lesson 11: Measure to compare differences in lengths.,Connecticut grade 2 Alignment Guide.docx
ccss,2,cluster,2.MD.B,Relate addition and subtraction to length.,,,,,,Connecticut grade 2 Alignment Guide.docx
ccss,2,standard,2.MD.B.5,"Use addition and subtraction within 100 to solve word problems involving lengths that are given in the same units, e.g., by using drawings (such as drawings of rulers) and equations with a symbol for the unknown number to represent the problem.",G2-M1-L17,Represent and solve comparison problems by using measurement contexts.,lesson,FALSE,2 M1 Lesson 17: Represent and solve comparison problems by using measurement contexts.,Connecticut grade 2 Alignment Guide.docx
ccss,2,standard,2.MD.B.5,"Use addition and subtraction within 100 to solve word problems involving lengths that are given in the same units, e.g., by using drawings (such as drawings of rulers) and equations with a symbol for the unknown number to represent the problem.",G2-M1-L18,Solve compare with difference unknown word problems by using measurement contexts.,lesson,FALSE,2 M1 Lesson 18: Solve compare with difference unknown word problems by using measurement contexts.,Connecticut grade 2 Alignment Guide.docx
ccss,2,standard,2.MD.B.5,"Use addition and subtraction within 100 to solve word problems involving lengths that are given in the same units, e.g., by using drawings (such as drawings of rulers) and equations with a symbol for the unknown number to represent the problem.",G2-M1-L19,Solve compare with difference unknown word problems in various contexts.,lesson,FALSE,2 M1 Lesson 19: Solve compare with difference unknown word problems in various contexts.,Connecticut grade 2 Alignment Guide.docx
ccss,2,standard,2.MD.B.5,"Use addition and subtraction within 100 to solve word problems involving lengths that are given in the same units, e.g., by using drawings (such as drawings of rulers) and equations with a symbol for the unknown number to represent the problem.",G2-M5-L13,Solve word problems that involve measurements and reason about estimates.,lesson,FALSE,2 M5 Lesson 13: Solve word problems that involve measurements and reason about estimates.,Connecticut grade 2 Alignment Guide.docx
ccss,2,standard,2.MD.B.5,"Use addition and subtraction within 100 to solve word problems involving lengths that are given in the same units, e.g., by using drawings (such as drawings of rulers) and equations with a symbol for the unknown number to represent the problem.",G2-M5-L14,Solve addition and subtraction two-step word problems that involve length.,lesson,FALSE,2 M5 Lesson 14: Solve addition and subtraction two-step word problems that involve length.,Connecticut grade 2 Alignment Guide.docx
ccss,2,standard,2.MD.B.6,"Represent whole numbers as lengths from 0 on a number line diagram with equally spaced points corresponding to the numbers 0, 1, 2,..., and represent whole-number sums and differences within 100 on a number line diagram.",G2-M5-L12,Identify unknown numbers on a number line by using the interval as a reference point.,lesson,FALSE,2 M5 Lesson 12: Identify unknown numbers on a number line by using the interval as a reference point.,Connecticut grade 2 Alignment Guide.docx
ccss,2,cluster,2.MD.C,Work with time and money.,,,,,,Connecticut grade 2 Alignment Guide.docx
ccss,2,standard,2.MD.C.7,"Tell and write time from analog and digital clocks to the nearest five minutes, using a.m. and p.m.",G2-M3-L14,Distinguish between a.m. and p.m.,lesson,FALSE,2 M3 Lesson 14: Distinguish between a.m. and p.m.,Connecticut grade 2 Alignment Guide.docx
ccss,2,standard,2.MD.C.7,"Tell and write time from analog and digital clocks to the nearest five minutes, using a.m. and p.m.",G2-M3-L16,Use a clock to tell time to the half hour or quarter hour.,lesson,FALSE,2 M3 Lesson 16: Use a clock to tell time to the half hour or quarter hour.,Connecticut grade 2 Alignment Guide.docx
ccss,2,standard,2.MD.C.7,"Tell and write time from analog and digital clocks to the nearest five minutes, using a.m. and p.m.",G2-M3-L17,Relate the clock to a number line to count by fives.,lesson,FALSE,2 M3 Lesson 17: Relate the clock to a number line to count by fives.,Connecticut grade 2 Alignment Guide.docx
ccss,2,standard,2.MD.C.7,"Tell and write time from analog and digital clocks to the nearest five minutes, using a.m. and p.m.",G2-M3-L18,Tell time to the nearest 5 minutes.,lesson,FALSE,2 M3 Lesson 18: Tell time to the nearest 5 minutes.,Connecticut grade 2 Alignment Guide.docx
ccss,2,cluster,2.MD.D,Represent and interpret data.,,,,,,Connecticut grade 2 Alignment Guide.docx
ccss,2,standard,2.MD.D.9,"Generate measurement data by measuring lengths of several objects to the nearest whole unit, or by making repeated measurements of the same object. Show the measurements by making a line plot, where the horizontal scale is marked off in whole-number units.",G2-M5-L15,Use measurement data to create a line plot.,lesson,FALSE,2 M5 Lesson 15: Use measurement data to create a line plot.,Connecticut grade 2 Alignment Guide.docx
ccss,2,standard,2.MD.D.9,"Generate measurement data by measuring lengths of several objects to the nearest whole unit, or by making repeated measurements of the same object. Show the measurements by making a line plot, where the horizontal scale is marked off in whole-number units.",G2-M5-L16,Create a line plot to represent data and ask and answer questions.,lesson,FALSE,2 M5 Lesson 16: Create a line plot to represent data and ask and answer questions.,Connecticut grade 2 Alignment Guide.docx
ccss,2,domain,2.NBT,Number and Operations in Base Ten,,,,,,Connecticut grade 2 Alignment Guide.docx
ccss,2,domain,2.NBT,Number and Operations in Base Ten,,,,,,Connecticut grade 2 Alignment Guide.docx
ccss,2,cluster,2.NBT.A,Understand place value.,,,,,,Connecticut grade 2 Alignment Guide.docx
ccss,2,standard,2.NBT.A.1.a,100 can be thought of as a bundle of ten tens — called a “hundred.”,G2-M1-L20,"Count and bundle ones, tens, and hundreds to 1,000.",lesson,FALSE,"2 M1 Lesson 20: Count and bundle ones, tens, and hundreds to 1,000.",Connecticut grade 2 Alignment Guide.docx
ccss,2,standard,2.NBT.A.1.a,100 can be thought of as a bundle of ten tens — called a “hundred.”,G2-M1-L23,"Organize, count, and record a collection of objects.",lesson,FALSE,"2 M1 Lesson 23: Organize, count, and record a collection of objects.",Connecticut grade 2 Alignment Guide.docx
ccss,2,standard,2.NBT.A.1.a,100 can be thought of as a bundle of ten tens — called a “hundred.”,G2-M1-L28,"Use place value understanding to count and exchange $1, $10, and $100 bills.",lesson,FALSE,"2 M1 Lesson 28: Use place value understanding to count and exchange $1, $10, and $100 bills.",Connecticut grade 2 Alignment Guide.docx
ccss,2,standard,2.NBT.A.1.a,100 can be thought of as a bundle of ten tens — called a “hundred.”,G2-M1-L30,"Determine how many $10 bills are equal to $1,000.",lesson,FALSE,"2 M1 Lesson 30: Determine how many $10 bills are equal to $1,000.",Connecticut grade 2 Alignment Guide.docx
ccss,2,standard,2.NBT.A.1.a,100 can be thought of as a bundle of ten tens — called a “hundred.”,G2-M1-L32,"Exchange 10 ones for 1 ten, 10 tens for 1 hundred, and 10 hundreds for 1 thousand.",lesson,FALSE,"2 M1 Lesson 32: Exchange 10 ones for 1 ten, 10 tens for 1 hundred, and 10 hundreds for 1 thousand.",Connecticut grade 2 Alignment Guide.docx
ccss,2,standard,2.NBT.A.1.a,100 can be thought of as a bundle of ten tens — called a “hundred.”,G2-M1-L34,Problem solve in situations with more than 9 ones or 9 tens.,lesson,FALSE,2 M1 Lesson 34: Problem solve in situations with more than 9 ones or 9 tens.,Connecticut grade 2 Alignment Guide.docx
ccss,2,standard,2.NBT.A.1.b,"The numbers 100, 200, 300, 400, 500, 600, 700, 800, 900 refer to one, two, three, four, five, six, seven, eight, or nine hundreds (and 0 tens and 0 ones).",G2-M1-L24,"Count up to 1,000 by using place value units.",lesson,FALSE,"2 M1 Lesson 24: Count up to 1,000 by using place value units.",Connecticut grade 2 Alignment Guide.docx
ccss,2,standard,2.NBT.A.1.b,"The numbers 100, 200, 300, 400, 500, 600, 700, 800, 900 refer to one, two, three, four, five, six, seven, eight, or nine hundreds (and 0 tens and 0 ones).",G2-M1-L25,Write three-digit numbers in unit form and show the value that each digit represents.,lesson,FALSE,2 M1 Lesson 25: Write three-digit numbers in unit form and show the value that each digit represents.,Connecticut grade 2 Alignment Guide.docx
ccss,2,standard,2.NBT.A.1.b,"The numbers 100, 200, 300, 400, 500, 600, 700, 800, 900 refer to one, two, three, four, five, six, seven, eight, or nine hundreds (and 0 tens and 0 ones).",G2-M1-L27,"Read, write, and relate base-ten numbers in all forms.",lesson,FALSE,"2 M1 Lesson 27: Read, write, and relate base-ten numbers in all forms.",Connecticut grade 2 Alignment Guide.docx
ccss,2,standard,2.NBT.A.1.b,"The numbers 100, 200, 300, 400, 500, 600, 700, 800, 900 refer to one, two, three, four, five, six, seven, eight, or nine hundreds (and 0 tens and 0 ones).",G2-M1-L28,"Use place value understanding to count and exchange $1, $10, and $100 bills.",lesson,FALSE,"2 M1 Lesson 28: Use place value understanding to count and exchange $1, $10, and $100 bills.",Connecticut grade 2 Alignment Guide.docx
ccss,2,standard,2.NBT.A.1.b,"The numbers 100, 200, 300, 400, 500, 600, 700, 800, 900 refer to one, two, three, four, five, six, seven, eight, or nine hundreds (and 0 tens and 0 ones).",G2-M1-L30,"Determine how many $10 bills are equal to $1,000.",lesson,FALSE,"2 M1 Lesson 30: Determine how many $10 bills are equal to $1,000.",Connecticut grade 2 Alignment Guide.docx
ccss,2,standard,2.NBT.A.2,"Count within 1000; skip-count by 5s, 10s, and 100s.",G2-M1-L21,"Count efficiently within 1,000 by using ones, tens, and hundreds.",lesson,FALSE,"2 M1 Lesson 21: Count efficiently within 1,000 by using ones, tens, and hundreds.",Connecticut grade 2 Alignment Guide.docx
ccss,2,standard,2.NBT.A.2,"Count within 1000; skip-count by 5s, 10s, and 100s.",G2-M1-L22,Use counting strategies to solve add to with change unknown word problems.,lesson,FALSE,2 M1 Lesson 22: Use counting strategies to solve add to with change unknown word problems.,Connecticut grade 2 Alignment Guide.docx
ccss,2,standard,2.NBT.A.2,"Count within 1000; skip-count by 5s, 10s, and 100s.",G2-M1-L23,"Organize, count, and record a collection of objects.",lesson,FALSE,"2 M1 Lesson 23: Organize, count, and record a collection of objects.",Connecticut grade 2 Alignment Guide.docx
ccss,2,standard,2.NBT.A.2,"Count within 1000; skip-count by 5s, 10s, and 100s.",G2-M1-L24,"Count up to 1,000 by using place value units.",lesson,FALSE,"2 M1 Lesson 24: Count up to 1,000 by using place value units.",Connecticut grade 2 Alignment Guide.docx
ccss,2,standard,2.NBT.A.2,"Count within 1000; skip-count by 5s, 10s, and 100s.",G2-M1-L29,"Count by $1, $10, and $100.",lesson,FALSE,"2 M1 Lesson 29: Count by $1, $10, and $100.",Connecticut grade 2 Alignment Guide.docx
ccss,2,standard,2.NBT.A.2,"Count within 1000; skip-count by 5s, 10s, and 100s.",G2-M1-L30,"Determine how many $10 bills are equal to $1,000.",lesson,FALSE,"2 M1 Lesson 30: Determine how many $10 bills are equal to $1,000.",Connecticut grade 2 Alignment Guide.docx
ccss,2,standard,2.NBT.A.2,"Count within 1000; skip-count by 5s, 10s, and 100s.",G2-M1-L37,"Organize, count, represent, and compare a collection of objects.",lesson,FALSE,"2 M1 Lesson 37: Organize, count, represent, and compare a collection of objects.",Connecticut grade 2 Alignment Guide.docx
ccss,2,standard,2.NBT.A.2,"Count within 1000; skip-count by 5s, 10s, and 100s.",G2-M3-L17,Relate the clock to a number line to count by fives.,lesson,FALSE,2 M3 Lesson 17: Relate the clock to a number line to count by fives.,Connecticut grade 2 Alignment Guide.docx
ccss,2,standard,2.NBT.A.2,"Count within 1000; skip-count by 5s, 10s, and 100s.",G2-M3-L18,Tell time to the nearest 5 minutes.,lesson,FALSE,2 M3 Lesson 18: Tell time to the nearest 5 minutes.,Connecticut grade 2 Alignment Guide.docx
ccss,2,standard,2.NBT.A.3,"Read and write numbers to 1000 using base-ten numerals, number names, and expanded form.",G2-M1-L23,"Organize, count, and record a collection of objects.",lesson,FALSE,"2 M1 Lesson 23: Organize, count, and record a collection of objects.",Connecticut grade 2 Alignment Guide.docx
ccss,2,standard,2.NBT.A.3,"Read and write numbers to 1000 using base-ten numerals, number names, and expanded form.",G2-M1-L26,Write base-ten numbers in expanded form.,lesson,FALSE,2 M1 Lesson 26: Write base-ten numbers in expanded form.,Connecticut grade 2 Alignment Guide.docx
ccss,2,standard,2.NBT.A.3,"Read and write numbers to 1000 using base-ten numerals, number names, and expanded form.",G2-M1-L27,"Read, write, and relate base-ten numbers in all forms.",lesson,FALSE,"2 M1 Lesson 27: Read, write, and relate base-ten numbers in all forms.",Connecticut grade 2 Alignment Guide.docx
ccss,2,standard,2.NBT.A.3,"Read and write numbers to 1000 using base-ten numerals, number names, and expanded form.",G2-M1-L31,"Count the total value of ones, tens, and hundreds with place value disks.",lesson,FALSE,"2 M1 Lesson 31: Count the total value of ones, tens, and hundreds with place value disks.",Connecticut grade 2 Alignment Guide.docx
ccss,2,standard,2.NBT.A.3,"Read and write numbers to 1000 using base-ten numerals, number names, and expanded form.",G2-M1-L38,Compare numbers in different forms.,lesson,FALSE,2 M1 Lesson 38: Compare numbers in different forms.,Connecticut grade 2 Alignment Guide.docx
ccss,2,cluster,2.NBT.B,Use place value understanding and properties of operations to add and subtract.,,,,,,Connecticut grade 2 Alignment Guide.docx
ccss,2,standard,2.NBT.B.5,"Fluently add and subtract within 100 using strategies based on place value, properties of operations, and/or the relationship between addition and subtraction.",G2-M4-L10,Choose and defend efficient solution strategies for addition.,lesson,FALSE,2 M4 Lesson 10: Choose and defend efficient solution strategies for addition.,Connecticut grade 2 Alignment Guide.docx
ccss,2,standard,2.NBT.B.5,"Fluently add and subtract within 100 using strategies based on place value, properties of operations, and/or the relationship between addition and subtraction.",G2-M4-L11,Choose and defend efficient strategies to add up to four two-digit numbers.,lesson,FALSE,2 M4 Lesson 11: Choose and defend efficient strategies to add up to four two-digit numbers.,Connecticut grade 2 Alignment Guide.docx
ccss,2,standard,2.NBT.B.5,"Fluently add and subtract within 100 using strategies based on place value, properties of operations, and/or the relationship between addition and subtraction.",G2-M4-L12,Take from a ten or a hundred to subtract.,lesson,FALSE,2 M4 Lesson 12: Take from a ten or a hundred to subtract.,Connecticut grade 2 Alignment Guide.docx
ccss,2,standard,2.NBT.B.5,"Fluently add and subtract within 100 using strategies based on place value, properties of operations, and/or the relationship between addition and subtraction.",G2-M4-L13,"Use compensation to subtract within 1,000.",lesson,FALSE,"2 M4 Lesson 13: Use compensation to subtract within 1,000.",Connecticut grade 2 Alignment Guide.docx
ccss,2,standard,2.NBT.B.5,"Fluently add and subtract within 100 using strategies based on place value, properties of operations, and/or the relationship between addition and subtraction.",G2-M4-L20,Subtract by using multiple strategies and defend an efficient strategy.,lesson,FALSE,2 M4 Lesson 20: Subtract by using multiple strategies and defend an efficient strategy.,Connecticut grade 2 Alignment Guide.docx
ccss,2,standard,2.NBT.B.5,"Fluently add and subtract within 100 using strategies based on place value, properties of operations, and/or the relationship between addition and subtraction.",G2-M4-L22,Solve compare with smaller unknown word problems.,lesson,FALSE,2 M4 Lesson 22: Solve compare with smaller unknown word problems.,Connecticut grade 2 Alignment Guide.docx
ccss,2,standard,2.NBT.B.5,"Fluently add and subtract within 100 using strategies based on place value, properties of operations, and/or the relationship between addition and subtraction.",G2-M4-L23,Solve two-step addition and subtraction word problems.,lesson,FALSE,2 M4 Lesson 23: Solve two-step addition and subtraction word problems.,Connecticut grade 2 Alignment Guide.docx
ccss,2,standard,2.NBT.B.5,"Fluently add and subtract within 100 using strategies based on place value, properties of operations, and/or the relationship between addition and subtraction.",G2-M4-L4,Represent and solve compare with bigger unknown word problems.,lesson,FALSE,2 M4 Lesson 4: Represent and solve compare with bigger unknown word problems.,Connecticut grade 2 Alignment Guide.docx
ccss,2,standard,2.NBT.B.5,"Fluently add and subtract within 100 using strategies based on place value, properties of operations, and/or the relationship between addition and subtraction.",G2-M4-L5,"Use the associative property to make a benchmark number to add within 1,000.",lesson,FALSE,"2 M4 Lesson 5: Use the associative property to make a benchmark number to add within 1,000.",Connecticut grade 2 Alignment Guide.docx
ccss,2,standard,2.NBT.B.5,"Fluently add and subtract within 100 using strategies based on place value, properties of operations, and/or the relationship between addition and subtraction.",G2-M4-L6,"Use compensation to add within 1,000.",lesson,FALSE,"2 M4 Lesson 6: Use compensation to add within 1,000.",Connecticut grade 2 Alignment Guide.docx
ccss,2,standard,2.NBT.B.5,"Fluently add and subtract within 100 using strategies based on place value, properties of operations, and/or the relationship between addition and subtraction.",G2-M6-L18,Use various strategies to fluently add and subtract within 100 and know all sums and differences within 20 from memory.,lesson,FALSE,2 M6 Lesson 18: Use various strategies to fluently add and subtract within 100 and know all sums and differences within 20 from memory.,Connecticut grade 2 Alignment Guide.docx
ccss,2,standard,2.NBT.B.6,Add up to four two-digit numbers using strategies based on place value and properties of operations.,G2-M2-L1,Reason about addition with four addends.,lesson,FALSE,2 M2 Lesson 1: Reason about addition with four addends.,Connecticut grade 2 Alignment Guide.docx
ccss,2,standard,2.NBT.B.6,Add up to four two-digit numbers using strategies based on place value and properties of operations.,G2-M4-L11,Choose and defend efficient strategies to add up to four two-digit numbers.,lesson,FALSE,2 M4 Lesson 11: Choose and defend efficient strategies to add up to four two-digit numbers.,Connecticut grade 2 Alignment Guide.docx
ccss,2,standard,2.NBT.B.7,"Add and subtract within 1000, using concrete models or drawings and strategies based on place value, properties of operations, and/or the relationship between addition and subtraction; relate the strategy to a written method. Understand that in adding or subtracting three-digit numbers, one adds or subtracts hundreds and hundreds, tens and tens, ones and ones; and sometimes it is necessary to compose or decompose tens or hundreds.",G2-M2-L14,Use addition and subtraction strategies to find an unknown part.,lesson,FALSE,2 M2 Lesson 14: Use addition and subtraction strategies to find an unknown part.,Connecticut grade 2 Alignment Guide.docx
ccss,2,standard,2.NBT.B.7,"Add and subtract within 1000, using concrete models or drawings and strategies based on place value, properties of operations, and/or the relationship between addition and subtraction; relate the strategy to a written method. Understand that in adding or subtracting three-digit numbers, one adds or subtracts hundreds and hundreds, tens and tens, ones and ones; and sometimes it is necessary to compose or decompose tens or hundreds.",G2-M2-L15,Use compensation to subtract within 100.,lesson,FALSE,2 M2 Lesson 15: Use compensation to subtract within 100.,Connecticut grade 2 Alignment Guide.docx
ccss,2,standard,2.NBT.B.7,"Add and subtract within 1000, using concrete models or drawings and strategies based on place value, properties of operations, and/or the relationship between addition and subtraction; relate the strategy to a written method. Understand that in adding or subtracting three-digit numbers, one adds or subtracts hundreds and hundreds, tens and tens, ones and ones; and sometimes it is necessary to compose or decompose tens or hundreds.",G2-M2-L16,Use compensation to subtract within 200.,lesson,FALSE,2 M2 Lesson 16: Use compensation to subtract within 200.,Connecticut grade 2 Alignment Guide.docx
ccss,2,standard,2.NBT.B.7,"Add and subtract within 1000, using concrete models or drawings and strategies based on place value, properties of operations, and/or the relationship between addition and subtraction; relate the strategy to a written method. Understand that in adding or subtracting three-digit numbers, one adds or subtracts hundreds and hundreds, tens and tens, ones and ones; and sometimes it is necessary to compose or decompose tens or hundreds.",G2-M2-L17,Take from a ten to subtract within 200.,lesson,FALSE,2 M2 Lesson 17: Take from a ten to subtract within 200.,Connecticut grade 2 Alignment Guide.docx
ccss,2,standard,2.NBT.B.7,"Add and subtract within 1000, using concrete models or drawings and strategies based on place value, properties of operations, and/or the relationship between addition and subtraction; relate the strategy to a written method. Understand that in adding or subtracting three-digit numbers, one adds or subtracts hundreds and hundreds, tens and tens, ones and ones; and sometimes it is necessary to compose or decompose tens or hundreds.",G2-M2-L18,Take from a hundred to subtract within 200.,lesson,FALSE,2 M2 Lesson 18: Take from a hundred to subtract within 200.,Connecticut grade 2 Alignment Guide.docx
ccss,2,standard,2.NBT.B.7,"Add and subtract within 1000, using concrete models or drawings and strategies based on place value, properties of operations, and/or the relationship between addition and subtraction; relate the strategy to a written method. Understand that in adding or subtracting three-digit numbers, one adds or subtracts hundreds and hundreds, tens and tens, ones and ones; and sometimes it is necessary to compose or decompose tens or hundreds.",G2-M2-L19,Solve word problems with simplifying strategies for subtraction.,lesson,FALSE,2 M2 Lesson 19: Solve word problems with simplifying strategies for subtraction.,Connecticut grade 2 Alignment Guide.docx
ccss,2,standard,2.NBT.B.7,"Add and subtract within 1000, using concrete models or drawings and strategies based on place value, properties of operations, and/or the relationship between addition and subtraction; relate the strategy to a written method. Understand that in adding or subtracting three-digit numbers, one adds or subtracts hundreds and hundreds, tens and tens, ones and ones; and sometimes it is necessary to compose or decompose tens or hundreds.",G2-M2-L2,Break apart and add like units.,lesson,FALSE,2 M2 Lesson 2: Break apart and add like units.,Connecticut grade 2 Alignment Guide.docx
ccss,2,standard,2.NBT.B.7,"Add and subtract within 1000, using concrete models or drawings and strategies based on place value, properties of operations, and/or the relationship between addition and subtraction; relate the strategy to a written method. Understand that in adding or subtracting three-digit numbers, one adds or subtracts hundreds and hundreds, tens and tens, ones and ones; and sometimes it is necessary to compose or decompose tens or hundreds.",G2-M2-L20,Reason about when to unbundle a ten to subtract.,lesson,FALSE,2 M2 Lesson 20: Reason about when to unbundle a ten to subtract.,Connecticut grade 2 Alignment Guide.docx
ccss,2,standard,2.NBT.B.7,"Add and subtract within 1000, using concrete models or drawings and strategies based on place value, properties of operations, and/or the relationship between addition and subtraction; relate the strategy to a written method. Understand that in adding or subtracting three-digit numbers, one adds or subtracts hundreds and hundreds, tens and tens, ones and ones; and sometimes it is necessary to compose or decompose tens or hundreds.",G2-M2-L21,Use concrete models to decompose a ten with two-digit totals.,lesson,FALSE,2 M2 Lesson 21: Use concrete models to decompose a ten with two-digit totals.,Connecticut grade 2 Alignment Guide.docx
ccss,2,standard,2.NBT.B.7,"Add and subtract within 1000, using concrete models or drawings and strategies based on place value, properties of operations, and/or the relationship between addition and subtraction; relate the strategy to a written method. Understand that in adding or subtracting three-digit numbers, one adds or subtracts hundreds and hundreds, tens and tens, ones and ones; and sometimes it is necessary to compose or decompose tens or hundreds.",G2-M2-L22,Use place value drawings to decompose a ten and relate them to written recordings.,lesson,FALSE,2 M2 Lesson 22: Use place value drawings to decompose a ten and relate them to written recordings.,Connecticut grade 2 Alignment Guide.docx
ccss,2,standard,2.NBT.B.7,"Add and subtract within 1000, using concrete models or drawings and strategies based on place value, properties of operations, and/or the relationship between addition and subtraction; relate the strategy to a written method. Understand that in adding or subtracting three-digit numbers, one adds or subtracts hundreds and hundreds, tens and tens, ones and ones; and sometimes it is necessary to compose or decompose tens or hundreds.",G2-M2-L23,Use concrete models and drawings to decompose a hundred.,lesson,FALSE,2 M2 Lesson 23: Use concrete models and drawings to decompose a hundred.,Connecticut grade 2 Alignment Guide.docx
ccss,2,standard,2.NBT.B.7,"Add and subtract within 1000, using concrete models or drawings and strategies based on place value, properties of operations, and/or the relationship between addition and subtraction; relate the strategy to a written method. Understand that in adding or subtracting three-digit numbers, one adds or subtracts hundreds and hundreds, tens and tens, ones and ones; and sometimes it is necessary to compose or decompose tens or hundreds.",G2-M2-L24,Use place value drawings to decompose a hundred and relate them to written recordings.,lesson,FALSE,2 M2 Lesson 24: Use place value drawings to decompose a hundred and relate them to written recordings.,Connecticut grade 2 Alignment Guide.docx
ccss,2,standard,2.NBT.B.7,"Add and subtract within 1000, using concrete models or drawings and strategies based on place value, properties of operations, and/or the relationship between addition and subtraction; relate the strategy to a written method. Understand that in adding or subtracting three-digit numbers, one adds or subtracts hundreds and hundreds, tens and tens, ones and ones; and sometimes it is necessary to compose or decompose tens or hundreds.",G2-M2-L25,Use place value drawings to subtract with two decompositions.,lesson,FALSE,2 M2 Lesson 25: Use place value drawings to subtract with two decompositions.,Connecticut grade 2 Alignment Guide.docx
ccss,2,standard,2.NBT.B.7,"Add and subtract within 1000, using concrete models or drawings and strategies based on place value, properties of operations, and/or the relationship between addition and subtraction; relate the strategy to a written method. Understand that in adding or subtracting three-digit numbers, one adds or subtracts hundreds and hundreds, tens and tens, ones and ones; and sometimes it is necessary to compose or decompose tens or hundreds.",G2-M2-L3,Use compensation to add within 100.,lesson,FALSE,2 M2 Lesson 3: Use compensation to add within 100.,Connecticut grade 2 Alignment Guide.docx
ccss,2,standard,2.NBT.B.7,"Add and subtract within 1000, using concrete models or drawings and strategies based on place value, properties of operations, and/or the relationship between addition and subtraction; relate the strategy to a written method. Understand that in adding or subtracting three-digit numbers, one adds or subtracts hundreds and hundreds, tens and tens, ones and ones; and sometimes it is necessary to compose or decompose tens or hundreds.",G2-M2-L4,Use compensation to add within 200.,lesson,FALSE,2 M2 Lesson 4: Use compensation to add within 200.,Connecticut grade 2 Alignment Guide.docx
ccss,2,standard,2.NBT.B.7,"Add and subtract within 1000, using concrete models or drawings and strategies based on place value, properties of operations, and/or the relationship between addition and subtraction; relate the strategy to a written method. Understand that in adding or subtracting three-digit numbers, one adds or subtracts hundreds and hundreds, tens and tens, ones and ones; and sometimes it is necessary to compose or decompose tens or hundreds.",G2-M2-L5,Make a ten to add within 100.,lesson,FALSE,2 M2 Lesson 5: Make a ten to add within 100.,Connecticut grade 2 Alignment Guide.docx
ccss,2,standard,2.NBT.B.7,"Add and subtract within 1000, using concrete models or drawings and strategies based on place value, properties of operations, and/or the relationship between addition and subtraction; relate the strategy to a written method. Understand that in adding or subtracting three-digit numbers, one adds or subtracts hundreds and hundreds, tens and tens, ones and ones; and sometimes it is necessary to compose or decompose tens or hundreds.",G2-M2-L6,Make a ten to add within 200.,lesson,FALSE,2 M2 Lesson 6: Make a ten to add within 200.,Connecticut grade 2 Alignment Guide.docx
ccss,2,standard,2.NBT.B.7,"Add and subtract within 1000, using concrete models or drawings and strategies based on place value, properties of operations, and/or the relationship between addition and subtraction; relate the strategy to a written method. Understand that in adding or subtracting three-digit numbers, one adds or subtracts hundreds and hundreds, tens and tens, ones and ones; and sometimes it is necessary to compose or decompose tens or hundreds.",G2-M2-L7,Solve word problems by using simplifying strategies for addition.,lesson,FALSE,2 M2 Lesson 7: Solve word problems by using simplifying strategies for addition.,Connecticut grade 2 Alignment Guide.docx
ccss,2,standard,2.NBT.B.7,"Add and subtract within 1000, using concrete models or drawings and strategies based on place value, properties of operations, and/or the relationship between addition and subtraction; relate the strategy to a written method. Understand that in adding or subtracting three-digit numbers, one adds or subtracts hundreds and hundreds, tens and tens, ones and ones; and sometimes it is necessary to compose or decompose tens or hundreds.",G2-M4-L10,Choose and defend efficient solution strategies for addition.,lesson,FALSE,2 M4 Lesson 10: Choose and defend efficient solution strategies for addition.,Connecticut grade 2 Alignment Guide.docx
ccss,2,standard,2.NBT.B.7,"Add and subtract within 1000, using concrete models or drawings and strategies based on place value, properties of operations, and/or the relationship between addition and subtraction; relate the strategy to a written method. Understand that in adding or subtracting three-digit numbers, one adds or subtracts hundreds and hundreds, tens and tens, ones and ones; and sometimes it is necessary to compose or decompose tens or hundreds.",G2-M4-L21,Apply strategies to find sums and differences and relate addition to subtraction.,lesson,FALSE,2 M4 Lesson 21: Apply strategies to find sums and differences and relate addition to subtraction.,Connecticut grade 2 Alignment Guide.docx
ccss,2,standard,2.NBT.B.7,"Add and subtract within 1000, using concrete models or drawings and strategies based on place value, properties of operations, and/or the relationship between addition and subtraction; relate the strategy to a written method. Understand that in adding or subtracting three-digit numbers, one adds or subtracts hundreds and hundreds, tens and tens, ones and ones; and sometimes it is necessary to compose or decompose tens or hundreds.",G2-M4-L24,"Organize, count, and represent a collection of objects.",lesson,FALSE,"2 M4 Lesson 24: Organize, count, and represent a collection of objects.",Connecticut grade 2 Alignment Guide.docx
ccss,2,standard,2.NBT.B.7,"Add and subtract within 1000, using concrete models or drawings and strategies based on place value, properties of operations, and/or the relationship between addition and subtraction; relate the strategy to a written method. Understand that in adding or subtracting three-digit numbers, one adds or subtracts hundreds and hundreds, tens and tens, ones and ones; and sometimes it is necessary to compose or decompose tens or hundreds.",G2-M4-L5,"Use the associative property to make a benchmark number to add within 1,000.",lesson,FALSE,"2 M4 Lesson 5: Use the associative property to make a benchmark number to add within 1,000.",Connecticut grade 2 Alignment Guide.docx
ccss,2,standard,2.NBT.B.7,"Add and subtract within 1000, using concrete models or drawings and strategies based on place value, properties of operations, and/or the relationship between addition and subtraction; relate the strategy to a written method. Understand that in adding or subtracting three-digit numbers, one adds or subtracts hundreds and hundreds, tens and tens, ones and ones; and sometimes it is necessary to compose or decompose tens or hundreds.",G2-M4-L6,"Use compensation to add within 1,000.",lesson,FALSE,"2 M4 Lesson 6: Use compensation to add within 1,000.",Connecticut grade 2 Alignment Guide.docx
ccss,2,standard,2.NBT.B.7,"Add and subtract within 1000, using concrete models or drawings and strategies based on place value, properties of operations, and/or the relationship between addition and subtraction; relate the strategy to a written method. Understand that in adding or subtracting three-digit numbers, one adds or subtracts hundreds and hundreds, tens and tens, ones and ones; and sometimes it is necessary to compose or decompose tens or hundreds.",G2-M4-L7,Use concrete models to add and relate them to written recordings.,lesson,FALSE,2 M4 Lesson 7: Use concrete models to add and relate them to written recordings.,Connecticut grade 2 Alignment Guide.docx
ccss,2,standard,2.NBT.B.7,"Add and subtract within 1000, using concrete models or drawings and strategies based on place value, properties of operations, and/or the relationship between addition and subtraction; relate the strategy to a written method. Understand that in adding or subtracting three-digit numbers, one adds or subtracts hundreds and hundreds, tens and tens, ones and ones; and sometimes it is necessary to compose or decompose tens or hundreds.",G2-M4-L8,"Use place value drawings to represent addition and relate them to written recordings, part 1.",lesson,FALSE,"2 M4 Lesson 8: Use place value drawings to represent addition and relate them to written recordings, part 1.",Connecticut grade 2 Alignment Guide.docx
ccss,2,standard,2.NBT.B.7,"Add and subtract within 1000, using concrete models or drawings and strategies based on place value, properties of operations, and/or the relationship between addition and subtraction; relate the strategy to a written method. Understand that in adding or subtracting three-digit numbers, one adds or subtracts hundreds and hundreds, tens and tens, ones and ones; and sometimes it is necessary to compose or decompose tens or hundreds.",G2-M4-L9,"Use place value drawings to represent addition and relate them to written recordings, part 2.",lesson,FALSE,"2 M4 Lesson 9: Use place value drawings to represent addition and relate them to written recordings, part 2.",Connecticut grade 2 Alignment Guide.docx
ccss,2,standard,2.NBT.B.8,"Mentally add 10 or 100 to a given number 100–900, and mentally subtract 10 or 100 from a given number 100–900.",G2-M4-L1,"Organize, count, and represent a collection of objects.",lesson,FALSE,"2 M4 Lesson 1: Organize, count, and represent a collection of objects.",Connecticut grade 2 Alignment Guide.docx
ccss,2,standard,2.NBT.B.8,"Mentally add 10 or 100 to a given number 100–900, and mentally subtract 10 or 100 from a given number 100–900.",G2-M4-L2,Mentally add and subtract multiples of 10 and 100 with unknowns in various positions.,lesson,FALSE,2 M4 Lesson 2: Mentally add and subtract multiples of 10 and 100 with unknowns in various positions.,Connecticut grade 2 Alignment Guide.docx
ccss,2,standard,2.NBT.B.8,"Mentally add 10 or 100 to a given number 100–900, and mentally subtract 10 or 100 from a given number 100–900.",G2-M4-L3,Solve multi-step word problems and reason about equal expressions.,lesson,FALSE,2 M4 Lesson 3: Solve multi-step word problems and reason about equal expressions.,Connecticut grade 2 Alignment Guide.docx
ccss,2,standard,2.NBT.B.9,"Explain why addition and subtraction strategies work, using place value and the properties of operations.",G2-M4-L10,Choose and defend efficient solution strategies for addition.,lesson,FALSE,2 M4 Lesson 10: Choose and defend efficient solution strategies for addition.,Connecticut grade 2 Alignment Guide.docx
ccss,2,standard,2.NBT.B.9,"Explain why addition and subtraction strategies work, using place value and the properties of operations.",G2-M4-L11,Choose and defend efficient strategies to add up to four two-digit numbers.,lesson,FALSE,2 M4 Lesson 11: Choose and defend efficient strategies to add up to four two-digit numbers.,Connecticut grade 2 Alignment Guide.docx
ccss,2,standard,2.NBT.B.9,"Explain why addition and subtraction strategies work, using place value and the properties of operations.",G2-M4-L20,Subtract by using multiple strategies and defend an efficient strategy.,lesson,FALSE,2 M4 Lesson 20: Subtract by using multiple strategies and defend an efficient strategy.,Connecticut grade 2 Alignment Guide.docx
ccss,2,standard,2.NBT.B.9,"Explain why addition and subtraction strategies work, using place value and the properties of operations.",G2-M4-L21,Apply strategies to find sums and differences and relate addition to subtraction.,lesson,FALSE,2 M4 Lesson 21: Apply strategies to find sums and differences and relate addition to subtraction.,Connecticut grade 2 Alignment Guide.docx
ccss,2,standard,2.NBT.B.9,"Explain why addition and subtraction strategies work, using place value and the properties of operations.",G2-M4-L5,"Use the associative property to make a benchmark number to add within 1,000.",lesson,FALSE,"2 M4 Lesson 5: Use the associative property to make a benchmark number to add within 1,000.",Connecticut grade 2 Alignment Guide.docx
ccss,2,standard,2.NBT.B.9,"Explain why addition and subtraction strategies work, using place value and the properties of operations.",G2-M4-L6,"Use compensation to add within 1,000.",lesson,FALSE,"2 M4 Lesson 6: Use compensation to add within 1,000.",Connecticut grade 2 Alignment Guide.docx
ccss,2,domain,2.OA,Operations and Algebraic Thinking,,,,,,Connecticut grade 2 Alignment Guide.docx
ccss,2,domain,2.OA,Operations and Algebraic Thinking,,,,,,Connecticut grade 2 Alignment Guide.docx
ccss,2,domain,2.OA,Operations and Algebraic Thinking,,,,,,Connecticut grade 2 Alignment Guide.docx
ccss,2,cluster,2.OA.A,Represent and solve problems involving addition and subtraction.,,,,,,Connecticut grade 2 Alignment Guide.docx
ccss,2,standard,2.OA.A.1,"Use addition and subtraction within 100 to solve one- and two-step word problems involving situations of adding to, taking from, putting together, taking apart, and comparing, with unknowns in all positions, e.g., by using drawings and equations with a symbol for the unknown number to represent the problem.",G2-M1-L22,Use counting strategies to solve add to with change unknown word problems.,lesson,FALSE,2 M1 Lesson 22: Use counting strategies to solve add to with change unknown word problems.,Connecticut grade 2 Alignment Guide.docx
ccss,2,standard,2.OA.A.1,"Use addition and subtraction within 100 to solve one- and two-step word problems involving situations of adding to, taking from, putting together, taking apart, and comparing, with unknowns in all positions, e.g., by using drawings and equations with a symbol for the unknown number to represent the problem.",G2-M2-L13,Represent and solve take from word problems.,lesson,FALSE,2 M2 Lesson 13: Represent and solve take from word problems.,Connecticut grade 2 Alignment Guide.docx
ccss,2,standard,2.OA.A.1,"Use addition and subtraction within 100 to solve one- and two-step word problems involving situations of adding to, taking from, putting together, taking apart, and comparing, with unknowns in all positions, e.g., by using drawings and equations with a symbol for the unknown number to represent the problem.",G2-M2-L19,Solve word problems with simplifying strategies for subtraction.,lesson,FALSE,2 M2 Lesson 19: Solve word problems with simplifying strategies for subtraction.,Connecticut grade 2 Alignment Guide.docx
ccss,2,standard,2.OA.A.1,"Use addition and subtraction within 100 to solve one- and two-step word problems involving situations of adding to, taking from, putting together, taking apart, and comparing, with unknowns in all positions, e.g., by using drawings and equations with a symbol for the unknown number to represent the problem.",G2-M2-L26,Solve add to and take from with start unknown word problems.,lesson,FALSE,2 M2 Lesson 26: Solve add to and take from with start unknown word problems.,Connecticut grade 2 Alignment Guide.docx
ccss,2,standard,2.OA.A.1,"Use addition and subtraction within 100 to solve one- and two-step word problems involving situations of adding to, taking from, putting together, taking apart, and comparing, with unknowns in all positions, e.g., by using drawings and equations with a symbol for the unknown number to represent the problem.",G2-M2-L27,Solve two-step word problems within 100.,lesson,FALSE,2 M2 Lesson 27: Solve two-step word problems within 100.,Connecticut grade 2 Alignment Guide.docx
ccss,2,standard,2.OA.A.1,"Use addition and subtraction within 100 to solve one- and two-step word problems involving situations of adding to, taking from, putting together, taking apart, and comparing, with unknowns in all positions, e.g., by using drawings and equations with a symbol for the unknown number to represent the problem.",G2-M2-L7,Solve word problems by using simplifying strategies for addition.,lesson,FALSE,2 M2 Lesson 7: Solve word problems by using simplifying strategies for addition.,Connecticut grade 2 Alignment Guide.docx
ccss,2,standard,2.OA.A.1,"Use addition and subtraction within 100 to solve one- and two-step word problems involving situations of adding to, taking from, putting together, taking apart, and comparing, with unknowns in all positions, e.g., by using drawings and equations with a symbol for the unknown number to represent the problem.",G2-M4-L22,Solve compare with smaller unknown word problems.,lesson,FALSE,2 M4 Lesson 22: Solve compare with smaller unknown word problems.,Connecticut grade 2 Alignment Guide.docx
ccss,2,standard,2.OA.A.1,"Use addition and subtraction within 100 to solve one- and two-step word problems involving situations of adding to, taking from, putting together, taking apart, and comparing, with unknowns in all positions, e.g., by using drawings and equations with a symbol for the unknown number to represent the problem.",G2-M4-L23,Solve two-step addition and subtraction word problems.,lesson,FALSE,2 M4 Lesson 23: Solve two-step addition and subtraction word problems.,Connecticut grade 2 Alignment Guide.docx
ccss,2,standard,2.OA.A.1,"Use addition and subtraction within 100 to solve one- and two-step word problems involving situations of adding to, taking from, putting together, taking apart, and comparing, with unknowns in all positions, e.g., by using drawings and equations with a symbol for the unknown number to represent the problem.",G2-M4-L3,Solve multi-step word problems and reason about equal expressions.,lesson,FALSE,2 M4 Lesson 3: Solve multi-step word problems and reason about equal expressions.,Connecticut grade 2 Alignment Guide.docx
ccss,2,standard,2.OA.A.1,"Use addition and subtraction within 100 to solve one- and two-step word problems involving situations of adding to, taking from, putting together, taking apart, and comparing, with unknowns in all positions, e.g., by using drawings and equations with a symbol for the unknown number to represent the problem.",G2-M4-L4,Represent and solve compare with bigger unknown word problems.,lesson,FALSE,2 M4 Lesson 4: Represent and solve compare with bigger unknown word problems.,Connecticut grade 2 Alignment Guide.docx
ccss,2,standard,2.OA.A.1,"Use addition and subtraction within 100 to solve one- and two-step word problems involving situations of adding to, taking from, putting together, taking apart, and comparing, with unknowns in all positions, e.g., by using drawings and equations with a symbol for the unknown number to represent the problem.",G2-M6-L1,Compose equal groups and write repeated addition equations.,lesson,FALSE,2 M6 Lesson 1: Compose equal groups and write repeated addition equations.,Connecticut grade 2 Alignment Guide.docx
ccss,2,standard,2.OA.A.1,"Use addition and subtraction within 100 to solve one- and two-step word problems involving situations of adding to, taking from, putting together, taking apart, and comparing, with unknowns in all positions, e.g., by using drawings and equations with a symbol for the unknown number to represent the problem.",G2-M6-L17,Solve word problems that involve equal groups and arrays.,lesson,FALSE,2 M6 Lesson 17: Solve word problems that involve equal groups and arrays.,Connecticut grade 2 Alignment Guide.docx
ccss,2,standard,2.OA.A.1,"Use addition and subtraction within 100 to solve one- and two-step word problems involving situations of adding to, taking from, putting together, taking apart, and comparing, with unknowns in all positions, e.g., by using drawings and equations with a symbol for the unknown number to represent the problem.",G2-M6-L4,Represent equal groups with a tape diagram.,lesson,FALSE,2 M6 Lesson 4: Represent equal groups with a tape diagram.,Connecticut grade 2 Alignment Guide.docx
ccss,2,cluster,2.OA.B,Add and subtract within 20.,,,,,,Connecticut grade 2 Alignment Guide.docx
ccss,2,standard,2.OA.B.2,"Fluently add and subtract within 20 using mental strategies. By end of Grade 2, know from memory all sums of two one-digit numbers.",G2-M4-L10,Choose and defend efficient solution strategies for addition.,lesson,FALSE,2 M4 Lesson 10: Choose and defend efficient solution strategies for addition.,Connecticut grade 2 Alignment Guide.docx
ccss,2,standard,2.OA.B.2,"Fluently add and subtract within 20 using mental strategies. By end of Grade 2, know from memory all sums of two one-digit numbers.",G2-M4-L11,Choose and defend efficient strategies to add up to four two-digit numbers.,lesson,FALSE,2 M4 Lesson 11: Choose and defend efficient strategies to add up to four two-digit numbers.,Connecticut grade 2 Alignment Guide.docx
ccss,2,standard,2.OA.B.2,"Fluently add and subtract within 20 using mental strategies. By end of Grade 2, know from memory all sums of two one-digit numbers.",G2-M4-L7,Use concrete models to add and relate them to written recordings.,lesson,FALSE,2 M4 Lesson 7: Use concrete models to add and relate them to written recordings.,Connecticut grade 2 Alignment Guide.docx
ccss,2,standard,2.OA.B.2,"Fluently add and subtract within 20 using mental strategies. By end of Grade 2, know from memory all sums of two one-digit numbers.",G2-M4-L8,"Use place value drawings to represent addition and relate them to written recordings, part 1.",lesson,FALSE,"2 M4 Lesson 8: Use place value drawings to represent addition and relate them to written recordings, part 1.",Connecticut grade 2 Alignment Guide.docx
ccss,2,standard,2.OA.B.2,"Fluently add and subtract within 20 using mental strategies. By end of Grade 2, know from memory all sums of two one-digit numbers.",G2-M4-L9,"Use place value drawings to represent addition and relate them to written recordings, part 2.",lesson,FALSE,"2 M4 Lesson 9: Use place value drawings to represent addition and relate them to written recordings, part 2.",Connecticut grade 2 Alignment Guide.docx
ccss,2,standard,2.OA.B.2,"Fluently add and subtract within 20 using mental strategies. By end of Grade 2, know from memory all sums of two one-digit numbers.",G2-M6-L18,Use various strategies to fluently add and subtract within 100 and know all sums and differences within 20 from memory.,lesson,FALSE,2 M6 Lesson 18: Use various strategies to fluently add and subtract within 100 and know all sums and differences within 20 from memory.,Connecticut grade 2 Alignment Guide.docx
ccss,2,cluster,2.OA.C,Work with equal groups of objects to gain foundations for multiplication.,,,,,,Connecticut grade 2 Alignment Guide.docx
ccss,2,standard,2.OA.C.3,"Determine whether a group of objects (up to 20) has an odd or even number of members, e.g., by pairing objects or counting them by 2s; write an equation to express an even number as a sum of two equal addends.",G2-M6-L14,Relate doubles to even numbers and write equations to express the sums.,lesson,FALSE,2 M6 Lesson 14: Relate doubles to even numbers and write equations to express the sums.,Connecticut grade 2 Alignment Guide.docx
ccss,2,standard,2.OA.C.3,"Determine whether a group of objects (up to 20) has an odd or even number of members, e.g., by pairing objects or counting them by 2s; write an equation to express an even number as a sum of two equal addends.",G2-M6-L15,Pair objects and skip-count to determine whether a number is even or odd.,lesson,FALSE,2 M6 Lesson 15: Pair objects and skip-count to determine whether a number is even or odd.,Connecticut grade 2 Alignment Guide.docx
ccss,2,standard,2.OA.C.3,"Determine whether a group of objects (up to 20) has an odd or even number of members, e.g., by pairing objects or counting them by 2s; write an equation to express an even number as a sum of two equal addends.",G2-M6-L16,Use rectangular arrays to investigate combinations of even and odd numbers.,lesson,FALSE,2 M6 Lesson 16: Use rectangular arrays to investigate combinations of even and odd numbers.,Connecticut grade 2 Alignment Guide.docx
ccss,2,standard,2.OA.C.3,"Determine whether a group of objects (up to 20) has an odd or even number of members, e.g., by pairing objects or counting them by 2s; write an equation to express an even number as a sum of two equal addends.",G2-M6-L17,Solve word problems that involve equal groups and arrays.,lesson,FALSE,2 M6 Lesson 17: Solve word problems that involve equal groups and arrays.,Connecticut grade 2 Alignment Guide.docx
ccss,2,standard,2.OA.C.4,Use addition to find the total number of objects arranged in rectangular arrays with up to 5 rows and up to 5 columns; write an equation to express the total as a sum of equal addends.,G2-M6-L17,Solve word problems that involve equal groups and arrays.,lesson,FALSE,2 M6 Lesson 17: Solve word problems that involve equal groups and arrays.,Connecticut grade 2 Alignment Guide.docx
ccss,3,domain,3.G,Geometry,,,,,,Connecticut grade 3 Alignment Guide.docx
ccss,3,cluster,3.G.A,Reason with shapes and their attributes.,,,,,,Connecticut grade 3 Alignment Guide.docx
ccss,3,standard,3.G.A.1,"Understand that shapes in different categories (e.g., rhombuses, rectangles, and others) may share attributes (e.g., having four sides), and that the shared attributes can define a larger category (e.g., quadrilaterals). Recognize rhombuses, rectangles, and squares as examples of quadrilaterals, and draw examples of quadrilaterals that do not belong to any of these subcategories.",G3-M4-L1,"Explore attributes of squares, rectangles, and trapezoids.",lesson,FALSE,"3 M4 Lesson 1: Explore attributes of squares, rectangles, and trapezoids.",Connecticut grade 3 Alignment Guide.docx
ccss,3,standard,3.G.A.1,"Understand that shapes in different categories (e.g., rhombuses, rectangles, and others) may share attributes (e.g., having four sides), and that the shared attributes can define a larger category (e.g., quadrilaterals). Recognize rhombuses, rectangles, and squares as examples of quadrilaterals, and draw examples of quadrilaterals that do not belong to any of these subcategories.",G3-M4-L5,Relate side lengths to the number of tiles on a side.,lesson,FALSE,3 M4 Lesson 5: Relate side lengths to the number of tiles on a side.,Connecticut grade 3 Alignment Guide.docx
ccss,3,domain,3.MD,Measurements and Data,,,,,,Connecticut grade 3 Alignment Guide.docx
ccss,3,domain,3.MD,Measurement and Data,,,,,,Connecticut grade 3 Alignment Guide.docx
ccss,3,domain,3.MD,Measurement and Data,,,,,,Connecticut grade 3 Alignment Guide.docx
ccss,3,domain,3.MD,Measurement and Data,,,,,,Connecticut grade 3 Alignment Guide.docx
ccss,3,cluster,3.MD.A,"Solve problems involving measurement and estimation of intervals of time, liquid volumes, and masses of objects.",,,,,,Connecticut grade 3 Alignment Guide.docx
ccss,3,standard,3.MD.A.1,"Tell and write time to the nearest minute and measure time intervals in minutes. Solve word problems involving addition and subtraction of time intervals in minutes, e.g., by representing the problem on a number line diagram.",G3-M6-L1,Relate skip-counting by fives on the clock to telling time on the number line.,lesson,FALSE,3 M6 Lesson 1: Relate skip-counting by fives on the clock to telling time on the number line.,Connecticut grade 3 Alignment Guide.docx
ccss,3,standard,3.MD.A.1,"Tell and write time to the nearest minute and measure time intervals in minutes. Solve word problems involving addition and subtraction of time intervals in minutes, e.g., by representing the problem on a number line diagram.",G3-M6-L2,Count by fives and ones on the number line as a strategy for telling time to the nearest minute on the clock.,lesson,FALSE,3 M6 Lesson 2: Count by fives and ones on the number line as a strategy for telling time to the nearest minute on the clock.,Connecticut grade 3 Alignment Guide.docx
ccss,3,standard,3.MD.A.1,"Tell and write time to the nearest minute and measure time intervals in minutes. Solve word problems involving addition and subtraction of time intervals in minutes, e.g., by representing the problem on a number line diagram.",G3-M6-L3,Solve time word problems where the end time is unknown.,lesson,FALSE,3 M6 Lesson 3: Solve time word problems where the end time is unknown.,Connecticut grade 3 Alignment Guide.docx
ccss,3,standard,3.MD.A.1,"Tell and write time to the nearest minute and measure time intervals in minutes. Solve word problems involving addition and subtraction of time intervals in minutes, e.g., by representing the problem on a number line diagram.",G3-M6-L4,Solve time word problems where the start time is unknown.,lesson,FALSE,3 M6 Lesson 4: Solve time word problems where the start time is unknown.,Connecticut grade 3 Alignment Guide.docx
ccss,3,standard,3.MD.A.1,"Tell and write time to the nearest minute and measure time intervals in minutes. Solve word problems involving addition and subtraction of time intervals in minutes, e.g., by representing the problem on a number line diagram.",G3-M6-L5,Solve time word problems where the change in time is unknown.,lesson,FALSE,3 M6 Lesson 5: Solve time word problems where the change in time is unknown.,Connecticut grade 3 Alignment Guide.docx
ccss,3,standard,3.MD.A.1,"Tell and write time to the nearest minute and measure time intervals in minutes. Solve word problems involving addition and subtraction of time intervals in minutes, e.g., by representing the problem on a number line diagram.",G3-M6-L6,Solve time word problems and use time data to create a line plot.,lesson,FALSE,3 M6 Lesson 6: Solve time word problems and use time data to create a line plot.,Connecticut grade 3 Alignment Guide.docx
ccss,3,cluster,3.MD.B,Represent and interpret data.,,,,,,Connecticut grade 3 Alignment Guide.docx
ccss,3,standard,3.MD.B.3,Draw a scaled picture graph and a scaled bar graph to represent a data set with several categories. Solve one- and two-step “how many more” and “how many less” problems using information presented in scaled bar graphs.,G3-M2-L13,Collect and represent data in a scaled bar graph and solve related problems.,lesson,FALSE,3 M2 Lesson 13: Collect and represent data in a scaled bar graph and solve related problems.,Connecticut grade 3 Alignment Guide.docx
ccss,3,standard,3.MD.B.3,Draw a scaled picture graph and a scaled bar graph to represent a data set with several categories. Solve one- and two-step “how many more” and “how many less” problems using information presented in scaled bar graphs.,G3-M6-L22,Generate categorical data and represent it by using a scaled picture graph.,lesson,FALSE,3 M6 Lesson 22: Generate categorical data and represent it by using a scaled picture graph.,Connecticut grade 3 Alignment Guide.docx
ccss,3,standard,3.MD.B.3,Draw a scaled picture graph and a scaled bar graph to represent a data set with several categories. Solve one- and two-step “how many more” and “how many less” problems using information presented in scaled bar graphs.,G3-M6-L23,Solve word problems by creating scaled picture graphs and scaled bar graphs.,lesson,FALSE,3 M6 Lesson 23: Solve word problems by creating scaled picture graphs and scaled bar graphs.,Connecticut grade 3 Alignment Guide.docx
ccss,3,standard,3.MD.B.4,"Generate measurement data by measuring lengths using rulers marked with halves and fourths of an inch. Show the data by making a line plot, where the horizontal scale is marked off in appropriate units—whole numbers, halves, or quarters.",G3-M5-L16,Measure lengths and record data on a line plot.,lesson,FALSE,3 M5 Lesson 16: Measure lengths and record data on a line plot.,Connecticut grade 3 Alignment Guide.docx
ccss,3,standard,3.MD.B.4,"Generate measurement data by measuring lengths using rulers marked with halves and fourths of an inch. Show the data by making a line plot, where the horizontal scale is marked off in appropriate units—whole numbers, halves, or quarters.",G3-M6-L20,Record measurement data in a line plot.,lesson,FALSE,3 M6 Lesson 20: Record measurement data in a line plot.,Connecticut grade 3 Alignment Guide.docx
ccss,3,standard,3.MD.B.4,"Generate measurement data by measuring lengths using rulers marked with halves and fourths of an inch. Show the data by making a line plot, where the horizontal scale is marked off in appropriate units—whole numbers, halves, or quarters.",G3-M6-L21,Create and analyze a line plot for measurement data to the nearest half unit and quarter unit.,lesson,FALSE,3 M6 Lesson 21: Create and analyze a line plot for measurement data to the nearest half unit and quarter unit.,Connecticut grade 3 Alignment Guide.docx
ccss,3,cluster,3.MD.C,Geometric measurement: understand concepts of area and relate area to multiplication and to addition.,,,,,,Connecticut grade 3 Alignment Guide.docx
ccss,3,standard,3.MD.C.5,Recognize area as an attribute of plane figures and understand concepts of area measurement.,G3-M4-L16,Solve historical math problems involving area.,lesson,FALSE,3 M4 Lesson 16: Solve historical math problems involving area.,Connecticut grade 3 Alignment Guide.docx
ccss,3,standard,3.MD.C.5.a,"A square with side length 1 unit, called “a unit square,” is said to have “one square unit” of area, and can be used to measure area.",G3-M4-L16,Solve historical math problems involving area.,lesson,FALSE,3 M4 Lesson 16: Solve historical math problems involving area.,Connecticut grade 3 Alignment Guide.docx
ccss,3,standard,3.MD.C.5.a,"A square with side length 1 unit, called “a unit square,” is said to have “one square unit” of area, and can be used to measure area.",G3-M4-L2,Recognize area as an attribute of polygons.,lesson,FALSE,3 M4 Lesson 2: Recognize area as an attribute of polygons.,Connecticut grade 3 Alignment Guide.docx
ccss,3,standard,3.MD.C.5.a,"A square with side length 1 unit, called “a unit square,” is said to have “one square unit” of area, and can be used to measure area.",G3-M4-L3,Tile polygons to find their areas.,lesson,FALSE,3 M4 Lesson 3: Tile polygons to find their areas.,Connecticut grade 3 Alignment Guide.docx
ccss,3,standard,3.MD.C.5.a,"A square with side length 1 unit, called “a unit square,” is said to have “one square unit” of area, and can be used to measure area.",G3-M4-L4,Compose rectangles to compare areas.,lesson,FALSE,3 M4 Lesson 4: Compose rectangles to compare areas.,Connecticut grade 3 Alignment Guide.docx
ccss,3,standard,3.MD.C.5.a,"A square with side length 1 unit, called “a unit square,” is said to have “one square unit” of area, and can be used to measure area.",G3-M4-L5,Relate side lengths to the number of tiles on a side.,lesson,FALSE,3 M4 Lesson 5: Relate side lengths to the number of tiles on a side.,Connecticut grade 3 Alignment Guide.docx
ccss,3,standard,3.MD.C.5.b,A plane figure which can be covered without gaps or overlaps by 𝑛 unit squares is said to have an area of 𝑛 square units.,G3-M4-L16,Solve historical math problems involving area.,lesson,FALSE,3 M4 Lesson 16: Solve historical math problems involving area.,Connecticut grade 3 Alignment Guide.docx
ccss,3,standard,3.MD.C.5.b,A plane figure which can be covered without gaps or overlaps by 𝑛 unit squares is said to have an area of 𝑛 square units.,G3-M4-L2,Recognize area as an attribute of polygons.,lesson,FALSE,3 M4 Lesson 2: Recognize area as an attribute of polygons.,Connecticut grade 3 Alignment Guide.docx
ccss,3,standard,3.MD.C.5.b,A plane figure which can be covered without gaps or overlaps by 𝑛 unit squares is said to have an area of 𝑛 square units.,G3-M4-L3,Tile polygons to find their areas.,lesson,FALSE,3 M4 Lesson 3: Tile polygons to find their areas.,Connecticut grade 3 Alignment Guide.docx
ccss,3,standard,3.MD.C.5.b,A plane figure which can be covered without gaps or overlaps by 𝑛 unit squares is said to have an area of 𝑛 square units.,G3-M4-L4,Compose rectangles to compare areas.,lesson,FALSE,3 M4 Lesson 4: Compose rectangles to compare areas.,Connecticut grade 3 Alignment Guide.docx
ccss,3,standard,3.MD.C.5.b,A plane figure which can be covered without gaps or overlaps by 𝑛 unit squares is said to have an area of 𝑛 square units.,G3-M4-L5,Relate side lengths to the number of tiles on a side.,lesson,FALSE,3 M4 Lesson 5: Relate side lengths to the number of tiles on a side.,Connecticut grade 3 Alignment Guide.docx
ccss,3,standard,3.MD.C.6,"Measure areas by counting unit squares (square cm, square m, square in, square ft, and improvised units).",G3-M4-L16,Solve historical math problems involving area.,lesson,FALSE,3 M4 Lesson 16: Solve historical math problems involving area.,Connecticut grade 3 Alignment Guide.docx
ccss,3,standard,3.MD.C.6,"Measure areas by counting unit squares (square cm, square m, square in, square ft, and improvised units).",G3-M4-L18,Find the area of shapes and represent area data on a line plot.,lesson,FALSE,3 M4 Lesson 18: Find the area of shapes and represent area data on a line plot.,Connecticut grade 3 Alignment Guide.docx
ccss,3,standard,3.MD.C.6,"Measure areas by counting unit squares (square cm, square m, square in, square ft, and improvised units).",G3-M4-L2,Recognize area as an attribute of polygons.,lesson,FALSE,3 M4 Lesson 2: Recognize area as an attribute of polygons.,Connecticut grade 3 Alignment Guide.docx
ccss,3,standard,3.MD.C.6,"Measure areas by counting unit squares (square cm, square m, square in, square ft, and improvised units).",G3-M4-L3,Tile polygons to find their areas.,lesson,FALSE,3 M4 Lesson 3: Tile polygons to find their areas.,Connecticut grade 3 Alignment Guide.docx
ccss,3,standard,3.MD.C.6,"Measure areas by counting unit squares (square cm, square m, square in, square ft, and improvised units).",G3-M4-L4,Compose rectangles to compare areas.,lesson,FALSE,3 M4 Lesson 4: Compose rectangles to compare areas.,Connecticut grade 3 Alignment Guide.docx
ccss,3,standard,3.MD.C.6,"Measure areas by counting unit squares (square cm, square m, square in, square ft, and improvised units).",G3-M4-L5,Relate side lengths to the number of tiles on a side.,lesson,FALSE,3 M4 Lesson 5: Relate side lengths to the number of tiles on a side.,Connecticut grade 3 Alignment Guide.docx
ccss,3,standard,3.MD.C.6,"Measure areas by counting unit squares (square cm, square m, square in, square ft, and improvised units).",G3-M4-L6,Tile rectangles with squares to make arrays and relate the side lengths to the area.,lesson,FALSE,3 M4 Lesson 6: Tile rectangles with squares to make arrays and relate the side lengths to the area.,Connecticut grade 3 Alignment Guide.docx
ccss,3,standard,3.MD.C.6,"Measure areas by counting unit squares (square cm, square m, square in, square ft, and improvised units).",G3-M4-L7,Draw rows and columns to complete a rectangular array and determine its area.,lesson,FALSE,3 M4 Lesson 7: Draw rows and columns to complete a rectangular array and determine its area.,Connecticut grade 3 Alignment Guide.docx
ccss,3,standard,3.MD.C.7.a,"Find the area of a rectangle with whole-number side lengths by tiling it, and show that the area is the same as would be found by multiplying the side lengths.",G3-M4-L12,Find all possible side lengths of rectangles with a given area.,lesson,FALSE,3 M4 Lesson 12: Find all possible side lengths of rectangles with a given area.,Connecticut grade 3 Alignment Guide.docx
ccss,3,standard,3.MD.C.7.a,"Find the area of a rectangle with whole-number side lengths by tiling it, and show that the area is the same as would be found by multiplying the side lengths.",G3-M4-L6,Tile rectangles with squares to make arrays and relate the side lengths to the area.,lesson,FALSE,3 M4 Lesson 6: Tile rectangles with squares to make arrays and relate the side lengths to the area.,Connecticut grade 3 Alignment Guide.docx
ccss,3,standard,3.MD.C.7.a,"Find the area of a rectangle with whole-number side lengths by tiling it, and show that the area is the same as would be found by multiplying the side lengths.",G3-M4-L7,Draw rows and columns to complete a rectangular array and determine its area.,lesson,FALSE,3 M4 Lesson 7: Draw rows and columns to complete a rectangular array and determine its area.,Connecticut grade 3 Alignment Guide.docx
ccss,3,standard,3.MD.C.7.a,"Find the area of a rectangle with whole-number side lengths by tiling it, and show that the area is the same as would be found by multiplying the side lengths.",G3-M4-L8,Determine the area of a rectangle by using side lengths.,lesson,FALSE,3 M4 Lesson 8: Determine the area of a rectangle by using side lengths.,Connecticut grade 3 Alignment Guide.docx
ccss,3,standard,3.MD.C.7.b,"Multiply side lengths to find areas of rectangles with whole-number side lengths in the context of solving real world and mathematical problems, and represent whole-number products as rectangular areas in mathematical reasoning.",G3-M4-L11,Decompose to find the total area of a rectangle.,lesson,FALSE,3 M4 Lesson 11: Decompose to find the total area of a rectangle.,Connecticut grade 3 Alignment Guide.docx
ccss,3,standard,3.MD.C.7.b,"Multiply side lengths to find areas of rectangles with whole-number side lengths in the context of solving real world and mathematical problems, and represent whole-number products as rectangular areas in mathematical reasoning.",G3-M4-L12,Find all possible side lengths of rectangles with a given area.,lesson,FALSE,3 M4 Lesson 12: Find all possible side lengths of rectangles with a given area.,Connecticut grade 3 Alignment Guide.docx
ccss,3,standard,3.MD.C.7.b,"Multiply side lengths to find areas of rectangles with whole-number side lengths in the context of solving real world and mathematical problems, and represent whole-number products as rectangular areas in mathematical reasoning.",G3-M4-L13,Apply area understanding to real-world situations.,lesson,FALSE,3 M4 Lesson 13: Apply area understanding to real-world situations.,Connecticut grade 3 Alignment Guide.docx
ccss,3,standard,3.MD.C.7.b,"Multiply side lengths to find areas of rectangles with whole-number side lengths in the context of solving real world and mathematical problems, and represent whole-number products as rectangular areas in mathematical reasoning.",G3-M4-L14,Reason to find the area of composite shapes by using grids.,lesson,FALSE,3 M4 Lesson 14: Reason to find the area of composite shapes by using grids.,Connecticut grade 3 Alignment Guide.docx
ccss,3,standard,3.MD.C.7.b,"Multiply side lengths to find areas of rectangles with whole-number side lengths in the context of solving real world and mathematical problems, and represent whole-number products as rectangular areas in mathematical reasoning.",G3-M4-L15,Reason to find the area of composite shapes by using rectangles.,lesson,FALSE,3 M4 Lesson 15: Reason to find the area of composite shapes by using rectangles.,Connecticut grade 3 Alignment Guide.docx
ccss,3,standard,3.MD.C.7.b,"Multiply side lengths to find areas of rectangles with whole-number side lengths in the context of solving real world and mathematical problems, and represent whole-number products as rectangular areas in mathematical reasoning.",G3-M4-L17,Apply area concepts to a real-world context.,lesson,FALSE,3 M4 Lesson 17: Apply area concepts to a real-world context.,Connecticut grade 3 Alignment Guide.docx
ccss,3,standard,3.MD.C.7.b,"Multiply side lengths to find areas of rectangles with whole-number side lengths in the context of solving real world and mathematical problems, and represent whole-number products as rectangular areas in mathematical reasoning.",G3-M4-L18,Find the area of shapes and represent area data on a line plot.,lesson,FALSE,3 M4 Lesson 18: Find the area of shapes and represent area data on a line plot.,Connecticut grade 3 Alignment Guide.docx
ccss,3,standard,3.MD.C.7.b,"Multiply side lengths to find areas of rectangles with whole-number side lengths in the context of solving real world and mathematical problems, and represent whole-number products as rectangular areas in mathematical reasoning.",G3-M4-L19,Apply area concepts to complete a multi-part task.,lesson,FALSE,3 M4 Lesson 19: Apply area concepts to complete a multi-part task.,Connecticut grade 3 Alignment Guide.docx
ccss,3,standard,3.MD.C.7.b,"Multiply side lengths to find areas of rectangles with whole-number side lengths in the context of solving real world and mathematical problems, and represent whole-number products as rectangular areas in mathematical reasoning.",G3-M4-L8,Determine the area of a rectangle by using side lengths.,lesson,FALSE,3 M4 Lesson 8: Determine the area of a rectangle by using side lengths.,Connecticut grade 3 Alignment Guide.docx
ccss,3,standard,3.MD.C.7.b,"Multiply side lengths to find areas of rectangles with whole-number side lengths in the context of solving real world and mathematical problems, and represent whole-number products as rectangular areas in mathematical reasoning.",G3-M4-L9,Multiply side lengths to find the area of a rectangle.,lesson,FALSE,3 M4 Lesson 9: Multiply side lengths to find the area of a rectangle.,Connecticut grade 3 Alignment Guide.docx
ccss,3,standard,3.MD.C.7.c,Use tiling to show in a concrete case that the area of a rectangle with whole-number side lengths 𝑎 and 𝑏 + 𝑐 is the sum of 𝑎 × 𝑏 and 𝑎 × 𝑐. Use area models to represent the distributive property in mathematical reasoning.,G3-M4-L10,Compose large rectangles and reason about their areas.,lesson,FALSE,3 M4 Lesson 10: Compose large rectangles and reason about their areas.,Connecticut grade 3 Alignment Guide.docx
ccss,3,standard,3.MD.C.7.c,Use tiling to show in a concrete case that the area of a rectangle with whole-number side lengths 𝑎 and 𝑏 + 𝑐 is the sum of 𝑎 × 𝑏 and 𝑎 × 𝑐. Use area models to represent the distributive property in mathematical reasoning.,G3-M4-L11,Decompose to find the total area of a rectangle.,lesson,FALSE,3 M4 Lesson 11: Decompose to find the total area of a rectangle.,Connecticut grade 3 Alignment Guide.docx
ccss,3,standard,3.MD.C.7.c,Use tiling to show in a concrete case that the area of a rectangle with whole-number side lengths 𝑎 and 𝑏 + 𝑐 is the sum of 𝑎 × 𝑏 and 𝑎 × 𝑐. Use area models to represent the distributive property in mathematical reasoning.,G3-M4-L13,Apply area understanding to real-world situations.,lesson,FALSE,3 M4 Lesson 13: Apply area understanding to real-world situations.,Connecticut grade 3 Alignment Guide.docx
ccss,3,standard,3.MD.C.7.d,"Recognize area as additive. Find areas of rectilinear figures by decomposing them into non-overlapping rectangles and adding the areas of the non-overlapping parts, applying this technique to solve real world problems.",G3-M4-L10,Compose large rectangles and reason about their areas.,lesson,FALSE,3 M4 Lesson 10: Compose large rectangles and reason about their areas.,Connecticut grade 3 Alignment Guide.docx
ccss,3,standard,3.MD.C.7.d,"Recognize area as additive. Find areas of rectilinear figures by decomposing them into non-overlapping rectangles and adding the areas of the non-overlapping parts, applying this technique to solve real world problems.",G3-M4-L11,Decompose to find the total area of a rectangle.,lesson,FALSE,3 M4 Lesson 11: Decompose to find the total area of a rectangle.,Connecticut grade 3 Alignment Guide.docx
ccss,3,standard,3.MD.C.7.d,"Recognize area as additive. Find areas of rectilinear figures by decomposing them into non-overlapping rectangles and adding the areas of the non-overlapping parts, applying this technique to solve real world problems.",G3-M4-L14,Reason to find the area of composite shapes by using grids.,lesson,FALSE,3 M4 Lesson 14: Reason to find the area of composite shapes by using grids.,Connecticut grade 3 Alignment Guide.docx
ccss,3,standard,3.MD.C.7.d,"Recognize area as additive. Find areas of rectilinear figures by decomposing them into non-overlapping rectangles and adding the areas of the non-overlapping parts, applying this technique to solve real world problems.",G3-M4-L15,Reason to find the area of composite shapes by using rectangles.,lesson,FALSE,3 M4 Lesson 15: Reason to find the area of composite shapes by using rectangles.,Connecticut grade 3 Alignment Guide.docx
ccss,3,standard,3.MD.C.7.d,"Recognize area as additive. Find areas of rectilinear figures by decomposing them into non-overlapping rectangles and adding the areas of the non-overlapping parts, applying this technique to solve real world problems.",G3-M4-L17,Apply area concepts to a real-world context.,lesson,FALSE,3 M4 Lesson 17: Apply area concepts to a real-world context.,Connecticut grade 3 Alignment Guide.docx
ccss,3,standard,3.MD.C.7.d,"Recognize area as additive. Find areas of rectilinear figures by decomposing them into non-overlapping rectangles and adding the areas of the non-overlapping parts, applying this technique to solve real world problems.",G3-M4-L18,Find the area of shapes and represent area data on a line plot.,lesson,FALSE,3 M4 Lesson 18: Find the area of shapes and represent area data on a line plot.,Connecticut grade 3 Alignment Guide.docx
ccss,3,standard,3.MD.C.7.d,"Recognize area as additive. Find areas of rectilinear figures by decomposing them into non-overlapping rectangles and adding the areas of the non-overlapping parts, applying this technique to solve real world problems.",G3-M4-L19,Apply area concepts to complete a multi-part task.,lesson,FALSE,3 M4 Lesson 19: Apply area concepts to complete a multi-part task.,Connecticut grade 3 Alignment Guide.docx
ccss,3,cluster,3.MD.D,Geometric measurement: recognize perimeter as an attribute of plane figures and distinguish between linear and area measures.,,,,,,Connecticut grade 3 Alignment Guide.docx
ccss,3,standard,3.MD.D.8,"Solve real world and mathematical problems involving perimeters of polygons, including finding the perimeter given the side lengths, finding an unknown side length, and exhibiting rectangles with the same perimeter and different areas or with the same area and different perimeters.",G3-M6-L19,Measure the perimeter of various circles to the nearest quarter inch by using string.,lesson,FALSE,3 M6 Lesson 19: Measure the perimeter of various circles to the nearest quarter inch by using string.,Connecticut grade 3 Alignment Guide.docx
ccss,3,domain,3.NBT,Number and Operations in Base Ten,,,,,,Connecticut grade 3 Alignment Guide.docx
ccss,3,cluster,3.NBT.A,Use place value understanding and properties of operations to perform multi-digit arithmetic.,,,,,,Connecticut grade 3 Alignment Guide.docx
ccss,3,standard,3.NBT.A.2,"Fluently add and subtract within 1000 using strategies and algorithms based on place value, properties of operations, and/or the relationship between addition and subtraction.",G3-M2-L12,Estimate sums and differences by rounding.,lesson,FALSE,3 M2 Lesson 12: Estimate sums and differences by rounding.,Connecticut grade 3 Alignment Guide.docx
ccss,3,standard,3.NBT.A.2,"Fluently add and subtract within 1000 using strategies and algorithms based on place value, properties of operations, and/or the relationship between addition and subtraction.",G3-M2-L14,Use place value understanding to add and subtract like units.,lesson,FALSE,3 M2 Lesson 14: Use place value understanding to add and subtract like units.,Connecticut grade 3 Alignment Guide.docx
ccss,3,standard,3.NBT.A.2,"Fluently add and subtract within 1000 using strategies and algorithms based on place value, properties of operations, and/or the relationship between addition and subtraction.",G3-M2-L15,Use the associative property to make the next ten to add.,lesson,FALSE,3 M2 Lesson 15: Use the associative property to make the next ten to add.,Connecticut grade 3 Alignment Guide.docx
ccss,3,standard,3.NBT.A.2,"Fluently add and subtract within 1000 using strategies and algorithms based on place value, properties of operations, and/or the relationship between addition and subtraction.",G3-M2-L16,Use compensation to add.,lesson,FALSE,3 M2 Lesson 16: Use compensation to add.,Connecticut grade 3 Alignment Guide.docx
ccss,3,standard,3.NBT.A.2,"Fluently add and subtract within 1000 using strategies and algorithms based on place value, properties of operations, and/or the relationship between addition and subtraction.",G3-M2-L17,Use place value understanding to subtract efficiently using take from a ten.,lesson,FALSE,3 M2 Lesson 17: Use place value understanding to subtract efficiently using take from a ten.,Connecticut grade 3 Alignment Guide.docx
ccss,3,standard,3.NBT.A.2,"Fluently add and subtract within 1000 using strategies and algorithms based on place value, properties of operations, and/or the relationship between addition and subtraction.",G3-M2-L18,Use place value understanding to subtract efficiently using take from a hundred.,lesson,FALSE,3 M2 Lesson 18: Use place value understanding to subtract efficiently using take from a hundred.,Connecticut grade 3 Alignment Guide.docx
ccss,3,standard,3.NBT.A.2,"Fluently add and subtract within 1000 using strategies and algorithms based on place value, properties of operations, and/or the relationship between addition and subtraction.",G3-M2-L19,Use compensation to subtract.,lesson,FALSE,3 M2 Lesson 19: Use compensation to subtract.,Connecticut grade 3 Alignment Guide.docx
ccss,3,standard,3.NBT.A.2,"Fluently add and subtract within 1000 using strategies and algorithms based on place value, properties of operations, and/or the relationship between addition and subtraction.",G3-M2-L20,Add measurements using the standard algorithm to compose larger units once.,lesson,FALSE,3 M2 Lesson 20: Add measurements using the standard algorithm to compose larger units once.,Connecticut grade 3 Alignment Guide.docx
ccss,3,standard,3.NBT.A.2,"Fluently add and subtract within 1000 using strategies and algorithms based on place value, properties of operations, and/or the relationship between addition and subtraction.",G3-M2-L21,Add measurements using the standard algorithm to compose larger units twice.,lesson,FALSE,3 M2 Lesson 21: Add measurements using the standard algorithm to compose larger units twice.,Connecticut grade 3 Alignment Guide.docx
ccss,3,standard,3.NBT.A.2,"Fluently add and subtract within 1000 using strategies and algorithms based on place value, properties of operations, and/or the relationship between addition and subtraction.",G3-M2-L22,Subtract measurements using the standard algorithm to decompose larger units once.,lesson,FALSE,3 M2 Lesson 22: Subtract measurements using the standard algorithm to decompose larger units once.,Connecticut grade 3 Alignment Guide.docx
ccss,3,standard,3.NBT.A.2,"Fluently add and subtract within 1000 using strategies and algorithms based on place value, properties of operations, and/or the relationship between addition and subtraction.",G3-M2-L23,Subtract measurements using the standard algorithm to decompose larger units twice.,lesson,FALSE,3 M2 Lesson 23: Subtract measurements using the standard algorithm to decompose larger units twice.,Connecticut grade 3 Alignment Guide.docx
ccss,3,standard,3.NBT.A.2,"Fluently add and subtract within 1000 using strategies and algorithms based on place value, properties of operations, and/or the relationship between addition and subtraction.",G3-M2-L24,Subtract measurements using the standard algorithm to decompose larger units across two place values.,lesson,FALSE,3 M2 Lesson 24: Subtract measurements using the standard algorithm to decompose larger units across two place values.,Connecticut grade 3 Alignment Guide.docx
ccss,3,standard,3.NBT.A.2,"Fluently add and subtract within 1000 using strategies and algorithms based on place value, properties of operations, and/or the relationship between addition and subtraction.",G3-M6-L26,"Fluently multiply and divide within 100 and add and subtract within 1,000.",lesson,FALSE,"3 M6 Lesson 26: Fluently multiply and divide within 100 and add and subtract within 1,000.",Connecticut grade 3 Alignment Guide.docx
ccss,3,standard,3.NBT.A.3,"Multiply one-digit whole numbers by multiples of 10 in the range 10–90 (e.g., 9 × 80, 5 × 60) using strategies based on place value and properties of operations.",G3-M3-L20,Multiply by multiples of 10 by using the place value chart.,lesson,FALSE,3 M3 Lesson 20: Multiply by multiples of 10 by using the place value chart.,Connecticut grade 3 Alignment Guide.docx
ccss,3,standard,3.NBT.A.3,"Multiply one-digit whole numbers by multiples of 10 in the range 10–90 (e.g., 9 × 80, 5 × 60) using strategies based on place value and properties of operations.",G3-M3-L21,Multiply by multiples of 10 by using place value strategies and the associative property.,lesson,FALSE,3 M3 Lesson 21: Multiply by multiples of 10 by using place value strategies and the associative property.,Connecticut grade 3 Alignment Guide.docx
ccss,3,standard,3.NBT.A.3,"Multiply one-digit whole numbers by multiples of 10 in the range 10–90 (e.g., 9 × 80, 5 × 60) using strategies based on place value and properties of operations.",G3-M3-L22,Solve two-step word problems involving multiplication of single-digit factors and multiples of 10.,lesson,FALSE,3 M3 Lesson 22: Solve two-step word problems involving multiplication of single-digit factors and multiples of 10.,Connecticut grade 3 Alignment Guide.docx
ccss,3,domain,3.NF,Number and Operations-Fractions,,,,,,Connecticut grade 3 Alignment Guide.docx
ccss,3,cluster,3.NF.A,Develop understanding of fractions as numbers.,,,,,,Connecticut grade 3 Alignment Guide.docx
ccss,3,standard,3.NF.A.1,Understand a fraction 1/𝑏 as the quantity formed by 1 part when a whole is partitioned into 𝑏 equal parts; understand a fraction 𝑎/𝑏 as the quantity formed by 𝑎 parts of size 1/𝑏.,G3-M5-L27,Apply fraction concepts to complete a multi-part task.,lesson,FALSE,3 M5 Lesson 27: Apply fraction concepts to complete a multi-part task.,Connecticut grade 3 Alignment Guide.docx
ccss,3,standard,3.NF.A.1,Understand a fraction 1/𝑏 as the quantity formed by 1 part when a whole is partitioned into 𝑏 equal parts; understand a fraction 𝑎/𝑏 as the quantity formed by 𝑎 parts of size 1/𝑏.,G3-M5-L4,Partition a whole into fractional units pictorially and identify the unit fraction.,lesson,FALSE,3 M5 Lesson 4: Partition a whole into fractional units pictorially and identify the unit fraction.,Connecticut grade 3 Alignment Guide.docx
ccss,3,standard,3.NF.A.1,Understand a fraction 1/𝑏 as the quantity formed by 1 part when a whole is partitioned into 𝑏 equal parts; understand a fraction 𝑎/𝑏 as the quantity formed by 𝑎 parts of size 1/𝑏.,G3-M5-L5,Partition a whole into fractional units and write fractions in fraction form.,lesson,FALSE,3 M5 Lesson 5: Partition a whole into fractional units and write fractions in fraction form.,Connecticut grade 3 Alignment Guide.docx
ccss,3,standard,3.NF.A.1,Understand a fraction 1/𝑏 as the quantity formed by 1 part when a whole is partitioned into 𝑏 equal parts; understand a fraction 𝑎/𝑏 as the quantity formed by 𝑎 parts of size 1/𝑏.,G3-M5-L6,Build non-unit fractions less than 1 from unit fractions concretely.,lesson,FALSE,3 M5 Lesson 6: Build non-unit fractions less than 1 from unit fractions concretely.,Connecticut grade 3 Alignment Guide.docx
ccss,3,standard,3.NF.A.1,Understand a fraction 1/𝑏 as the quantity formed by 1 part when a whole is partitioned into 𝑏 equal parts; understand a fraction 𝑎/𝑏 as the quantity formed by 𝑎 parts of size 1/𝑏.,G3-M5-L7,Identify and represent a whole as two parts: a unit fraction and a non-unit fraction.,lesson,FALSE,3 M5 Lesson 7: Identify and represent a whole as two parts: a unit fraction and a non-unit fraction.,Connecticut grade 3 Alignment Guide.docx
ccss,3,standard,3.NF.A.1,Understand a fraction 1/𝑏 as the quantity formed by 1 part when a whole is partitioned into 𝑏 equal parts; understand a fraction 𝑎/𝑏 as the quantity formed by 𝑎 parts of size 1/𝑏.,G3-M5-L8,Identify and represent a whole as two non-unit fractions.,lesson,FALSE,3 M5 Lesson 8: Identify and represent a whole as two non-unit fractions.,Connecticut grade 3 Alignment Guide.docx
ccss,3,standard,3.NF.A.2.a,Represent a fraction 1/𝑏 on a number line diagram by defining the interval from 0 to 1 as the whole and partitioning it into 𝑏 equal parts. Recognize that each part has size 1/𝑏 and that the endpoint of the part based at 0 locates the number 1/𝑏 on the number line.,G3-M5-L11,Locate fractions from 0 to 1 on a number line by using fraction tiles.,lesson,FALSE,3 M5 Lesson 11: Locate fractions from 0 to 1 on a number line by using fraction tiles.,Connecticut grade 3 Alignment Guide.docx
ccss,3,standard,3.NF.A.2.a,Represent a fraction 1/𝑏 on a number line diagram by defining the interval from 0 to 1 as the whole and partitioning it into 𝑏 equal parts. Recognize that each part has size 1/𝑏 and that the endpoint of the part based at 0 locates the number 1/𝑏 on the number line.,G3-M5-L12,Represent fractions from 0 to 1 on a number line.,lesson,FALSE,3 M5 Lesson 12: Represent fractions from 0 to 1 on a number line.,Connecticut grade 3 Alignment Guide.docx
ccss,3,standard,3.NF.A.2.a,Represent a fraction 1/𝑏 on a number line diagram by defining the interval from 0 to 1 as the whole and partitioning it into 𝑏 equal parts. Recognize that each part has size 1/𝑏 and that the endpoint of the part based at 0 locates the number 1/𝑏 on the number line.,G3-M5-L15,Identify fractions on a ruler as numbers on a number line.,lesson,FALSE,3 M5 Lesson 15: Identify fractions on a ruler as numbers on a number line.,Connecticut grade 3 Alignment Guide.docx
ccss,3,standard,3.NF.A.2.b,Represent a fraction 𝑎/𝑏 on a number line diagram by marking off 𝑎 lengths 1/𝑏 from 0. Recognize that the resulting interval has size 𝑎/𝑏 and that its endpoint locates the number 𝑎/𝑏 on the number line.,G3-M5-L11,Locate fractions from 0 to 1 on a number line by using fraction tiles.,lesson,FALSE,3 M5 Lesson 11: Locate fractions from 0 to 1 on a number line by using fraction tiles.,Connecticut grade 3 Alignment Guide.docx
ccss,3,standard,3.NF.A.2.b,Represent a fraction 𝑎/𝑏 on a number line diagram by marking off 𝑎 lengths 1/𝑏 from 0. Recognize that the resulting interval has size 𝑎/𝑏 and that its endpoint locates the number 𝑎/𝑏 on the number line.,G3-M5-L12,Represent fractions from 0 to 1 on a number line.,lesson,FALSE,3 M5 Lesson 12: Represent fractions from 0 to 1 on a number line.,Connecticut grade 3 Alignment Guide.docx
ccss,3,standard,3.NF.A.2.b,Represent a fraction 𝑎/𝑏 on a number line diagram by marking off 𝑎 lengths 1/𝑏 from 0. Recognize that the resulting interval has size 𝑎/𝑏 and that its endpoint locates the number 𝑎/𝑏 on the number line.,G3-M5-L15,Identify fractions on a ruler as numbers on a number line.,lesson,FALSE,3 M5 Lesson 15: Identify fractions on a ruler as numbers on a number line.,Connecticut grade 3 Alignment Guide.docx
ccss,3,standard,3.NF.A.2.b,Represent a fraction 𝑎/𝑏 on a number line diagram by marking off 𝑎 lengths 1/𝑏 from 0. Recognize that the resulting interval has size 𝑎/𝑏 and that its endpoint locates the number 𝑎/𝑏 on the number line.,G3-M5-L18,Compare fractions with like units by using a number line.,lesson,FALSE,3 M5 Lesson 18: Compare fractions with like units by using a number line.,Connecticut grade 3 Alignment Guide.docx
ccss,3,standard,3.NF.A.2.b,Represent a fraction 𝑎/𝑏 on a number line diagram by marking off 𝑎 lengths 1/𝑏 from 0. Recognize that the resulting interval has size 𝑎/𝑏 and that its endpoint locates the number 𝑎/𝑏 on the number line.,G3-M5-L26,"Create a ruler with 1-inch, half-inch, and quarter-inch intervals.",lesson,FALSE,"3 M5 Lesson 26: Create a ruler with 1-inch, half-inch, and quarter-inch intervals.",Connecticut grade 3 Alignment Guide.docx
ccss,3,standard,3.NF.A.2.b,Represent a fraction 𝑎/𝑏 on a number line diagram by marking off 𝑎 lengths 1/𝑏 from 0. Recognize that the resulting interval has size 𝑎/𝑏 and that its endpoint locates the number 𝑎/𝑏 on the number line.,G3-M5-L27,Apply fraction concepts to complete a multi-part task.,lesson,FALSE,3 M5 Lesson 27: Apply fraction concepts to complete a multi-part task.,Connecticut grade 3 Alignment Guide.docx
ccss,3,standard,3.NF.A.3.a,"Understand two fractions as equivalent (equal) if they are the same size, or the same point on a number line.",G3-M5-L13,Identify equivalent fractions from 0 to 1 with tape diagrams and on number lines.,lesson,FALSE,3 M5 Lesson 13: Identify equivalent fractions from 0 to 1 with tape diagrams and on number lines.,Connecticut grade 3 Alignment Guide.docx
ccss,3,standard,3.NF.A.3.a,"Understand two fractions as equivalent (equal) if they are the same size, or the same point on a number line.",G3-M5-L14,Recognize that equivalent fractions share the same location on a number line.,lesson,FALSE,3 M5 Lesson 14: Recognize that equivalent fractions share the same location on a number line.,Connecticut grade 3 Alignment Guide.docx
ccss,3,standard,3.NF.A.3.a,"Understand two fractions as equivalent (equal) if they are the same size, or the same point on a number line.",G3-M5-L16,Measure lengths and record data on a line plot.,lesson,FALSE,3 M5 Lesson 16: Measure lengths and record data on a line plot.,Connecticut grade 3 Alignment Guide.docx
ccss,3,standard,3.NF.A.3.a,"Understand two fractions as equivalent (equal) if they are the same size, or the same point on a number line.",G3-M5-L17,Represent fractions greater than 1 on a number line and identify fractions equivalent to whole numbers.,lesson,FALSE,3 M5 Lesson 17: Represent fractions greater than 1 on a number line and identify fractions equivalent to whole numbers.,Connecticut grade 3 Alignment Guide.docx
ccss,3,standard,3.NF.A.3.a,"Understand two fractions as equivalent (equal) if they are the same size, or the same point on a number line.",G3-M5-L22,Identify fractions equivalent to whole numbers by using number lines.,lesson,FALSE,3 M5 Lesson 22: Identify fractions equivalent to whole numbers by using number lines.,Connecticut grade 3 Alignment Guide.docx
ccss,3,standard,3.NF.A.3.a,"Understand two fractions as equivalent (equal) if they are the same size, or the same point on a number line.",G3-M5-L23,Reason to find fractions equivalent to whole numbers by using patterns and number lines.,lesson,FALSE,3 M5 Lesson 23: Reason to find fractions equivalent to whole numbers by using patterns and number lines.,Connecticut grade 3 Alignment Guide.docx
ccss,3,standard,3.NF.A.3.b,"Recognize and generate simple equivalent fractions, (e.g., 1/2 = 2/4, 4/6 = 2/3). Explain why the fractions are equivalent, e.g., by using a visual fraction model.",G3-M5-L13,Identify equivalent fractions from 0 to 1 with tape diagrams and on number lines.,lesson,FALSE,3 M5 Lesson 13: Identify equivalent fractions from 0 to 1 with tape diagrams and on number lines.,Connecticut grade 3 Alignment Guide.docx
ccss,3,standard,3.NF.A.3.b,"Recognize and generate simple equivalent fractions, (e.g., 1/2 = 2/4, 4/6 = 2/3). Explain why the fractions are equivalent, e.g., by using a visual fraction model.",G3-M5-L14,Recognize that equivalent fractions share the same location on a number line.,lesson,FALSE,3 M5 Lesson 14: Recognize that equivalent fractions share the same location on a number line.,Connecticut grade 3 Alignment Guide.docx
ccss,3,standard,3.NF.A.3.b,"Recognize and generate simple equivalent fractions, (e.g., 1/2 = 2/4, 4/6 = 2/3). Explain why the fractions are equivalent, e.g., by using a visual fraction model.",G3-M5-L16,Measure lengths and record data on a line plot.,lesson,FALSE,3 M5 Lesson 16: Measure lengths and record data on a line plot.,Connecticut grade 3 Alignment Guide.docx
ccss,3,standard,3.NF.A.3.b,"Recognize and generate simple equivalent fractions, (e.g., 1/2 = 2/4, 4/6 = 2/3). Explain why the fractions are equivalent, e.g., by using a visual fraction model.",G3-M5-L17,Represent fractions greater than 1 on a number line and identify fractions equivalent to whole numbers.,lesson,FALSE,3 M5 Lesson 17: Represent fractions greater than 1 on a number line and identify fractions equivalent to whole numbers.,Connecticut grade 3 Alignment Guide.docx
ccss,3,standard,3.NF.A.3.b,"Recognize and generate simple equivalent fractions, (e.g., 1/2 = 2/4, 4/6 = 2/3). Explain why the fractions are equivalent, e.g., by using a visual fraction model.",G3-M5-L22,Identify fractions equivalent to whole numbers by using number lines.,lesson,FALSE,3 M5 Lesson 22: Identify fractions equivalent to whole numbers by using number lines.,Connecticut grade 3 Alignment Guide.docx
ccss,3,standard,3.NF.A.3.b,"Recognize and generate simple equivalent fractions, (e.g., 1/2 = 2/4, 4/6 = 2/3). Explain why the fractions are equivalent, e.g., by using a visual fraction model.",G3-M5-L23,Reason to find fractions equivalent to whole numbers by using patterns and number lines.,lesson,FALSE,3 M5 Lesson 23: Reason to find fractions equivalent to whole numbers by using patterns and number lines.,Connecticut grade 3 Alignment Guide.docx
ccss,3,standard,3.NF.A.3.b,"Recognize and generate simple equivalent fractions, (e.g., 1/2 = 2/4, 4/6 = 2/3). Explain why the fractions are equivalent, e.g., by using a visual fraction model.",G3-M5-L24,Generate equivalent fractions greater than 1 by using a number line.,lesson,FALSE,3 M5 Lesson 24: Generate equivalent fractions greater than 1 by using a number line.,Connecticut grade 3 Alignment Guide.docx
ccss,3,standard,3.NF.A.3.b,"Recognize and generate simple equivalent fractions, (e.g., 1/2 = 2/4, 4/6 = 2/3). Explain why the fractions are equivalent, e.g., by using a visual fraction model.",G3-M5-L26,"Create a ruler with 1-inch, half-inch, and quarter-inch intervals.",lesson,FALSE,"3 M5 Lesson 26: Create a ruler with 1-inch, half-inch, and quarter-inch intervals.",Connecticut grade 3 Alignment Guide.docx
ccss,3,standard,3.NF.A.3.c,"Express whole numbers as fractions, and recognize fractions that are equivalent to whole numbers.",G3-M5-L17,Represent fractions greater than 1 on a number line and identify fractions equivalent to whole numbers.,lesson,FALSE,3 M5 Lesson 17: Represent fractions greater than 1 on a number line and identify fractions equivalent to whole numbers.,Connecticut grade 3 Alignment Guide.docx
ccss,3,standard,3.NF.A.3.c,"Express whole numbers as fractions, and recognize fractions that are equivalent to whole numbers.",G3-M5-L22,Identify fractions equivalent to whole numbers by using number lines.,lesson,FALSE,3 M5 Lesson 22: Identify fractions equivalent to whole numbers by using number lines.,Connecticut grade 3 Alignment Guide.docx
ccss,3,standard,3.NF.A.3.c,"Express whole numbers as fractions, and recognize fractions that are equivalent to whole numbers.",G3-M5-L23,Reason to find fractions equivalent to whole numbers by using patterns and number lines.,lesson,FALSE,3 M5 Lesson 23: Reason to find fractions equivalent to whole numbers by using patterns and number lines.,Connecticut grade 3 Alignment Guide.docx
ccss,3,standard,3.NF.A.3.c,"Express whole numbers as fractions, and recognize fractions that are equivalent to whole numbers.",G3-M5-L24,Generate equivalent fractions greater than 1 by using a number line.,lesson,FALSE,3 M5 Lesson 24: Generate equivalent fractions greater than 1 by using a number line.,Connecticut grade 3 Alignment Guide.docx
ccss,3,standard,3.NF.A.3.c,"Express whole numbers as fractions, and recognize fractions that are equivalent to whole numbers.",G3-M5-L25,Express whole numbers as fractions with a denominator of 1.,lesson,FALSE,3 M5 Lesson 25: Express whole numbers as fractions with a denominator of 1.,Connecticut grade 3 Alignment Guide.docx
ccss,3,standard,3.NF.A.3.c,"Express whole numbers as fractions, and recognize fractions that are equivalent to whole numbers.",G3-M5-L8,Identify and represent a whole as two non-unit fractions.,lesson,FALSE,3 M5 Lesson 8: Identify and represent a whole as two non-unit fractions.,Connecticut grade 3 Alignment Guide.docx
ccss,3,standard,3.NF.A.3.d,"Compare two fractions with the same numerator or the same denominator by reasoning about their size. Recognize that comparisons are valid only when the two fractions refer to the same whole. Record the results of comparisons with the symbols >, =, or <, and justify the conclusions, e.g., by using a visual fraction model.",G3-M5-L10,Compare non-unit fractions less than 1 with the same numerator by using tape diagrams.,lesson,FALSE,3 M5 Lesson 10: Compare non-unit fractions less than 1 with the same numerator by using tape diagrams.,Connecticut grade 3 Alignment Guide.docx
ccss,3,standard,3.NF.A.3.d,"Compare two fractions with the same numerator or the same denominator by reasoning about their size. Recognize that comparisons are valid only when the two fractions refer to the same whole. Record the results of comparisons with the symbols >, =, or <, and justify the conclusions, e.g., by using a visual fraction model.",G3-M5-L18,Compare fractions with like units by using a number line.,lesson,FALSE,3 M5 Lesson 18: Compare fractions with like units by using a number line.,Connecticut grade 3 Alignment Guide.docx
ccss,3,standard,3.NF.A.3.d,"Compare two fractions with the same numerator or the same denominator by reasoning about their size. Recognize that comparisons are valid only when the two fractions refer to the same whole. Record the results of comparisons with the symbols >, =, or <, and justify the conclusions, e.g., by using a visual fraction model.",G3-M5-L19,Compare fractions with unlike units but the same numerator by using number lines.,lesson,FALSE,3 M5 Lesson 19: Compare fractions with unlike units but the same numerator by using number lines.,Connecticut grade 3 Alignment Guide.docx
ccss,3,standard,3.NF.A.3.d,"Compare two fractions with the same numerator or the same denominator by reasoning about their size. Recognize that comparisons are valid only when the two fractions refer to the same whole. Record the results of comparisons with the symbols >, =, or <, and justify the conclusions, e.g., by using a visual fraction model.",G3-M5-L20,Compare fractions with related units by using a number line.,lesson,FALSE,3 M5 Lesson 20: Compare fractions with related units by using a number line.,Connecticut grade 3 Alignment Guide.docx
ccss,3,standard,3.NF.A.3.d,"Compare two fractions with the same numerator or the same denominator by reasoning about their size. Recognize that comparisons are valid only when the two fractions refer to the same whole. Record the results of comparisons with the symbols >, =, or <, and justify the conclusions, e.g., by using a visual fraction model.",G3-M5-L21,Compare various fractions by representing them on number lines.,lesson,FALSE,3 M5 Lesson 21: Compare various fractions by representing them on number lines.,Connecticut grade 3 Alignment Guide.docx
ccss,3,standard,3.NF.A.3.d,"Compare two fractions with the same numerator or the same denominator by reasoning about their size. Recognize that comparisons are valid only when the two fractions refer to the same whole. Record the results of comparisons with the symbols >, =, or <, and justify the conclusions, e.g., by using a visual fraction model.",G3-M5-L27,Apply fraction concepts to complete a multi-part task.,lesson,FALSE,3 M5 Lesson 27: Apply fraction concepts to complete a multi-part task.,Connecticut grade 3 Alignment Guide.docx
ccss,3,standard,3.NF.A.3.d,"Compare two fractions with the same numerator or the same denominator by reasoning about their size. Recognize that comparisons are valid only when the two fractions refer to the same whole. Record the results of comparisons with the symbols >, =, or <, and justify the conclusions, e.g., by using a visual fraction model.",G3-M5-L9,Compare unit fractions by reasoning about their size concretely.,lesson,FALSE,3 M5 Lesson 9: Compare unit fractions by reasoning about their size concretely.,Connecticut grade 3 Alignment Guide.docx
ccss,3,domain,3.OA,Operations and Algebraic Thinking,,,,,,Connecticut grade 3 Alignment Guide.docx
ccss,3,domain,3.OA,Operations and Algebraic Thinking,,,,,,Connecticut grade 3 Alignment Guide.docx
ccss,3,domain,3.OA,Operations and Algebraic Thinking,,,,,,Connecticut grade 3 Alignment Guide.docx
ccss,3,domain,3.OA,Operations and Algebraic Thinking,,,,,,Connecticut grade 3 Alignment Guide.docx
ccss,3,cluster,3.OA.A,Represent and solve problems involving multiplication and division.,,,,,,Connecticut grade 3 Alignment Guide.docx
ccss,3,standard,3.OA.A.1,"Interpret products of whole numbers, e.g., interpret 5 × 7 as the total number of objects in 5 groups of 7 objects each.",G3-M1-L10,Demonstrate the commutative property of multiplication using a unit of 2 and the array model.,lesson,FALSE,3 M1 Lesson 10: Demonstrate the commutative property of multiplication using a unit of 2 and the array model.,Connecticut grade 3 Alignment Guide.docx
ccss,3,standard,3.OA.A.1,"Interpret products of whole numbers, e.g., interpret 5 × 7 as the total number of objects in 5 groups of 7 objects each.",G3-M1-L11,Demonstrate the commutative property of multiplication using a unit of 4 and the array model.,lesson,FALSE,3 M1 Lesson 11: Demonstrate the commutative property of multiplication using a unit of 4 and the array model.,Connecticut grade 3 Alignment Guide.docx
ccss,3,standard,3.OA.A.1,"Interpret products of whole numbers, e.g., interpret 5 × 7 as the total number of objects in 5 groups of 7 objects each.",G3-M1-L13,Demonstrate the commutative property of multiplication using a unit of 3 and the array model.,lesson,FALSE,3 M1 Lesson 13: Demonstrate the commutative property of multiplication using a unit of 3 and the array model.,Connecticut grade 3 Alignment Guide.docx
ccss,3,standard,3.OA.A.1,"Interpret products of whole numbers, e.g., interpret 5 × 7 as the total number of objects in 5 groups of 7 objects each.",G3-M1-L2,Interpret equal groups as multiplication.,lesson,FALSE,3 M1 Lesson 2: Interpret equal groups as multiplication.,Connecticut grade 3 Alignment Guide.docx
ccss,3,standard,3.OA.A.1,"Interpret products of whole numbers, e.g., interpret 5 × 7 as the total number of objects in 5 groups of 7 objects each.",G3-M1-L3,Relate multiplication to the array model.,lesson,FALSE,3 M1 Lesson 3: Relate multiplication to the array model.,Connecticut grade 3 Alignment Guide.docx
ccss,3,standard,3.OA.A.1,"Interpret products of whole numbers, e.g., interpret 5 × 7 as the total number of objects in 5 groups of 7 objects each.",G3-M1-L4,Interpret the meaning of factors as number of groups or number in each group.,lesson,FALSE,3 M1 Lesson 4: Interpret the meaning of factors as number of groups or number in each group.,Connecticut grade 3 Alignment Guide.docx
ccss,3,standard,3.OA.A.1,"Interpret products of whole numbers, e.g., interpret 5 × 7 as the total number of objects in 5 groups of 7 objects each.",G3-M3-L15,Reason about and explain patterns of multiplication and division with units of 1 and 0.,lesson,FALSE,3 M3 Lesson 15: Reason about and explain patterns of multiplication and division with units of 1 and 0.,Connecticut grade 3 Alignment Guide.docx
ccss,3,standard,3.OA.A.1,"Interpret products of whole numbers, e.g., interpret 5 × 7 as the total number of objects in 5 groups of 7 objects each.",G3-M3-L18,Create multiplication and division word problems.,lesson,FALSE,3 M3 Lesson 18: Create multiplication and division word problems.,Connecticut grade 3 Alignment Guide.docx
ccss,3,standard,3.OA.A.2,"Interpret whole-number quotients of whole numbers, e.g., interpret 56 ÷ 8 as the number of objects in each share when 56 objects are partitioned equally into 8 shares, or as a number of shares when 56 objects are partitioned into equal shares of 8 objects each.",G3-M3-L15,Reason about and explain patterns of multiplication and division with units of 1 and 0.,lesson,FALSE,3 M3 Lesson 15: Reason about and explain patterns of multiplication and division with units of 1 and 0.,Connecticut grade 3 Alignment Guide.docx
ccss,3,standard,3.OA.A.2,"Interpret whole-number quotients of whole numbers, e.g., interpret 56 ÷ 8 as the number of objects in each share when 56 objects are partitioned equally into 8 shares, or as a number of shares when 56 objects are partitioned into equal shares of 8 objects each.",G3-M3-L18,Create multiplication and division word problems.,lesson,FALSE,3 M3 Lesson 18: Create multiplication and division word problems.,Connecticut grade 3 Alignment Guide.docx
ccss,3,standard,3.OA.A.3,"Use multiplication and division within 100 to solve word problems in situations involving equal groups, arrays, and measurement quantities, e.g., by using drawings and equations with a symbol for the unknown number to represent the problem.",G3-M1-L16,"Model the quotient as the number of groups using units of 2, 3, 4, 5, and 10.",lesson,FALSE,"3 M1 Lesson 16: Model the quotient as the number of groups using units of 2, 3, 4, 5, and 10.",Connecticut grade 3 Alignment Guide.docx
ccss,3,standard,3.OA.A.3,"Use multiplication and division within 100 to solve word problems in situations involving equal groups, arrays, and measurement quantities, e.g., by using drawings and equations with a symbol for the unknown number to represent the problem.",G3-M1-L17,"Model the quotient as the size of each group using units of 2, 3, 4, 5, and 10.",lesson,FALSE,"3 M1 Lesson 17: Model the quotient as the size of each group using units of 2, 3, 4, 5, and 10.",Connecticut grade 3 Alignment Guide.docx
ccss,3,standard,3.OA.A.3,"Use multiplication and division within 100 to solve word problems in situations involving equal groups, arrays, and measurement quantities, e.g., by using drawings and equations with a symbol for the unknown number to represent the problem.",G3-M1-L18,Represent and solve measurement and partitive division word problems.,lesson,FALSE,3 M1 Lesson 18: Represent and solve measurement and partitive division word problems.,Connecticut grade 3 Alignment Guide.docx
ccss,3,standard,3.OA.A.3,"Use multiplication and division within 100 to solve word problems in situations involving equal groups, arrays, and measurement quantities, e.g., by using drawings and equations with a symbol for the unknown number to represent the problem.",G3-M1-L22,Represent and solve two-step word problems using the properties of multiplication.,lesson,FALSE,3 M1 Lesson 22: Represent and solve two-step word problems using the properties of multiplication.,Connecticut grade 3 Alignment Guide.docx
ccss,3,standard,3.OA.A.3,"Use multiplication and division within 100 to solve word problems in situations involving equal groups, arrays, and measurement quantities, e.g., by using drawings and equations with a symbol for the unknown number to represent the problem.",G3-M1-L23,Represent and solve two-step word problems using drawings and equations.,lesson,FALSE,3 M1 Lesson 23: Represent and solve two-step word problems using drawings and equations.,Connecticut grade 3 Alignment Guide.docx
ccss,3,standard,3.OA.A.3,"Use multiplication and division within 100 to solve word problems in situations involving equal groups, arrays, and measurement quantities, e.g., by using drawings and equations with a symbol for the unknown number to represent the problem.",G3-M1-L5,Represent and solve multiplication word problems by using drawings and equations.,lesson,FALSE,3 M1 Lesson 5: Represent and solve multiplication word problems by using drawings and equations.,Connecticut grade 3 Alignment Guide.docx
ccss,3,standard,3.OA.A.3,"Use multiplication and division within 100 to solve word problems in situations involving equal groups, arrays, and measurement quantities, e.g., by using drawings and equations with a symbol for the unknown number to represent the problem.",G3-M1-L8,Model measurement and partitive division by drawing arrays.,lesson,FALSE,3 M1 Lesson 8: Model measurement and partitive division by drawing arrays.,Connecticut grade 3 Alignment Guide.docx
ccss,3,standard,3.OA.A.3,"Use multiplication and division within 100 to solve word problems in situations involving equal groups, arrays, and measurement quantities, e.g., by using drawings and equations with a symbol for the unknown number to represent the problem.",G3-M1-L9,Represent and solve division word problems using drawings and equations.,lesson,FALSE,3 M1 Lesson 9: Represent and solve division word problems using drawings and equations.,Connecticut grade 3 Alignment Guide.docx
ccss,3,standard,3.OA.A.3,"Use multiplication and division within 100 to solve word problems in situations involving equal groups, arrays, and measurement quantities, e.g., by using drawings and equations with a symbol for the unknown number to represent the problem.",G3-M3-L12,Solve one-step word problems involving multiplication and division.,lesson,FALSE,3 M3 Lesson 12: Solve one-step word problems involving multiplication and division.,Connecticut grade 3 Alignment Guide.docx
ccss,3,standard,3.OA.A.3,"Use multiplication and division within 100 to solve word problems in situations involving equal groups, arrays, and measurement quantities, e.g., by using drawings and equations with a symbol for the unknown number to represent the problem.",G3-M3-L2,Count by units of 6 to multiply and divide by using arrays.,lesson,FALSE,3 M3 Lesson 2: Count by units of 6 to multiply and divide by using arrays.,Connecticut grade 3 Alignment Guide.docx
ccss,3,standard,3.OA.A.3,"Use multiplication and division within 100 to solve word problems in situations involving equal groups, arrays, and measurement quantities, e.g., by using drawings and equations with a symbol for the unknown number to represent the problem.",G3-M3-L25,Apply multiplication and division concepts to complete a multi-part task.,lesson,FALSE,3 M3 Lesson 25: Apply multiplication and division concepts to complete a multi-part task.,Connecticut grade 3 Alignment Guide.docx
ccss,3,standard,3.OA.A.3,"Use multiplication and division within 100 to solve word problems in situations involving equal groups, arrays, and measurement quantities, e.g., by using drawings and equations with a symbol for the unknown number to represent the problem.",G3-M3-L7,Count by units of 7 to multiply and divide by using arrays and tape diagrams.,lesson,FALSE,3 M3 Lesson 7: Count by units of 7 to multiply and divide by using arrays and tape diagrams.,Connecticut grade 3 Alignment Guide.docx
ccss,3,standard,3.OA.A.3,"Use multiplication and division within 100 to solve word problems in situations involving equal groups, arrays, and measurement quantities, e.g., by using drawings and equations with a symbol for the unknown number to represent the problem.",G3-M3-L8,Use the break apart and distribute strategy to multiply with units of 7.,lesson,FALSE,3 M3 Lesson 8: Use the break apart and distribute strategy to multiply with units of 7.,Connecticut grade 3 Alignment Guide.docx
ccss,3,standard,3.OA.A.4,Determine the unknown whole number in a multiplication or division equation relating three whole numbers.,G3-M1-L15,Model division as an unknown factor problem.,lesson,FALSE,3 M1 Lesson 15: Model division as an unknown factor problem.,Connecticut grade 3 Alignment Guide.docx
ccss,3,standard,3.OA.A.4,Determine the unknown whole number in a multiplication or division equation relating three whole numbers.,G3-M1-L16,"Model the quotient as the number of groups using units of 2, 3, 4, 5, and 10.",lesson,FALSE,"3 M1 Lesson 16: Model the quotient as the number of groups using units of 2, 3, 4, 5, and 10.",Connecticut grade 3 Alignment Guide.docx
ccss,3,standard,3.OA.A.4,Determine the unknown whole number in a multiplication or division equation relating three whole numbers.,G3-M1-L17,"Model the quotient as the size of each group using units of 2, 3, 4, 5, and 10.",lesson,FALSE,"3 M1 Lesson 17: Model the quotient as the size of each group using units of 2, 3, 4, 5, and 10.",Connecticut grade 3 Alignment Guide.docx
ccss,3,standard,3.OA.A.4,Determine the unknown whole number in a multiplication or division equation relating three whole numbers.,G3-M3-L2,Count by units of 6 to multiply and divide by using arrays.,lesson,FALSE,3 M3 Lesson 2: Count by units of 6 to multiply and divide by using arrays.,Connecticut grade 3 Alignment Guide.docx
ccss,3,standard,3.OA.A.4,Determine the unknown whole number in a multiplication or division equation relating three whole numbers.,G3-M3-L3,Count by units of 8 to multiply and divide by using arrays.,lesson,FALSE,3 M3 Lesson 3: Count by units of 8 to multiply and divide by using arrays.,Connecticut grade 3 Alignment Guide.docx
ccss,3,standard,3.OA.A.4,Determine the unknown whole number in a multiplication or division equation relating three whole numbers.,G3-M3-L7,Count by units of 7 to multiply and divide by using arrays and tape diagrams.,lesson,FALSE,3 M3 Lesson 7: Count by units of 7 to multiply and divide by using arrays and tape diagrams.,Connecticut grade 3 Alignment Guide.docx
ccss,3,cluster,3.OA.B,Understand properties of multiplication and the relationship between multiplication and division.,,,,,,Connecticut grade 3 Alignment Guide.docx
ccss,3,standard,3.OA.B.5,Apply properties of operations as strategies to multiply and divide.,G3-M1-L19,Use the distributive property to break apart multiplication problems into known facts.,lesson,FALSE,3 M1 Lesson 19: Use the distributive property to break apart multiplication problems into known facts.,Connecticut grade 3 Alignment Guide.docx
ccss,3,standard,3.OA.B.5,Apply properties of operations as strategies to multiply and divide.,G3-M3-L1,"Organize, count, and represent a collection of objects.",lesson,FALSE,"3 M3 Lesson 1: Organize, count, and represent a collection of objects.",Connecticut grade 3 Alignment Guide.docx
ccss,3,standard,3.OA.B.5,Apply properties of operations as strategies to multiply and divide.,G3-M3-L10,Use parentheses in expressions with different operations.,lesson,FALSE,3 M3 Lesson 10: Use parentheses in expressions with different operations.,Connecticut grade 3 Alignment Guide.docx
ccss,3,standard,3.OA.B.5,Apply properties of operations as strategies to multiply and divide.,G3-M3-L11,Use the break apart and distribute strategy to divide with units of 7.,lesson,FALSE,3 M3 Lesson 11: Use the break apart and distribute strategy to divide with units of 7.,Connecticut grade 3 Alignment Guide.docx
ccss,3,standard,3.OA.B.5,Apply properties of operations as strategies to multiply and divide.,G3-M3-L14,Apply strategies and identify patterns to multiply with units of 9.,lesson,FALSE,3 M3 Lesson 14: Apply strategies and identify patterns to multiply with units of 9.,Connecticut grade 3 Alignment Guide.docx
ccss,3,standard,3.OA.B.5,Apply properties of operations as strategies to multiply and divide.,G3-M3-L21,Multiply by multiples of 10 by using place value strategies and the associative property.,lesson,FALSE,3 M3 Lesson 21: Multiply by multiples of 10 by using place value strategies and the associative property.,Connecticut grade 3 Alignment Guide.docx
ccss,3,standard,3.OA.B.5,Apply properties of operations as strategies to multiply and divide.,G3-M3-L23,Identify patterns and apply strategies to multiply with units of 11 and 12.,lesson,FALSE,3 M3 Lesson 23: Identify patterns and apply strategies to multiply with units of 11 and 12.,Connecticut grade 3 Alignment Guide.docx
ccss,3,standard,3.OA.B.5,Apply properties of operations as strategies to multiply and divide.,G3-M3-L24,"Organize, count, and represent a collection of objects.",lesson,FALSE,"3 M3 Lesson 24: Organize, count, and represent a collection of objects.",Connecticut grade 3 Alignment Guide.docx
ccss,3,standard,3.OA.B.5,Apply properties of operations as strategies to multiply and divide.,G3-M3-L3,Count by units of 8 to multiply and divide by using arrays.,lesson,FALSE,3 M3 Lesson 3: Count by units of 8 to multiply and divide by using arrays.,Connecticut grade 3 Alignment Guide.docx
ccss,3,standard,3.OA.B.5,Apply properties of operations as strategies to multiply and divide.,G3-M3-L4,Decompose pictorial arrays to create expressions with three factors.,lesson,FALSE,3 M3 Lesson 4: Decompose pictorial arrays to create expressions with three factors.,Connecticut grade 3 Alignment Guide.docx
ccss,3,standard,3.OA.B.5,Apply properties of operations as strategies to multiply and divide.,G3-M3-L5,Use the break apart and distribute strategy to multiply with units of 6 and 8.,lesson,FALSE,3 M3 Lesson 5: Use the break apart and distribute strategy to multiply with units of 6 and 8.,Connecticut grade 3 Alignment Guide.docx
ccss,3,standard,3.OA.B.5,Apply properties of operations as strategies to multiply and divide.,G3-M3-L6,Use the break apart and distribute strategy to divide with units of 6 and 8.,lesson,FALSE,3 M3 Lesson 6: Use the break apart and distribute strategy to divide with units of 6 and 8.,Connecticut grade 3 Alignment Guide.docx
ccss,3,standard,3.OA.B.5,Apply properties of operations as strategies to multiply and divide.,G3-M3-L8,Use the break apart and distribute strategy to multiply with units of 7.,lesson,FALSE,3 M3 Lesson 8: Use the break apart and distribute strategy to multiply with units of 7.,Connecticut grade 3 Alignment Guide.docx
ccss,3,standard,3.OA.B.5,Apply properties of operations as strategies to multiply and divide.,G3-M3-L9,Model the associative property as a strategy to multiply.,lesson,FALSE,3 M3 Lesson 9: Model the associative property as a strategy to multiply.,Connecticut grade 3 Alignment Guide.docx
ccss,3,standard,3.OA.B.6,Understand division as an unknown-factor problem.,G3-M1-L15,Model division as an unknown factor problem.,lesson,FALSE,3 M1 Lesson 15: Model division as an unknown factor problem.,Connecticut grade 3 Alignment Guide.docx
ccss,3,standard,3.OA.B.6,Understand division as an unknown-factor problem.,G3-M1-L16,"Model the quotient as the number of groups using units of 2, 3, 4, 5, and 10.",lesson,FALSE,"3 M1 Lesson 16: Model the quotient as the number of groups using units of 2, 3, 4, 5, and 10.",Connecticut grade 3 Alignment Guide.docx
ccss,3,standard,3.OA.B.6,Understand division as an unknown-factor problem.,G3-M1-L17,"Model the quotient as the size of each group using units of 2, 3, 4, 5, and 10.",lesson,FALSE,"3 M1 Lesson 17: Model the quotient as the size of each group using units of 2, 3, 4, 5, and 10.",Connecticut grade 3 Alignment Guide.docx
ccss,3,standard,3.OA.B.6,Understand division as an unknown-factor problem.,G3-M1-L20,Use the distributive property to break apart division problems into known facts.,lesson,FALSE,3 M1 Lesson 20: Use the distributive property to break apart division problems into known facts.,Connecticut grade 3 Alignment Guide.docx
ccss,3,standard,3.OA.B.6,Understand division as an unknown-factor problem.,G3-M3-L2,Count by units of 6 to multiply and divide by using arrays.,lesson,FALSE,3 M3 Lesson 2: Count by units of 6 to multiply and divide by using arrays.,Connecticut grade 3 Alignment Guide.docx
ccss,3,standard,3.OA.B.6,Understand division as an unknown-factor problem.,G3-M3-L7,Count by units of 7 to multiply and divide by using arrays and tape diagrams.,lesson,FALSE,3 M3 Lesson 7: Count by units of 7 to multiply and divide by using arrays and tape diagrams.,Connecticut grade 3 Alignment Guide.docx
ccss,3,cluster,3.OA.C,Multiply and divide within 100.,,,,,,Connecticut grade 3 Alignment Guide.docx
ccss,3,standard,3.OA.C.7,"Fluently multiply and divide within 100, using strategies such as the relationship between multiplication and division (e.g., knowing that 8 × 5 = 40, one knows 40 ÷ 5 = 8) or properties of operations. By the end of Grade 3, know from memory all products of two one-digit numbers.",G3-M1-L12,Demonstrate the distributive property using a unit of 4.,lesson,FALSE,3 M1 Lesson 12: Demonstrate the distributive property using a unit of 4.,Connecticut grade 3 Alignment Guide.docx
ccss,3,standard,3.OA.C.7,"Fluently multiply and divide within 100, using strategies such as the relationship between multiplication and division (e.g., knowing that 8 × 5 = 40, one knows 40 ÷ 5 = 8) or properties of operations. By the end of Grade 3, know from memory all products of two one-digit numbers.",G3-M1-L14,"Demonstrate the distributive property using units of 2, 3, 4, 5, and 10.",lesson,FALSE,"3 M1 Lesson 14: Demonstrate the distributive property using units of 2, 3, 4, 5, and 10.",Connecticut grade 3 Alignment Guide.docx
ccss,3,standard,3.OA.C.7,"Fluently multiply and divide within 100, using strategies such as the relationship between multiplication and division (e.g., knowing that 8 × 5 = 40, one knows 40 ÷ 5 = 8) or properties of operations. By the end of Grade 3, know from memory all products of two one-digit numbers.",G3-M3-L1,"Organize, count, and represent a collection of objects.",lesson,FALSE,"3 M3 Lesson 1: Organize, count, and represent a collection of objects.",Connecticut grade 3 Alignment Guide.docx
ccss,3,standard,3.OA.C.7,"Fluently multiply and divide within 100, using strategies such as the relationship between multiplication and division (e.g., knowing that 8 × 5 = 40, one knows 40 ÷ 5 = 8) or properties of operations. By the end of Grade 3, know from memory all products of two one-digit numbers.",G3-M3-L14,Apply strategies and identify patterns to multiply with units of 9.,lesson,FALSE,3 M3 Lesson 14: Apply strategies and identify patterns to multiply with units of 9.,Connecticut grade 3 Alignment Guide.docx
ccss,3,standard,3.OA.C.7,"Fluently multiply and divide within 100, using strategies such as the relationship between multiplication and division (e.g., knowing that 8 × 5 = 40, one knows 40 ÷ 5 = 8) or properties of operations. By the end of Grade 3, know from memory all products of two one-digit numbers.",G3-M3-L17,Identify and complete patterns with input–output tables.,lesson,FALSE,3 M3 Lesson 17: Identify and complete patterns with input–output tables.,Connecticut grade 3 Alignment Guide.docx
ccss,3,standard,3.OA.C.7,"Fluently multiply and divide within 100, using strategies such as the relationship between multiplication and division (e.g., knowing that 8 × 5 = 40, one knows 40 ÷ 5 = 8) or properties of operations. By the end of Grade 3, know from memory all products of two one-digit numbers.",G3-M3-L24,"Organize, count, and represent a collection of objects.",lesson,FALSE,"3 M3 Lesson 24: Organize, count, and represent a collection of objects.",Connecticut grade 3 Alignment Guide.docx
ccss,3,standard,3.OA.C.7,"Fluently multiply and divide within 100, using strategies such as the relationship between multiplication and division (e.g., knowing that 8 × 5 = 40, one knows 40 ÷ 5 = 8) or properties of operations. By the end of Grade 3, know from memory all products of two one-digit numbers.",G3-M6-L26,"Fluently multiply and divide within 100 and add and subtract within 1,000.",lesson,FALSE,"3 M6 Lesson 26: Fluently multiply and divide within 100 and add and subtract within 1,000.",Connecticut grade 3 Alignment Guide.docx
ccss,3,cluster,3.OA.D,"Solve problems involving the four operations, and identify and explain patterns in arithmetic.",,,,,,Connecticut grade 3 Alignment Guide.docx
ccss,3,standard,3.OA.D.8,Solve two-step word problems using the four operations. Represent these problems using equations with a letter standing for the unknown quantity. Assess the reasonableness of answers using mental computation and estimation strategies including rounding.,G3-M1-L22,Represent and solve two-step word problems using the properties of multiplication.,lesson,FALSE,3 M1 Lesson 22: Represent and solve two-step word problems using the properties of multiplication.,Connecticut grade 3 Alignment Guide.docx
ccss,3,standard,3.OA.D.8,Solve two-step word problems using the four operations. Represent these problems using equations with a letter standing for the unknown quantity. Assess the reasonableness of answers using mental computation and estimation strategies including rounding.,G3-M1-L23,Represent and solve two-step word problems using drawings and equations.,lesson,FALSE,3 M1 Lesson 23: Represent and solve two-step word problems using drawings and equations.,Connecticut grade 3 Alignment Guide.docx
ccss,3,standard,3.OA.D.8,Solve two-step word problems using the four operations. Represent these problems using equations with a letter standing for the unknown quantity. Assess the reasonableness of answers using mental computation and estimation strategies including rounding.,G3-M2-L25,Solve two-step word problems.,lesson,FALSE,3 M2 Lesson 25: Solve two-step word problems.,Connecticut grade 3 Alignment Guide.docx
ccss,3,standard,3.OA.D.8,Solve two-step word problems using the four operations. Represent these problems using equations with a letter standing for the unknown quantity. Assess the reasonableness of answers using mental computation and estimation strategies including rounding.,G3-M3-L19,Solve two-step word problems involving all four operations and assess the reasonableness of solutions.,lesson,FALSE,3 M3 Lesson 19: Solve two-step word problems involving all four operations and assess the reasonableness of solutions.,Connecticut grade 3 Alignment Guide.docx
ccss,3,standard,3.OA.D.8,Solve two-step word problems using the four operations. Represent these problems using equations with a letter standing for the unknown quantity. Assess the reasonableness of answers using mental computation and estimation strategies including rounding.,G3-M3-L22,Solve two-step word problems involving multiplication of single-digit factors and multiples of 10.,lesson,FALSE,3 M3 Lesson 22: Solve two-step word problems involving multiplication of single-digit factors and multiples of 10.,Connecticut grade 3 Alignment Guide.docx
ccss,3,standard,3.OA.D.8,Solve two-step word problems using the four operations. Represent these problems using equations with a letter standing for the unknown quantity. Assess the reasonableness of answers using mental computation and estimation strategies including rounding.,G3-M3-L25,Apply multiplication and division concepts to complete a multi-part task.,lesson,FALSE,3 M3 Lesson 25: Apply multiplication and division concepts to complete a multi-part task.,Connecticut grade 3 Alignment Guide.docx
ccss,3,standard,3.OA.D.8,Solve two-step word problems using the four operations. Represent these problems using equations with a letter standing for the unknown quantity. Assess the reasonableness of answers using mental computation and estimation strategies including rounding.,G3-M6-L7,Count coins and create money word problems.,lesson,FALSE,3 M6 Lesson 7: Count coins and create money word problems.,Connecticut grade 3 Alignment Guide.docx
ccss,3,standard,3.OA.D.9,"Identify arithmetic patterns (including patterns in the addition table or multiplication table), and explain them using properties of operations.",G3-M3-L13,Count by units of 9 to multiply.,lesson,FALSE,3 M3 Lesson 13: Count by units of 9 to multiply.,Connecticut grade 3 Alignment Guide.docx
ccss,3,standard,3.OA.D.9,"Identify arithmetic patterns (including patterns in the addition table or multiplication table), and explain them using properties of operations.",G3-M3-L14,Apply strategies and identify patterns to multiply with units of 9.,lesson,FALSE,3 M3 Lesson 14: Apply strategies and identify patterns to multiply with units of 9.,Connecticut grade 3 Alignment Guide.docx
ccss,3,standard,3.OA.D.9,"Identify arithmetic patterns (including patterns in the addition table or multiplication table), and explain them using properties of operations.",G3-M3-L15,Reason about and explain patterns of multiplication and division with units of 1 and 0.,lesson,FALSE,3 M3 Lesson 15: Reason about and explain patterns of multiplication and division with units of 1 and 0.,Connecticut grade 3 Alignment Guide.docx
ccss,3,standard,3.OA.D.9,"Identify arithmetic patterns (including patterns in the addition table or multiplication table), and explain them using properties of operations.",G3-M3-L16,Identify patterns using the multiplication table.,lesson,FALSE,3 M3 Lesson 16: Identify patterns using the multiplication table.,Connecticut grade 3 Alignment Guide.docx
ccss,3,standard,3.OA.D.9,"Identify arithmetic patterns (including patterns in the addition table or multiplication table), and explain them using properties of operations.",G3-M3-L17,Identify and complete patterns with input–output tables.,lesson,FALSE,3 M3 Lesson 17: Identify and complete patterns with input–output tables.,Connecticut grade 3 Alignment Guide.docx
ccss,3,standard,3.OA.D.9,"Identify arithmetic patterns (including patterns in the addition table or multiplication table), and explain them using properties of operations.",G3-M3-L23,Identify patterns and apply strategies to multiply with units of 11 and 12.,lesson,FALSE,3 M3 Lesson 23: Identify patterns and apply strategies to multiply with units of 11 and 12.,Connecticut grade 3 Alignment Guide.docx
ccss,4,domain,4.G,Geometry,,,,,,Connecticut grade 4 Alignment Guide.docx
ccss,4,cluster,4.G.A,"Draw and identify lines and angles, and classify shapes by properties of their lines and angles.",,,,,,Connecticut grade 4 Alignment Guide.docx
ccss,4,standard,4.G.A.1,"Draw points, lines, line segments, rays, angles (right, acute, obtuse), and perpendicular and parallel lines. Identify these in two-dimensional figures.",G4-M6-L10,Use 180° protractors to measure angles.,lesson,FALSE,4 M6 Lesson 10: Use 180° protractors to measure angles.,Connecticut grade 4 Alignment Guide.docx
ccss,4,standard,4.G.A.1,"Draw points, lines, line segments, rays, angles (right, acute, obtuse), and perpendicular and parallel lines. Identify these in two-dimensional figures.",G4-M6-L11,Estimate and measure angles with a 180° protractor.,lesson,FALSE,4 M6 Lesson 11: Estimate and measure angles with a 180° protractor.,Connecticut grade 4 Alignment Guide.docx
ccss,4,standard,4.G.A.1,"Draw points, lines, line segments, rays, angles (right, acute, obtuse), and perpendicular and parallel lines. Identify these in two-dimensional figures.",G4-M6-L12,Use a protractor to draw angles up to 180°.,lesson,FALSE,4 M6 Lesson 12: Use a protractor to draw angles up to 180°.,Connecticut grade 4 Alignment Guide.docx
ccss,4,standard,4.G.A.1,"Draw points, lines, line segments, rays, angles (right, acute, obtuse), and perpendicular and parallel lines. Identify these in two-dimensional figures.",G4-M6-L18,"Analyze and classify triangles based on side length, angle measures, or both.",lesson,FALSE,"4 M6 Lesson 18: Analyze and classify triangles based on side length, angle measures, or both.",Connecticut grade 4 Alignment Guide.docx
ccss,4,standard,4.G.A.1,"Draw points, lines, line segments, rays, angles (right, acute, obtuse), and perpendicular and parallel lines. Identify these in two-dimensional figures.",G4-M6-L19,Construct and classify triangles based on given attributes.,lesson,FALSE,4 M6 Lesson 19: Construct and classify triangles based on given attributes.,Connecticut grade 4 Alignment Guide.docx
ccss,4,standard,4.G.A.1,"Draw points, lines, line segments, rays, angles (right, acute, obtuse), and perpendicular and parallel lines. Identify these in two-dimensional figures.",G4-M6-L20,Sort polygons based on a given rule.,lesson,FALSE,4 M6 Lesson 20: Sort polygons based on a given rule.,Connecticut grade 4 Alignment Guide.docx
ccss,4,standard,4.G.A.2,"Classify two-dimensional figures based on the presence or absence of parallel or perpendicular lines, or the presence or absence of angles of a specified size. Recognize right triangles as a category, and identify right triangles.",G4-M6-L18,"Analyze and classify triangles based on side length, angle measures, or both.",lesson,FALSE,"4 M6 Lesson 18: Analyze and classify triangles based on side length, angle measures, or both.",Connecticut grade 4 Alignment Guide.docx
ccss,4,standard,4.G.A.2,"Classify two-dimensional figures based on the presence or absence of parallel or perpendicular lines, or the presence or absence of angles of a specified size. Recognize right triangles as a category, and identify right triangles.",G4-M6-L19,Construct and classify triangles based on given attributes.,lesson,FALSE,4 M6 Lesson 19: Construct and classify triangles based on given attributes.,Connecticut grade 4 Alignment Guide.docx
ccss,4,standard,4.G.A.2,"Classify two-dimensional figures based on the presence or absence of parallel or perpendicular lines, or the presence or absence of angles of a specified size. Recognize right triangles as a category, and identify right triangles.",G4-M6-L20,Sort polygons based on a given rule.,lesson,FALSE,4 M6 Lesson 20: Sort polygons based on a given rule.,Connecticut grade 4 Alignment Guide.docx
ccss,4,standard,4.G.A.3,Recognize a line of symmetry for a two-dimensional figure as a line across the figure such that the figure can be folded along the line into matching parts. Identify line-symmetric figures and draw lines of symmetry.,G4-M6-L17,"Recognize, identify, and draw lines of symmetry.",lesson,FALSE,"4 M6 Lesson 17: Recognize, identify, and draw lines of symmetry.",Connecticut grade 4 Alignment Guide.docx
ccss,4,domain,4.MD,Measurement and Data,,,,,,Connecticut grade 4 Alignment Guide.docx
ccss,4,domain,4.MD,Measurement and Data,,,,,,Connecticut grade 4 Alignment Guide.docx
ccss,4,domain,4.MD,Measurement and Data,,,,,,Connecticut grade 4 Alignment Guide.docx
ccss,4,cluster,4.MD.A,Solve problems involving measurement and conversion of measurements from a larger unit to a smaller unit.,,,,,,Connecticut grade 4 Alignment Guide.docx
ccss,4,standard,4.MD.A.1,"Know relative sizes of measurement units within one system of units including km, m, cm; kg, g; lb, oz.; l, ml; hr, min, sec. Within a single system of measurement, express measurements in a larger unit in terms of a smaller unit. Record measurement equivalents in a two-column table.",G4-M2-L17,Express measurements of length in terms of smaller units.,lesson,FALSE,4 M2 Lesson 17: Express measurements of length in terms of smaller units.,Connecticut grade 4 Alignment Guide.docx
ccss,4,standard,4.MD.A.2,"Use the four operations to solve word problems involving distances, intervals of time, liquid volumes, masses of objects, and money, including problems involving simple fractions or decimals, and problems that require expressing measurements given in a larger unit in terms of a smaller unit. Represent measurement quantities using diagrams such as number line diagrams that feature a measurement scale.",G4-M2-L17,Express measurements of length in terms of smaller units.,lesson,FALSE,4 M2 Lesson 17: Express measurements of length in terms of smaller units.,Connecticut grade 4 Alignment Guide.docx
ccss,4,standard,4.MD.A.2,"Use the four operations to solve word problems involving distances, intervals of time, liquid volumes, masses of objects, and money, including problems involving simple fractions or decimals, and problems that require expressing measurements given in a larger unit in terms of a smaller unit. Represent measurement quantities using diagrams such as number line diagrams that feature a measurement scale.",G4-M2-L20,Solve word problems involving additive and multiplicative comparisons.,lesson,FALSE,4 M2 Lesson 20: Solve word problems involving additive and multiplicative comparisons.,Connecticut grade 4 Alignment Guide.docx
ccss,4,standard,4.MD.A.2,"Use the four operations to solve word problems involving distances, intervals of time, liquid volumes, masses of objects, and money, including problems involving simple fractions or decimals, and problems that require expressing measurements given in a larger unit in terms of a smaller unit. Represent measurement quantities using diagrams such as number line diagrams that feature a measurement scale.",G4-M4-L18,Estimate sums and differences of fractions by using benchmarks.,lesson,FALSE,4 M4 Lesson 18: Estimate sums and differences of fractions by using benchmarks.,Connecticut grade 4 Alignment Guide.docx
ccss,4,standard,4.MD.A.2,"Use the four operations to solve word problems involving distances, intervals of time, liquid volumes, masses of objects, and money, including problems involving simple fractions or decimals, and problems that require expressing measurements given in a larger unit in terms of a smaller unit. Represent measurement quantities using diagrams such as number line diagrams that feature a measurement scale.",G4-M4-L20,Subtract a fraction from a whole number.,lesson,FALSE,4 M4 Lesson 20: Subtract a fraction from a whole number.,Connecticut grade 4 Alignment Guide.docx
ccss,4,standard,4.MD.A.2,"Use the four operations to solve word problems involving distances, intervals of time, liquid volumes, masses of objects, and money, including problems involving simple fractions or decimals, and problems that require expressing measurements given in a larger unit in terms of a smaller unit. Represent measurement quantities using diagrams such as number line diagrams that feature a measurement scale.",G4-M4-L21,Solve addition and subtraction word problems and estimate the reasonableness of the answers.,lesson,FALSE,4 M4 Lesson 21: Solve addition and subtraction word problems and estimate the reasonableness of the answers.,Connecticut grade 4 Alignment Guide.docx
ccss,4,standard,4.MD.A.2,"Use the four operations to solve word problems involving distances, intervals of time, liquid volumes, masses of objects, and money, including problems involving simple fractions or decimals, and problems that require expressing measurements given in a larger unit in terms of a smaller unit. Represent measurement quantities using diagrams such as number line diagrams that feature a measurement scale.",G4-M4-L24,Add a mixed number to a mixed number.,lesson,FALSE,4 M4 Lesson 24: Add a mixed number to a mixed number.,Connecticut grade 4 Alignment Guide.docx
ccss,4,standard,4.MD.A.2,"Use the four operations to solve word problems involving distances, intervals of time, liquid volumes, masses of objects, and money, including problems involving simple fractions or decimals, and problems that require expressing measurements given in a larger unit in terms of a smaller unit. Represent measurement quantities using diagrams such as number line diagrams that feature a measurement scale.",G4-M4-L27,Subtract a mixed number from a mixed number.,lesson,FALSE,4 M4 Lesson 27: Subtract a mixed number from a mixed number.,Connecticut grade 4 Alignment Guide.docx
ccss,4,standard,4.MD.A.2,"Use the four operations to solve word problems involving distances, intervals of time, liquid volumes, masses of objects, and money, including problems involving simple fractions or decimals, and problems that require expressing measurements given in a larger unit in terms of a smaller unit. Represent measurement quantities using diagrams such as number line diagrams that feature a measurement scale.",G4-M4-L28,Represent and solve word problems with mixed numbers by using drawings and equations.,lesson,FALSE,4 M4 Lesson 28: Represent and solve word problems with mixed numbers by using drawings and equations.,Connecticut grade 4 Alignment Guide.docx
ccss,4,standard,4.MD.A.2,"Use the four operations to solve word problems involving distances, intervals of time, liquid volumes, masses of objects, and money, including problems involving simple fractions or decimals, and problems that require expressing measurements given in a larger unit in terms of a smaller unit. Represent measurement quantities using diagrams such as number line diagrams that feature a measurement scale.",G4-M4-L33,Solve word problems involving multiplication of a fraction by a whole number.,lesson,FALSE,4 M4 Lesson 33: Solve word problems involving multiplication of a fraction by a whole number.,Connecticut grade 4 Alignment Guide.docx
ccss,4,standard,4.MD.A.2,"Use the four operations to solve word problems involving distances, intervals of time, liquid volumes, masses of objects, and money, including problems involving simple fractions or decimals, and problems that require expressing measurements given in a larger unit in terms of a smaller unit. Represent measurement quantities using diagrams such as number line diagrams that feature a measurement scale.",G4-M5-L14,Solve word problems with tenths and hundredths.,lesson,FALSE,4 M5 Lesson 14: Solve word problems with tenths and hundredths.,Connecticut grade 4 Alignment Guide.docx
ccss,4,standard,4.MD.A.3,Apply the area and perimeter formulas for rectangles in real world and mathematical problems.,G4-M2-L18,Investigate and use formulas for the perimeter of a rectangle.,lesson,FALSE,4 M2 Lesson 18: Investigate and use formulas for the perimeter of a rectangle.,Connecticut grade 4 Alignment Guide.docx
ccss,4,standard,4.MD.A.3,Apply the area and perimeter formulas for rectangles in real world and mathematical problems.,G4-M2-L19,Apply area and perimeter formulas to solve problems.,lesson,FALSE,4 M2 Lesson 19: Apply area and perimeter formulas to solve problems.,Connecticut grade 4 Alignment Guide.docx
ccss,4,standard,4.MD.A.3,Apply the area and perimeter formulas for rectangles in real world and mathematical problems.,G4-M2-L20,Solve word problems involving additive and multiplicative comparisons.,lesson,FALSE,4 M2 Lesson 20: Solve word problems involving additive and multiplicative comparisons.,Connecticut grade 4 Alignment Guide.docx
ccss,4,standard,4.MD.A.3,Apply the area and perimeter formulas for rectangles in real world and mathematical problems.,G4-M2-L3,Investigate and use a formula for the area of a rectangle.,lesson,FALSE,4 M2 Lesson 3: Investigate and use a formula for the area of a rectangle.,Connecticut grade 4 Alignment Guide.docx
ccss,4,standard,4.MD.A.3,Apply the area and perimeter formulas for rectangles in real world and mathematical problems.,G4-M2-L7,Multiply by using an area model and the distributive property.,lesson,FALSE,4 M2 Lesson 7: Multiply by using an area model and the distributive property.,Connecticut grade 4 Alignment Guide.docx
ccss,4,cluster,4.MD.B,Represent and interpret data.,,,,,,Connecticut grade 4 Alignment Guide.docx
ccss,4,standard,4.MD.B.4,"Make a line plot to display a data set of measurements in fractions of a unit (1/2, 1/4, 1/8). Solve problems involving addition and subtraction of fractions by using information presented in line plots.",G4-M4-L29,Solve problems by using data from a line plot.,lesson,FALSE,4 M4 Lesson 29: Solve problems by using data from a line plot.,Connecticut grade 4 Alignment Guide.docx
ccss,4,standard,4.MD.B.4,"Make a line plot to display a data set of measurements in fractions of a unit (1/2, 1/4, 1/8). Solve problems involving addition and subtraction of fractions by using information presented in line plots.",G4-M4-L30,Represent data on a line plot.,lesson,FALSE,4 M4 Lesson 30: Represent data on a line plot.,Connecticut grade 4 Alignment Guide.docx
ccss,4,cluster,4.MD.C,Geometric measurement: understand concepts of angle and measure angles.,,,,,,Connecticut grade 4 Alignment Guide.docx
ccss,4,standard,4.MD.C.5.a,"An angle is measured with reference to a circle with its center at the common endpoint of the rays, by considering the fraction of the circular arc between the points where the two rays intersect the circle. An angle that turns through 1/360 of a circle is called a “one-degree angle,” and can be used to measure angles.",G4-M6-L10,Use 180° protractors to measure angles.,lesson,FALSE,4 M6 Lesson 10: Use 180° protractors to measure angles.,Connecticut grade 4 Alignment Guide.docx
ccss,4,standard,4.MD.C.5.a,"An angle is measured with reference to a circle with its center at the common endpoint of the rays, by considering the fraction of the circular arc between the points where the two rays intersect the circle. An angle that turns through 1/360 of a circle is called a “one-degree angle,” and can be used to measure angles.",G4-M6-L11,Estimate and measure angles with a 180° protractor.,lesson,FALSE,4 M6 Lesson 11: Estimate and measure angles with a 180° protractor.,Connecticut grade 4 Alignment Guide.docx
ccss,4,standard,4.MD.C.5.a,"An angle is measured with reference to a circle with its center at the common endpoint of the rays, by considering the fraction of the circular arc between the points where the two rays intersect the circle. An angle that turns through 1/360 of a circle is called a “one-degree angle,” and can be used to measure angles.",G4-M6-L7,Explore angles as fractional turns through a circle.,lesson,FALSE,4 M6 Lesson 7: Explore angles as fractional turns through a circle.,Connecticut grade 4 Alignment Guide.docx
ccss,4,standard,4.MD.C.5.a,"An angle is measured with reference to a circle with its center at the common endpoint of the rays, by considering the fraction of the circular arc between the points where the two rays intersect the circle. An angle that turns through 1/360 of a circle is called a “one-degree angle,” and can be used to measure angles.",G4-M6-L8,Use a circular protractor to recognize a 1° angle as a turn through 1/360 of a circle.,lesson,FALSE,4 M6 Lesson 8: Use a circular protractor to recognize a 1° angle as a turn through 1/360 of a circle.,Connecticut grade 4 Alignment Guide.docx
ccss,4,standard,4.MD.C.5.a,"An angle is measured with reference to a circle with its center at the common endpoint of the rays, by considering the fraction of the circular arc between the points where the two rays intersect the circle. An angle that turns through 1/360 of a circle is called a “one-degree angle,” and can be used to measure angles.",G4-M6-L9,Identify and measure angles as turns and recognize them in various contexts.,lesson,FALSE,4 M6 Lesson 9: Identify and measure angles as turns and recognize them in various contexts.,Connecticut grade 4 Alignment Guide.docx
ccss,4,standard,4.MD.C.5.b,An angle that turns through 𝑛 one-degree angles is said to have an angle measure of 𝑛 degrees.,G4-M6-L10,Use 180° protractors to measure angles.,lesson,FALSE,4 M6 Lesson 10: Use 180° protractors to measure angles.,Connecticut grade 4 Alignment Guide.docx
ccss,4,standard,4.MD.C.5.b,An angle that turns through 𝑛 one-degree angles is said to have an angle measure of 𝑛 degrees.,G4-M6-L11,Estimate and measure angles with a 180° protractor.,lesson,FALSE,4 M6 Lesson 11: Estimate and measure angles with a 180° protractor.,Connecticut grade 4 Alignment Guide.docx
ccss,4,standard,4.MD.C.5.b,An angle that turns through 𝑛 one-degree angles is said to have an angle measure of 𝑛 degrees.,G4-M6-L7,Explore angles as fractional turns through a circle.,lesson,FALSE,4 M6 Lesson 7: Explore angles as fractional turns through a circle.,Connecticut grade 4 Alignment Guide.docx
ccss,4,standard,4.MD.C.5.b,An angle that turns through 𝑛 one-degree angles is said to have an angle measure of 𝑛 degrees.,G4-M6-L8,Use a circular protractor to recognize a 1° angle as a turn through 1/360 of a circle.,lesson,FALSE,4 M6 Lesson 8: Use a circular protractor to recognize a 1° angle as a turn through 1/360 of a circle.,Connecticut grade 4 Alignment Guide.docx
ccss,4,standard,4.MD.C.5.b,An angle that turns through 𝑛 one-degree angles is said to have an angle measure of 𝑛 degrees.,G4-M6-L9,Identify and measure angles as turns and recognize them in various contexts.,lesson,FALSE,4 M6 Lesson 9: Identify and measure angles as turns and recognize them in various contexts.,Connecticut grade 4 Alignment Guide.docx
ccss,4,standard,4.MD.C.6,Measure angles in whole-number degrees using a protractor. Sketch angles of specified measure.,G4-M6-L10,Use 180° protractors to measure angles.,lesson,FALSE,4 M6 Lesson 10: Use 180° protractors to measure angles.,Connecticut grade 4 Alignment Guide.docx
ccss,4,standard,4.MD.C.6,Measure angles in whole-number degrees using a protractor. Sketch angles of specified measure.,G4-M6-L11,Estimate and measure angles with a 180° protractor.,lesson,FALSE,4 M6 Lesson 11: Estimate and measure angles with a 180° protractor.,Connecticut grade 4 Alignment Guide.docx
ccss,4,standard,4.MD.C.6,Measure angles in whole-number degrees using a protractor. Sketch angles of specified measure.,G4-M6-L12,Use a protractor to draw angles up to 180°.,lesson,FALSE,4 M6 Lesson 12: Use a protractor to draw angles up to 180°.,Connecticut grade 4 Alignment Guide.docx
ccss,4,standard,4.MD.C.6,Measure angles in whole-number degrees using a protractor. Sketch angles of specified measure.,G4-M6-L8,Use a circular protractor to recognize a 1° angle as a turn through 1/360 of a circle.,lesson,FALSE,4 M6 Lesson 8: Use a circular protractor to recognize a 1° angle as a turn through 1/360 of a circle.,Connecticut grade 4 Alignment Guide.docx
ccss,4,domain,4.NBT,Number and Operations in Base Ten,,,,,,Connecticut grade 4 Alignment Guide.docx
ccss,4,domain,4.NBT,Number and Operations in Base Ten,,,,,,Connecticut grade 4 Alignment Guide.docx
ccss,4,cluster,4.NBT.A,Generalize place value understanding for multi-digit whole numbers.,,,,,,Connecticut grade 4 Alignment Guide.docx
ccss,4,standard,4.NBT.A.1,"Recognize that in a multi-digit whole number, a digit in one place represents ten times what it represents in the place to its right.",G4-M1-L6,Demonstrate that a digit represents 10 times the value of what it represents in the place to its right.,lesson,FALSE,4 M1 Lesson 6: Demonstrate that a digit represents 10 times the value of what it represents in the place to its right.,Connecticut grade 4 Alignment Guide.docx
ccss,4,standard,4.NBT.A.2,"Read and write multi-digit whole numbers using base-ten numerals, number names, and expanded form. Compare two multi-digit numbers based on meanings of the digits in each place, using >, =, and < symbols to record the results of comparisons.",G4-M1-L10,Name numbers by using place value understanding.,lesson,FALSE,4 M1 Lesson 10: Name numbers by using place value understanding.,Connecticut grade 4 Alignment Guide.docx
ccss,4,standard,4.NBT.A.2,"Read and write multi-digit whole numbers using base-ten numerals, number names, and expanded form. Compare two multi-digit numbers based on meanings of the digits in each place, using >, =, and < symbols to record the results of comparisons.",G4-M1-L11,"Find 1, 10, and 100 thousand more than and less than a given number.",lesson,FALSE,"4 M1 Lesson 11: Find 1, 10, and 100 thousand more than and less than a given number.",Connecticut grade 4 Alignment Guide.docx
ccss,4,standard,4.NBT.A.2,"Read and write multi-digit whole numbers using base-ten numerals, number names, and expanded form. Compare two multi-digit numbers based on meanings of the digits in each place, using >, =, and < symbols to record the results of comparisons.",G4-M1-L5,"Organize, count, and represent a collection of objects.",lesson,FALSE,"4 M1 Lesson 5: Organize, count, and represent a collection of objects.",Connecticut grade 4 Alignment Guide.docx
ccss,4,standard,4.NBT.A.2,"Read and write multi-digit whole numbers using base-ten numerals, number names, and expanded form. Compare two multi-digit numbers based on meanings of the digits in each place, using >, =, and < symbols to record the results of comparisons.",G4-M1-L7,"Write numbers to 1,000,000 in unit form and expanded form by using place value structure.",lesson,FALSE,"4 M1 Lesson 7: Write numbers to 1,000,000 in unit form and expanded form by using place value structure.",Connecticut grade 4 Alignment Guide.docx
ccss,4,standard,4.NBT.A.2,"Read and write multi-digit whole numbers using base-ten numerals, number names, and expanded form. Compare two multi-digit numbers based on meanings of the digits in each place, using >, =, and < symbols to record the results of comparisons.",G4-M1-L8,"Write numbers to 1,000,000 in standard form and word form.",lesson,FALSE,"4 M1 Lesson 8: Write numbers to 1,000,000 in standard form and word form.",Connecticut grade 4 Alignment Guide.docx
ccss,4,standard,4.NBT.A.2,"Read and write multi-digit whole numbers using base-ten numerals, number names, and expanded form. Compare two multi-digit numbers based on meanings of the digits in each place, using >, =, and < symbols to record the results of comparisons.",G4-M1-L9,"Compare numbers within 1,000,000 by using >, =, and <.",lesson,FALSE,"4 M1 Lesson 9: Compare numbers within 1,000,000 by using >, =, and <.",Connecticut grade 4 Alignment Guide.docx
ccss,4,standard,4.NBT.A.3,Use place value understanding to round multi-digit whole numbers to any place.,G4-M1-L12,Round to the nearest thousand.,lesson,FALSE,4 M1 Lesson 12: Round to the nearest thousand.,Connecticut grade 4 Alignment Guide.docx
ccss,4,standard,4.NBT.A.3,Use place value understanding to round multi-digit whole numbers to any place.,G4-M1-L13,Round to the nearest ten thousand and hundred thousand.,lesson,FALSE,4 M1 Lesson 13: Round to the nearest ten thousand and hundred thousand.,Connecticut grade 4 Alignment Guide.docx
ccss,4,standard,4.NBT.A.3,Use place value understanding to round multi-digit whole numbers to any place.,G4-M1-L14,Round multi-digit numbers to any place.,lesson,FALSE,4 M1 Lesson 14: Round multi-digit numbers to any place.,Connecticut grade 4 Alignment Guide.docx
ccss,4,standard,4.NBT.A.3,Use place value understanding to round multi-digit whole numbers to any place.,G4-M1-L15,Apply estimation to real-world situations by using rounding.,lesson,FALSE,4 M1 Lesson 15: Apply estimation to real-world situations by using rounding.,Connecticut grade 4 Alignment Guide.docx
ccss,4,cluster,4.NBT.B,Use place value understanding and properties of operations to perform multi-digit arithmetic.,,,,,,Connecticut grade 4 Alignment Guide.docx
ccss,4,standard,4.NBT.B.5,"Multiply a whole number of up to four digits by a one-digit whole number, and multiply two two-digit numbers, using strategies based on place value and the properties of operations. Illustrate and explain the calculation by using equations, rectangular arrays, and/or area models.",G4-M2-L1,Multiply multiples of 10 by one-digit numbers by using the associative property of multiplication.,lesson,FALSE,4 M2 Lesson 1: Multiply multiples of 10 by one-digit numbers by using the associative property of multiplication.,Connecticut grade 4 Alignment Guide.docx
ccss,4,standard,4.NBT.B.5,"Multiply a whole number of up to four digits by a one-digit whole number, and multiply two two-digit numbers, using strategies based on place value and the properties of operations. Illustrate and explain the calculation by using equations, rectangular arrays, and/or area models.",G4-M3-L2,Multiply by multiples of 100 and 1000.,lesson,FALSE,4 M3 Lesson 2: Multiply by multiples of 100 and 1000.,Connecticut grade 4 Alignment Guide.docx
ccss,4,standard,4.NBT.B.5,"Multiply a whole number of up to four digits by a one-digit whole number, and multiply two two-digit numbers, using strategies based on place value and the properties of operations. Illustrate and explain the calculation by using equations, rectangular arrays, and/or area models.",G4-M3-L3,Multiply a two-digit multiple of 10 by a two-digit multiple of 10.,lesson,FALSE,4 M3 Lesson 3: Multiply a two-digit multiple of 10 by a two-digit multiple of 10.,Connecticut grade 4 Alignment Guide.docx
ccss,4,standard,4.NBT.B.6,"Find whole-number quotients and remainders with up to four-digit dividends and one-digit divisors, using strategies based on place value, the properties of operations, and/or the relationship between multiplication and division. Illustrate and explain the calculation by using equations, rectangular arrays, and/or area models.",G4-M2-L2,Divide two- and three-digit multiples of 10 by one-digit numbers.,lesson,FALSE,4 M2 Lesson 2: Divide two- and three-digit multiples of 10 by one-digit numbers.,Connecticut grade 4 Alignment Guide.docx
ccss,4,standard,4.NBT.B.6,"Find whole-number quotients and remainders with up to four-digit dividends and one-digit divisors, using strategies based on place value, the properties of operations, and/or the relationship between multiplication and division. Illustrate and explain the calculation by using equations, rectangular arrays, and/or area models.",G4-M3-L1,Divide multiples of 100 and 1000.,lesson,FALSE,4 M3 Lesson 1: Divide multiples of 100 and 1000.,Connecticut grade 4 Alignment Guide.docx
ccss,4,standard,4.NBT.B.6,"Find whole-number quotients and remainders with up to four-digit dividends and one-digit divisors, using strategies based on place value, the properties of operations, and/or the relationship between multiplication and division. Illustrate and explain the calculation by using equations, rectangular arrays, and/or area models.",G4-M3-L21,Find whole-number quotients and remainders.,lesson,FALSE,4 M3 Lesson 21: Find whole-number quotients and remainders.,Connecticut grade 4 Alignment Guide.docx
ccss,4,standard,4.NBT.B.6,"Find whole-number quotients and remainders with up to four-digit dividends and one-digit divisors, using strategies based on place value, the properties of operations, and/or the relationship between multiplication and division. Illustrate and explain the calculation by using equations, rectangular arrays, and/or area models.",G4-M3-L22,"Represent, estimate, and solve division word problems.",lesson,FALSE,"4 M3 Lesson 22: Represent, estimate, and solve division word problems.",Connecticut grade 4 Alignment Guide.docx
ccss,4,domain,4.NF,Number and Operations-Fractions,,,,,,Connecticut grade 4 Alignment Guide.docx
ccss,4,domain,4.NF,Number and Operations-Fractions,,,,,,Connecticut grade 4 Alignment Guide.docx
ccss,4,domain,4.NF,Number and Operations-Fractions,,,,,,Connecticut grade 4 Alignment Guide.docx
ccss,4,cluster,4.NF.A,Extend understanding of fraction equivalence and ordering.,,,,,,Connecticut grade 4 Alignment Guide.docx
ccss,4,standard,4.NF.A.1,"Explain why a fraction 𝑎/𝑏 is equivalent to a fraction (𝑛 × 𝑎)/(𝑛 × 𝑏) by using visual fraction models, with attention to how the number and size of the parts differ even though the two fractions themselves are the same size. Use this principle to recognize and generate equivalent fractions.",G4-M4-L10,Generate equivalent fractions with larger units.,lesson,FALSE,4 M4 Lesson 10: Generate equivalent fractions with larger units.,Connecticut grade 4 Alignment Guide.docx
ccss,4,standard,4.NF.A.1,"Explain why a fraction 𝑎/𝑏 is equivalent to a fraction (𝑛 × 𝑎)/(𝑛 × 𝑏) by using visual fraction models, with attention to how the number and size of the parts differ even though the two fractions themselves are the same size. Use this principle to recognize and generate equivalent fractions.",G4-M4-L11,"Represent equivalent fractions by using tape diagrams, number lines, and multiplication or division.",lesson,FALSE,"4 M4 Lesson 11: Represent equivalent fractions by using tape diagrams, number lines, and multiplication or division.",Connecticut grade 4 Alignment Guide.docx
ccss,4,standard,4.NF.A.1,"Explain why a fraction 𝑎/𝑏 is equivalent to a fraction (𝑛 × 𝑎)/(𝑛 × 𝑏) by using visual fraction models, with attention to how the number and size of the parts differ even though the two fractions themselves are the same size. Use this principle to recognize and generate equivalent fractions.",G4-M4-L12,Generate equivalent fractions for fractions greater than 1 and generate equivalent mixed numbers.,lesson,FALSE,4 M4 Lesson 12: Generate equivalent fractions for fractions greater than 1 and generate equivalent mixed numbers.,Connecticut grade 4 Alignment Guide.docx
ccss,4,standard,4.NF.A.1,"Explain why a fraction 𝑎/𝑏 is equivalent to a fraction (𝑛 × 𝑎)/(𝑛 × 𝑏) by using visual fraction models, with attention to how the number and size of the parts differ even though the two fractions themselves are the same size. Use this principle to recognize and generate equivalent fractions.",G4-M4-L8,Generate equivalent fractions with smaller units for unit fractions.,lesson,FALSE,4 M4 Lesson 8: Generate equivalent fractions with smaller units for unit fractions.,Connecticut grade 4 Alignment Guide.docx
ccss,4,standard,4.NF.A.1,"Explain why a fraction 𝑎/𝑏 is equivalent to a fraction (𝑛 × 𝑎)/(𝑛 × 𝑏) by using visual fraction models, with attention to how the number and size of the parts differ even though the two fractions themselves are the same size. Use this principle to recognize and generate equivalent fractions.",G4-M4-L9,Generate equivalent fractions with smaller units for non-unit fractions.,lesson,FALSE,4 M4 Lesson 9: Generate equivalent fractions with smaller units for non-unit fractions.,Connecticut grade 4 Alignment Guide.docx
ccss,4,cluster,4.NF.B,Build fractions from unit fractions by applying and extending previous understandings of operations on whole numbers.,,,,,,Connecticut grade 4 Alignment Guide.docx
ccss,4,standard,4.NF.B.3.a,Understand addition and subtraction of fractions as joining and separating parts referring to the same whole.,G4-M4-L7,Rename fractions as a sum of equivalent smaller unit fractions.,lesson,FALSE,4 M4 Lesson 7: Rename fractions as a sum of equivalent smaller unit fractions.,Connecticut grade 4 Alignment Guide.docx
ccss,4,standard,4.NF.B.3.b,"Decompose a fraction into a sum of fractions with the same denominator in more than one way, recording each decomposition by an equation. Justify decompositions, e.g., by using a visual fraction model.",G4-M4-L7,Rename fractions as a sum of equivalent smaller unit fractions.,lesson,FALSE,4 M4 Lesson 7: Rename fractions as a sum of equivalent smaller unit fractions.,Connecticut grade 4 Alignment Guide.docx
ccss,4,standard,4.NF.B.3.c,"Add and subtract mixed numbers with like denominators, e.g., by replacing each mixed number with an equivalent fraction, and/or by using properties of operations and the relationship between addition and subtraction.",G4-M4-L23,Add a fraction to a mixed number.,lesson,FALSE,4 M4 Lesson 23: Add a fraction to a mixed number.,Connecticut grade 4 Alignment Guide.docx
ccss,4,standard,4.NF.B.3.c,"Add and subtract mixed numbers with like denominators, e.g., by replacing each mixed number with an equivalent fraction, and/or by using properties of operations and the relationship between addition and subtraction.",G4-M4-L24,Add a mixed number to a mixed number.,lesson,FALSE,4 M4 Lesson 24: Add a mixed number to a mixed number.,Connecticut grade 4 Alignment Guide.docx
ccss,4,standard,4.NF.B.3.c,"Add and subtract mixed numbers with like denominators, e.g., by replacing each mixed number with an equivalent fraction, and/or by using properties of operations and the relationship between addition and subtraction.",G4-M4-L25,"Subtract a fraction from a mixed number, part 1.",lesson,FALSE,"4 M4 Lesson 25: Subtract a fraction from a mixed number, part 1.",Connecticut grade 4 Alignment Guide.docx
ccss,4,standard,4.NF.B.3.c,"Add and subtract mixed numbers with like denominators, e.g., by replacing each mixed number with an equivalent fraction, and/or by using properties of operations and the relationship between addition and subtraction.",G4-M4-L26,"Subtract a fraction from a mixed number, part 2.",lesson,FALSE,"4 M4 Lesson 26: Subtract a fraction from a mixed number, part 2.",Connecticut grade 4 Alignment Guide.docx
ccss,4,standard,4.NF.B.3.c,"Add and subtract mixed numbers with like denominators, e.g., by replacing each mixed number with an equivalent fraction, and/or by using properties of operations and the relationship between addition and subtraction.",G4-M4-L27,Subtract a mixed number from a mixed number.,lesson,FALSE,4 M4 Lesson 27: Subtract a mixed number from a mixed number.,Connecticut grade 4 Alignment Guide.docx
ccss,4,standard,4.NF.B.3.d,"Solve word problems involving addition and subtraction of fractions referring to the same whole and having like denominators, e.g., by using visual fraction models and equations to represent the problem.",G4-M4-L18,Estimate sums and differences of fractions by using benchmarks.,lesson,FALSE,4 M4 Lesson 18: Estimate sums and differences of fractions by using benchmarks.,Connecticut grade 4 Alignment Guide.docx
ccss,4,standard,4.NF.B.3.d,"Solve word problems involving addition and subtraction of fractions referring to the same whole and having like denominators, e.g., by using visual fraction models and equations to represent the problem.",G4-M4-L20,Subtract a fraction from a whole number.,lesson,FALSE,4 M4 Lesson 20: Subtract a fraction from a whole number.,Connecticut grade 4 Alignment Guide.docx
ccss,4,standard,4.NF.B.3.d,"Solve word problems involving addition and subtraction of fractions referring to the same whole and having like denominators, e.g., by using visual fraction models and equations to represent the problem.",G4-M4-L21,Solve addition and subtraction word problems and estimate the reasonableness of the answers.,lesson,FALSE,4 M4 Lesson 21: Solve addition and subtraction word problems and estimate the reasonableness of the answers.,Connecticut grade 4 Alignment Guide.docx
ccss,4,standard,4.NF.B.3.d,"Solve word problems involving addition and subtraction of fractions referring to the same whole and having like denominators, e.g., by using visual fraction models and equations to represent the problem.",G4-M4-L24,Add a mixed number to a mixed number.,lesson,FALSE,4 M4 Lesson 24: Add a mixed number to a mixed number.,Connecticut grade 4 Alignment Guide.docx
ccss,4,standard,4.NF.B.3.d,"Solve word problems involving addition and subtraction of fractions referring to the same whole and having like denominators, e.g., by using visual fraction models and equations to represent the problem.",G4-M4-L27,Subtract a mixed number from a mixed number.,lesson,FALSE,4 M4 Lesson 27: Subtract a mixed number from a mixed number.,Connecticut grade 4 Alignment Guide.docx
ccss,4,standard,4.NF.B.3.d,"Solve word problems involving addition and subtraction of fractions referring to the same whole and having like denominators, e.g., by using visual fraction models and equations to represent the problem.",G4-M4-L28,Represent and solve word problems with mixed numbers by using drawings and equations.,lesson,FALSE,4 M4 Lesson 28: Represent and solve word problems with mixed numbers by using drawings and equations.,Connecticut grade 4 Alignment Guide.docx
ccss,4,standard,4.NF.B.4.a,Understand a fraction 𝑎/𝑏 as a multiple of 1/𝑏.,G4-M4-L31,Decompose non-unit fractions into a product of a whole number and a unit fraction.,lesson,FALSE,4 M4 Lesson 31: Decompose non-unit fractions into a product of a whole number and a unit fraction.,Connecticut grade 4 Alignment Guide.docx
ccss,4,standard,4.NF.B.4.b,"Understand a multiple of 𝑎/𝑏 as a multiple of 1/𝑏, and use this understanding to multiply a fraction by a whole number.",G4-M4-L32,Multiply a fraction by a whole number by using the associative property.,lesson,FALSE,4 M4 Lesson 32: Multiply a fraction by a whole number by using the associative property.,Connecticut grade 4 Alignment Guide.docx
ccss,4,standard,4.NF.B.4.b,"Understand a multiple of 𝑎/𝑏 as a multiple of 1/𝑏, and use this understanding to multiply a fraction by a whole number.",G4-M4-L33,Solve word problems involving multiplication of a fraction by a whole number.,lesson,FALSE,4 M4 Lesson 33: Solve word problems involving multiplication of a fraction by a whole number.,Connecticut grade 4 Alignment Guide.docx
ccss,4,standard,4.NF.B.4.b,"Understand a multiple of 𝑎/𝑏 as a multiple of 1/𝑏, and use this understanding to multiply a fraction by a whole number.",G4-M4-L34,Multiply a mixed number by a whole number by using the distributive property.,lesson,FALSE,4 M4 Lesson 34: Multiply a mixed number by a whole number by using the distributive property.,Connecticut grade 4 Alignment Guide.docx
ccss,4,standard,4.NF.B.4.c,"Solve word problems involving multiplication of a fraction by a whole number, e.g., by using visual fraction models and equations to represent the problem.",G4-M4-L33,Solve word problems involving multiplication of a fraction by a whole number.,lesson,FALSE,4 M4 Lesson 33: Solve word problems involving multiplication of a fraction by a whole number.,Connecticut grade 4 Alignment Guide.docx
ccss,4,cluster,4.NF.C,"Understand decimal notation for fractions, and compare decimal fractions.",,,,,,Connecticut grade 4 Alignment Guide.docx
ccss,4,domain,4.OA,Operations and Algebraic Thinking,,,,,,Connecticut grade 4 Alignment Guide.docx
ccss,4,domain,4.OA,Operations and Algebraic Thinking,,,,,,Connecticut grade 4 Alignment Guide.docx
ccss,4,domain,4.OA,Operations and Algebraic Thinking,,,,,,Connecticut grade 4 Alignment Guide.docx
ccss,4,cluster,4.OA.A,Use the four operations with whole numbers to solve problems.,,,,,,Connecticut grade 4 Alignment Guide.docx
ccss,4,standard,4.OA.A.1,"Interpret a multiplication equation as a comparison, e.g., interpret 35 = 5 × 7 as a statement that 35 is 5 times as many as 7 and 7 times as many as 5. Represent verbal statements of multiplicative comparisons as multiplication equations.",G4-M1-L6,Demonstrate that a digit represents 10 times the value of what it represents in the place to its right.,lesson,FALSE,4 M1 Lesson 6: Demonstrate that a digit represents 10 times the value of what it represents in the place to its right.,Connecticut grade 4 Alignment Guide.docx
ccss,4,standard,4.OA.A.2,"Multiply or divide to solve word problems involving multiplicative comparison, e.g., by using drawings and equations with a symbol for the unknown number to represent the problem, distinguishing multiplicative comparison from additive comparison.",G4-M2-L20,Solve word problems involving additive and multiplicative comparisons.,lesson,FALSE,4 M2 Lesson 20: Solve word problems involving additive and multiplicative comparisons.,Connecticut grade 4 Alignment Guide.docx
ccss,4,standard,4.OA.A.2,"Multiply or divide to solve word problems involving multiplicative comparison, e.g., by using drawings and equations with a symbol for the unknown number to represent the problem, distinguishing multiplicative comparison from additive comparison.",G4-M2-L9,Solve multiplication word problems.,lesson,FALSE,4 M2 Lesson 9: Solve multiplication word problems.,Connecticut grade 4 Alignment Guide.docx
ccss,4,standard,4.OA.A.3,"Solve multistep word problems posed with whole numbers and having whole-number answers using the four operations, including problems in which remainders must be interpreted. Represent these problems using equations with a letter standing for the unknown quantity. Assess the reasonableness of answers using mental computation and estimation strategies including rounding.",G4-M1-L15,Apply estimation to real-world situations by using rounding.,lesson,FALSE,4 M1 Lesson 15: Apply estimation to real-world situations by using rounding.,Connecticut grade 4 Alignment Guide.docx
ccss,4,standard,4.OA.A.3,"Solve multistep word problems posed with whole numbers and having whole-number answers using the four operations, including problems in which remainders must be interpreted. Represent these problems using equations with a letter standing for the unknown quantity. Assess the reasonableness of answers using mental computation and estimation strategies including rounding.",G4-M1-L16,Add by using the standard algorithm.,lesson,FALSE,4 M1 Lesson 16: Add by using the standard algorithm.,Connecticut grade 4 Alignment Guide.docx
ccss,4,standard,4.OA.A.3,"Solve multistep word problems posed with whole numbers and having whole-number answers using the four operations, including problems in which remainders must be interpreted. Represent these problems using equations with a letter standing for the unknown quantity. Assess the reasonableness of answers using mental computation and estimation strategies including rounding.",G4-M1-L17,Solve multi-step addition word problems by using the standard algorithm.,lesson,FALSE,4 M1 Lesson 17: Solve multi-step addition word problems by using the standard algorithm.,Connecticut grade 4 Alignment Guide.docx
ccss,4,standard,4.OA.A.3,"Solve multistep word problems posed with whole numbers and having whole-number answers using the four operations, including problems in which remainders must be interpreted. Represent these problems using equations with a letter standing for the unknown quantity. Assess the reasonableness of answers using mental computation and estimation strategies including rounding.",G4-M1-L21,Solve two-step word problems by using addition and subtraction.,lesson,FALSE,4 M1 Lesson 21: Solve two-step word problems by using addition and subtraction.,Connecticut grade 4 Alignment Guide.docx
ccss,4,standard,4.OA.A.3,"Solve multistep word problems posed with whole numbers and having whole-number answers using the four operations, including problems in which remainders must be interpreted. Represent these problems using equations with a letter standing for the unknown quantity. Assess the reasonableness of answers using mental computation and estimation strategies including rounding.",G4-M1-L22,Solve multi-step word problems by using addition and subtraction.,lesson,FALSE,4 M1 Lesson 22: Solve multi-step word problems by using addition and subtraction.,Connecticut grade 4 Alignment Guide.docx
ccss,4,cluster,4.OA.B,Gain familiarity with factors and multiples.,,,,,,Connecticut grade 4 Alignment Guide.docx
ccss,4,standard,4.OA.B.4,Find all factor pairs for a whole number in the range 1–100. Recognize that a whole number is a multiple of each of its factors. Determine whether a given whole number in the range 1–100 is a multiple of a given one-digit number. Determine whether a given whole number in the range 1–100 is prime or composite.,G4-M2-L21,Find factor pairs for numbers up to 100 and use factors to identify numbers as prime or composite.,lesson,FALSE,4 M2 Lesson 21: Find factor pairs for numbers up to 100 and use factors to identify numbers as prime or composite.,Connecticut grade 4 Alignment Guide.docx
ccss,4,standard,4.OA.B.4,Find all factor pairs for a whole number in the range 1–100. Recognize that a whole number is a multiple of each of its factors. Determine whether a given whole number in the range 1–100 is a multiple of a given one-digit number. Determine whether a given whole number in the range 1–100 is prime or composite.,G4-M2-L22,Use division and the associative property of multiplication to find factors.,lesson,FALSE,4 M2 Lesson 22: Use division and the associative property of multiplication to find factors.,Connecticut grade 4 Alignment Guide.docx
ccss,4,standard,4.OA.B.4,Find all factor pairs for a whole number in the range 1–100. Recognize that a whole number is a multiple of each of its factors. Determine whether a given whole number in the range 1–100 is a multiple of a given one-digit number. Determine whether a given whole number in the range 1–100 is prime or composite.,G4-M2-L23,Determine whether a whole number is a multiple of another number.,lesson,FALSE,4 M2 Lesson 23: Determine whether a whole number is a multiple of another number.,Connecticut grade 4 Alignment Guide.docx
ccss,4,standard,4.OA.B.4,Find all factor pairs for a whole number in the range 1–100. Recognize that a whole number is a multiple of each of its factors. Determine whether a given whole number in the range 1–100 is a multiple of a given one-digit number. Determine whether a given whole number in the range 1–100 is prime or composite.,G4-M2-L24,Recognize that a number is a multiple of each of its factors.,lesson,FALSE,4 M2 Lesson 24: Recognize that a number is a multiple of each of its factors.,Connecticut grade 4 Alignment Guide.docx
ccss,4,standard,4.OA.B.4,Find all factor pairs for a whole number in the range 1–100. Recognize that a whole number is a multiple of each of its factors. Determine whether a given whole number in the range 1–100 is a multiple of a given one-digit number. Determine whether a given whole number in the range 1–100 is prime or composite.,G4-M2-L25,Explore properties of prime and composite numbers up to 100 by using multiples.,lesson,FALSE,4 M2 Lesson 25: Explore properties of prime and composite numbers up to 100 by using multiples.,Connecticut grade 4 Alignment Guide.docx
ccss,4,cluster,4.OA.C,Generate and analyze patterns.,,,,,,Connecticut grade 4 Alignment Guide.docx
ccss,4,standard,4.OA.C.5,Generate a number or shape pattern that follows a given rule. Identify apparent features of the pattern that were not explicit in the rule itself.,G4-M2-L26,Use relationships within a pattern to find an unknown term in the sequence.,lesson,FALSE,4 M2 Lesson 26: Use relationships within a pattern to find an unknown term in the sequence.,Connecticut grade 4 Alignment Guide.docx
ccss,5,domain,5.G,Geometry,,,,,,Connecticut grade 5 Alignment Guide.docx
ccss,5,domain,5.G,Geometry,,,,,,Connecticut grade 5 Alignment Guide.docx
ccss,5,cluster,5.G.A,Graph points on the coordinate plane to solve real-world and mathematical problems.,,,,,,Connecticut grade 5 Alignment Guide.docx
ccss,5,standard,5.G.A.1,"Use a pair of perpendicular number lines, called axes, to define a coordinate system, with the intersection of the lines (the origin) arranged to coincide with the 0 on each line and a given point in the plane located by using an ordered pair of numbers, called its coordinates. Understand that the first number indicates how far to travel from the origin in the direction of one axis, and the second number indicates how far to travel in the direction of the second axis, with the convention that the names of the two axes and the coordinates correspond (e.g., 𝑥-axis and 𝑥-coordinate, 𝑦-axis and 𝑦-coordinate).",G5-M6-L1,Construct a coordinate system on a line.,lesson,FALSE,5 M6 Lesson 1: Construct a coordinate system on a line.,Connecticut grade 5 Alignment Guide.docx
ccss,5,standard,5.G.A.1,"Use a pair of perpendicular number lines, called axes, to define a coordinate system, with the intersection of the lines (the origin) arranged to coincide with the 0 on each line and a given point in the plane located by using an ordered pair of numbers, called its coordinates. Understand that the first number indicates how far to travel from the origin in the direction of one axis, and the second number indicates how far to travel in the direction of the second axis, with the convention that the names of the two axes and the coordinates correspond (e.g., 𝑥-axis and 𝑥-coordinate, 𝑦-axis and 𝑦-coordinate).",G5-M6-L2,Construct a coordinate system in a plane.,lesson,FALSE,5 M6 Lesson 2: Construct a coordinate system in a plane.,Connecticut grade 5 Alignment Guide.docx
ccss,5,standard,5.G.A.1,"Use a pair of perpendicular number lines, called axes, to define a coordinate system, with the intersection of the lines (the origin) arranged to coincide with the 0 on each line and a given point in the plane located by using an ordered pair of numbers, called its coordinates. Understand that the first number indicates how far to travel from the origin in the direction of one axis, and the second number indicates how far to travel in the direction of the second axis, with the convention that the names of the two axes and the coordinates correspond (e.g., 𝑥-axis and 𝑥-coordinate, 𝑦-axis and 𝑦-coordinate).",G5-M6-L3,Identify and plot points by using ordered pairs.,lesson,FALSE,5 M6 Lesson 3: Identify and plot points by using ordered pairs.,Connecticut grade 5 Alignment Guide.docx
ccss,5,standard,5.G.A.2,"Represent real world and mathematical problems by graphing points in the first quadrant of the coordinate plane, and interpret coordinate values of points in the context of the situation.",G5-M6-L16,Interpret graphs that represent real-world situations.,lesson,FALSE,5 M6 Lesson 16: Interpret graphs that represent real-world situations.,Connecticut grade 5 Alignment Guide.docx
ccss,5,standard,5.G.A.2,"Represent real world and mathematical problems by graphing points in the first quadrant of the coordinate plane, and interpret coordinate values of points in the context of the situation.",G5-M6-L17,Plot data in the coordinate plane and analyze relationships.,lesson,FALSE,5 M6 Lesson 17: Plot data in the coordinate plane and analyze relationships.,Connecticut grade 5 Alignment Guide.docx
ccss,5,standard,5.G.A.2,"Represent real world and mathematical problems by graphing points in the first quadrant of the coordinate plane, and interpret coordinate values of points in the context of the situation.",G5-M6-L18,Interpret line graphs.,lesson,FALSE,5 M6 Lesson 18: Interpret line graphs.,Connecticut grade 5 Alignment Guide.docx
ccss,5,standard,5.G.A.2,"Represent real world and mathematical problems by graphing points in the first quadrant of the coordinate plane, and interpret coordinate values of points in the context of the situation.",G5-M6-L20,Reason about patterns in real-world situations.,lesson,FALSE,5 M6 Lesson 20: Reason about patterns in real-world situations.,Connecticut grade 5 Alignment Guide.docx
ccss,5,standard,5.G.A.2,"Represent real world and mathematical problems by graphing points in the first quadrant of the coordinate plane, and interpret coordinate values of points in the context of the situation.",G5-M6-L4,Describe the distance and direction between points in the coordinate plane.,lesson,FALSE,5 M6 Lesson 4: Describe the distance and direction between points in the coordinate plane.,Connecticut grade 5 Alignment Guide.docx
ccss,5,standard,5.G.A.2,"Represent real world and mathematical problems by graphing points in the first quadrant of the coordinate plane, and interpret coordinate values of points in the context of the situation.",G5-M6-L5,Identify properties of horizontal and vertical lines.,lesson,FALSE,5 M6 Lesson 5: Identify properties of horizontal and vertical lines.,Connecticut grade 5 Alignment Guide.docx
ccss,5,standard,5.G.A.2,"Represent real world and mathematical problems by graphing points in the first quadrant of the coordinate plane, and interpret coordinate values of points in the context of the situation.",G5-M6-L6,Use properties of horizontal and vertical lines to solve problems.,lesson,FALSE,5 M6 Lesson 6: Use properties of horizontal and vertical lines to solve problems.,Connecticut grade 5 Alignment Guide.docx
ccss,5,standard,5.G.A.2,"Represent real world and mathematical problems by graphing points in the first quadrant of the coordinate plane, and interpret coordinate values of points in the context of the situation.",G5-M6-L7,Generate number patterns to form ordered pairs.,lesson,FALSE,5 M6 Lesson 7: Generate number patterns to form ordered pairs.,Connecticut grade 5 Alignment Guide.docx
ccss,5,standard,5.G.A.2,"Represent real world and mathematical problems by graphing points in the first quadrant of the coordinate plane, and interpret coordinate values of points in the context of the situation.",G5-M6-L8,Identify addition and subtraction relationships between corresponding terms in number patterns.,lesson,FALSE,5 M6 Lesson 8: Identify addition and subtraction relationships between corresponding terms in number patterns.,Connecticut grade 5 Alignment Guide.docx
ccss,5,standard,5.G.A.2,"Represent real world and mathematical problems by graphing points in the first quadrant of the coordinate plane, and interpret coordinate values of points in the context of the situation.",G5-M6-L9,Identify multiplication and division relationships between corresponding terms in number patterns.,lesson,FALSE,5 M6 Lesson 9: Identify multiplication and division relationships between corresponding terms in number patterns.,Connecticut grade 5 Alignment Guide.docx
ccss,5,cluster,5.G.B,Classify two-dimensional figures into categories based on their properties.,,,,,,Connecticut grade 5 Alignment Guide.docx
ccss,5,standard,5.G.B.4,Classify two-dimensional figures in a hierarchy based on properties.,G5-M6-L12,Graph and classify quadrilaterals in the coordinate plane.,lesson,FALSE,5 M6 Lesson 12: Graph and classify quadrilaterals in the coordinate plane.,Connecticut grade 5 Alignment Guide.docx
ccss,5,domain,5.MD,Measurement and Data,,,,,,Connecticut grade 5 Alignment Guide.docx
ccss,5,domain,5.MD,Measurement and Data,,,,,,Connecticut grade 5 Alignment Guide.docx
ccss,5,domain,5.MD,Measurement and Data,,,,,,Connecticut grade 5 Alignment Guide.docx
ccss,5,cluster,5.MD.A,Convert like measurement units within a given measurement system.,,,,,,Connecticut grade 5 Alignment Guide.docx
ccss,5,standard,5.MD.A.1,"Convert among different-sized standard measurement units within a given measurement system (e.g., convert 5 cm to 0.05 m), and use these conversions in solving multi-step, real world problems.",G5-M1-L5,Convert measurements and describe relationships between metric units.,lesson,FALSE,5 M1 Lesson 5: Convert measurements and describe relationships between metric units.,Connecticut grade 5 Alignment Guide.docx
ccss,5,standard,5.MD.A.1,"Convert among different-sized standard measurement units within a given measurement system (e.g., convert 5 cm to 0.05 m), and use these conversions in solving multi-step, real world problems.",G5-M1-L6,Solve multi-step word problems by using metric measurement conversion.,lesson,FALSE,5 M1 Lesson 6: Solve multi-step word problems by using metric measurement conversion.,Connecticut grade 5 Alignment Guide.docx
ccss,5,standard,5.MD.A.1,"Convert among different-sized standard measurement units within a given measurement system (e.g., convert 5 cm to 0.05 m), and use these conversions in solving multi-step, real world problems.",G5-M3-L5,Convert larger customary measurement units to smaller measurement units.,lesson,FALSE,5 M3 Lesson 5: Convert larger customary measurement units to smaller measurement units.,Connecticut grade 5 Alignment Guide.docx
ccss,5,standard,5.MD.A.1,"Convert among different-sized standard measurement units within a given measurement system (e.g., convert 5 cm to 0.05 m), and use these conversions in solving multi-step, real world problems.",G5-M3-L6,Convert smaller customary measurement units to larger measurement units.,lesson,FALSE,5 M3 Lesson 6: Convert smaller customary measurement units to larger measurement units.,Connecticut grade 5 Alignment Guide.docx
ccss,5,standard,5.MD.A.1,"Convert among different-sized standard measurement units within a given measurement system (e.g., convert 5 cm to 0.05 m), and use these conversions in solving multi-step, real world problems.",G5-M4-L26,Solve a real-world problem involving metric measurements.,lesson,FALSE,5 M4 Lesson 26: Solve a real-world problem involving metric measurements.,Connecticut grade 5 Alignment Guide.docx
ccss,5,standard,5.MD.A.1,"Convert among different-sized standard measurement units within a given measurement system (e.g., convert 5 cm to 0.05 m), and use these conversions in solving multi-step, real world problems.",G5-M4-L27,Convert metric measurements involving decimals.,lesson,FALSE,5 M4 Lesson 27: Convert metric measurements involving decimals.,Connecticut grade 5 Alignment Guide.docx
ccss,5,standard,5.MD.A.1,"Convert among different-sized standard measurement units within a given measurement system (e.g., convert 5 cm to 0.05 m), and use these conversions in solving multi-step, real world problems.",G5-M4-L28,Convert customary measurements involving decimals.,lesson,FALSE,5 M4 Lesson 28: Convert customary measurements involving decimals.,Connecticut grade 5 Alignment Guide.docx
ccss,5,cluster,5.MD.B,Represent and interpret data.,,,,,,Connecticut grade 5 Alignment Guide.docx
ccss,5,cluster,5.MD.C,Geometric measurement: understand concepts of volume and relate volume to multiplication and to addition.,,,,,,Connecticut grade 5 Alignment Guide.docx
ccss,5,standard,5.MD.C.3.a,"A cube with side length 1 unit, called a “unit cube,” is said to have “one cubic unit” of volume, and can be used to measure volume.",G5-M5-L16,Identify attributes and properties of right rectangular prisms.,lesson,FALSE,5 M5 Lesson 16: Identify attributes and properties of right rectangular prisms.,Connecticut grade 5 Alignment Guide.docx
ccss,5,standard,5.MD.C.3.a,"A cube with side length 1 unit, called a “unit cube,” is said to have “one cubic unit” of volume, and can be used to measure volume.",G5-M5-L17,Find the volume of right rectangular prisms by packing with unit cubes and counting.,lesson,FALSE,5 M5 Lesson 17: Find the volume of right rectangular prisms by packing with unit cubes and counting.,Connecticut grade 5 Alignment Guide.docx
ccss,5,standard,5.MD.C.3.a,"A cube with side length 1 unit, called a “unit cube,” is said to have “one cubic unit” of volume, and can be used to measure volume.",G5-M5-L19,Compose and decompose right rectangular prisms to find their volume by using layers.,lesson,FALSE,5 M5 Lesson 19: Compose and decompose right rectangular prisms to find their volume by using layers.,Connecticut grade 5 Alignment Guide.docx
ccss,5,standard,5.MD.C.3.a,"A cube with side length 1 unit, called a “unit cube,” is said to have “one cubic unit” of volume, and can be used to measure volume.",G5-M5-L20,Interpret volume as filling.,lesson,FALSE,5 M5 Lesson 20: Interpret volume as filling.,Connecticut grade 5 Alignment Guide.docx
ccss,5,standard,5.MD.C.3.a,"A cube with side length 1 unit, called a “unit cube,” is said to have “one cubic unit” of volume, and can be used to measure volume.",G5-M5-L21,Relate volumes of solids and liquid volume.,lesson,FALSE,5 M5 Lesson 21: Relate volumes of solids and liquid volume.,Connecticut grade 5 Alignment Guide.docx
ccss,5,standard,5.MD.C.3.b,A solid figure which can be packed without gaps or overlaps using 𝑛 unit cubes is said to have a volume of 𝑛 cubic units.,G5-M5-L16,Identify attributes and properties of right rectangular prisms.,lesson,FALSE,5 M5 Lesson 16: Identify attributes and properties of right rectangular prisms.,Connecticut grade 5 Alignment Guide.docx
ccss,5,standard,5.MD.C.3.b,A solid figure which can be packed without gaps or overlaps using 𝑛 unit cubes is said to have a volume of 𝑛 cubic units.,G5-M5-L17,Find the volume of right rectangular prisms by packing with unit cubes and counting.,lesson,FALSE,5 M5 Lesson 17: Find the volume of right rectangular prisms by packing with unit cubes and counting.,Connecticut grade 5 Alignment Guide.docx
ccss,5,standard,5.MD.C.3.b,A solid figure which can be packed without gaps or overlaps using 𝑛 unit cubes is said to have a volume of 𝑛 cubic units.,G5-M5-L19,Compose and decompose right rectangular prisms to find their volume by using layers.,lesson,FALSE,5 M5 Lesson 19: Compose and decompose right rectangular prisms to find their volume by using layers.,Connecticut grade 5 Alignment Guide.docx
ccss,5,standard,5.MD.C.3.b,A solid figure which can be packed without gaps or overlaps using 𝑛 unit cubes is said to have a volume of 𝑛 cubic units.,G5-M5-L20,Interpret volume as filling.,lesson,FALSE,5 M5 Lesson 20: Interpret volume as filling.,Connecticut grade 5 Alignment Guide.docx
ccss,5,standard,5.MD.C.3.b,A solid figure which can be packed without gaps or overlaps using 𝑛 unit cubes is said to have a volume of 𝑛 cubic units.,G5-M5-L21,Relate volumes of solids and liquid volume.,lesson,FALSE,5 M5 Lesson 21: Relate volumes of solids and liquid volume.,Connecticut grade 5 Alignment Guide.docx
ccss,5,standard,5.MD.C.4,"Measure volumes by counting unit cubes, using cubic cm, cubic in, cubic ft, and improvised units.",G5-M5-L17,Find the volume of right rectangular prisms by packing with unit cubes and counting.,lesson,FALSE,5 M5 Lesson 17: Find the volume of right rectangular prisms by packing with unit cubes and counting.,Connecticut grade 5 Alignment Guide.docx
ccss,5,standard,5.MD.C.4,"Measure volumes by counting unit cubes, using cubic cm, cubic in, cubic ft, and improvised units.",G5-M5-L18,Find the volume of right rectangular prisms by packing with improvised units.,lesson,FALSE,5 M5 Lesson 18: Find the volume of right rectangular prisms by packing with improvised units.,Connecticut grade 5 Alignment Guide.docx
ccss,5,standard,5.MD.C.4,"Measure volumes by counting unit cubes, using cubic cm, cubic in, cubic ft, and improvised units.",G5-M5-L19,Compose and decompose right rectangular prisms to find their volume by using layers.,lesson,FALSE,5 M5 Lesson 19: Compose and decompose right rectangular prisms to find their volume by using layers.,Connecticut grade 5 Alignment Guide.docx
ccss,5,standard,5.MD.C.4,"Measure volumes by counting unit cubes, using cubic cm, cubic in, cubic ft, and improvised units.",G5-M5-L21,Relate volumes of solids and liquid volume.,lesson,FALSE,5 M5 Lesson 21: Relate volumes of solids and liquid volume.,Connecticut grade 5 Alignment Guide.docx
ccss,5,standard,5.MD.C.5.a,"Find the volume of a right rectangular prism with whole-number side lengths by packing it with unit cubes, and show that the volume is the same as would be found by multiplying the edge lengths, equivalently by multiplying the height by the area of the base. Represent threefold whole-number products as volumes, e.g., to represent the associative property of multiplication.",G5-M5-L22,Find the volumes of right rectangular prisms by using the area of the base.,lesson,FALSE,5 M5 Lesson 22: Find the volumes of right rectangular prisms by using the area of the base.,Connecticut grade 5 Alignment Guide.docx
ccss,5,standard,5.MD.C.5.a,"Find the volume of a right rectangular prism with whole-number side lengths by packing it with unit cubes, and show that the volume is the same as would be found by multiplying the edge lengths, equivalently by multiplying the height by the area of the base. Represent threefold whole-number products as volumes, e.g., to represent the associative property of multiplication.",G5-M5-L23,Find the volumes of right rectangular prisms by multiplying the edge lengths.,lesson,FALSE,5 M5 Lesson 23: Find the volumes of right rectangular prisms by multiplying the edge lengths.,Connecticut grade 5 Alignment Guide.docx
ccss,5,standard,5.MD.C.5.b,Apply the formulas 𝑉 = 𝑙 × 𝑤 × ℎ and 𝑉 = 𝑏 × ℎ for rectangular prisms to find volumes of right rectangular prisms with whole-number edge lengths in the context of solving real world and mathematical problems.,G5-M5-L22,Find the volumes of right rectangular prisms by using the area of the base.,lesson,FALSE,5 M5 Lesson 22: Find the volumes of right rectangular prisms by using the area of the base.,Connecticut grade 5 Alignment Guide.docx
ccss,5,standard,5.MD.C.5.b,Apply the formulas 𝑉 = 𝑙 × 𝑤 × ℎ and 𝑉 = 𝑏 × ℎ for rectangular prisms to find volumes of right rectangular prisms with whole-number edge lengths in the context of solving real world and mathematical problems.,G5-M5-L23,Find the volumes of right rectangular prisms by multiplying the edge lengths.,lesson,FALSE,5 M5 Lesson 23: Find the volumes of right rectangular prisms by multiplying the edge lengths.,Connecticut grade 5 Alignment Guide.docx
ccss,5,standard,5.MD.C.5.b,Apply the formulas 𝑉 = 𝑙 × 𝑤 × ℎ and 𝑉 = 𝑏 × ℎ for rectangular prisms to find volumes of right rectangular prisms with whole-number edge lengths in the context of solving real world and mathematical problems.,G5-M5-L25,Find the volumes of solid figures composed of right rectangular prisms.,lesson,FALSE,5 M5 Lesson 25: Find the volumes of solid figures composed of right rectangular prisms.,Connecticut grade 5 Alignment Guide.docx
ccss,5,standard,5.MD.C.5.b,Apply the formulas 𝑉 = 𝑙 × 𝑤 × ℎ and 𝑉 = 𝑏 × ℎ for rectangular prisms to find volumes of right rectangular prisms with whole-number edge lengths in the context of solving real world and mathematical problems.,G5-M5-L26,"Solve word problems involving perimeter, area, and volume.",lesson,FALSE,"5 M5 Lesson 26: Solve word problems involving perimeter, area, and volume.",Connecticut grade 5 Alignment Guide.docx
ccss,5,standard,5.MD.C.5.b,Apply the formulas 𝑉 = 𝑙 × 𝑤 × ℎ and 𝑉 = 𝑏 × ℎ for rectangular prisms to find volumes of right rectangular prisms with whole-number edge lengths in the context of solving real world and mathematical problems.,G5-M5-L27,"Apply concepts and formulas of volume to design a sculpture by using right rectangular prisms, part 1.",lesson,FALSE,"5 M5 Lesson 27: Apply concepts and formulas of volume to design a sculpture by using right rectangular prisms, part 1.",Connecticut grade 5 Alignment Guide.docx
ccss,5,standard,5.MD.C.5.b,Apply the formulas 𝑉 = 𝑙 × 𝑤 × ℎ and 𝑉 = 𝑏 × ℎ for rectangular prisms to find volumes of right rectangular prisms with whole-number edge lengths in the context of solving real world and mathematical problems.,G5-M5-L28,"Apply concepts and formulas of volume to design a sculpture by using right rectangular prisms, part 2.",lesson,FALSE,"5 M5 Lesson 28: Apply concepts and formulas of volume to design a sculpture by using right rectangular prisms, part 2.",Connecticut grade 5 Alignment Guide.docx
ccss,5,standard,5.MD.C.5.c,"Recognize volume as additive. Find volumes of solid figures composed of two non-overlapping right rectangular prisms by adding the volumes of the non-overlapping parts, applying this technique to solve real world problems.",G5-M5-L24,Solve word problems involving volumes of right rectangular prisms.,lesson,FALSE,5 M5 Lesson 24: Solve word problems involving volumes of right rectangular prisms.,Connecticut grade 5 Alignment Guide.docx
ccss,5,standard,5.MD.C.5.c,"Recognize volume as additive. Find volumes of solid figures composed of two non-overlapping right rectangular prisms by adding the volumes of the non-overlapping parts, applying this technique to solve real world problems.",G5-M5-L25,Find the volumes of solid figures composed of right rectangular prisms.,lesson,FALSE,5 M5 Lesson 25: Find the volumes of solid figures composed of right rectangular prisms.,Connecticut grade 5 Alignment Guide.docx
ccss,5,standard,5.MD.C.5.c,"Recognize volume as additive. Find volumes of solid figures composed of two non-overlapping right rectangular prisms by adding the volumes of the non-overlapping parts, applying this technique to solve real world problems.",G5-M5-L26,"Solve word problems involving perimeter, area, and volume.",lesson,FALSE,"5 M5 Lesson 26: Solve word problems involving perimeter, area, and volume.",Connecticut grade 5 Alignment Guide.docx
ccss,5,standard,5.MD.C.5.c,"Recognize volume as additive. Find volumes of solid figures composed of two non-overlapping right rectangular prisms by adding the volumes of the non-overlapping parts, applying this technique to solve real world problems.",G5-M5-L27,"Apply concepts and formulas of volume to design a sculpture by using right rectangular prisms, part 1.",lesson,FALSE,"5 M5 Lesson 27: Apply concepts and formulas of volume to design a sculpture by using right rectangular prisms, part 1.",Connecticut grade 5 Alignment Guide.docx
ccss,5,standard,5.MD.C.5.c,"Recognize volume as additive. Find volumes of solid figures composed of two non-overlapping right rectangular prisms by adding the volumes of the non-overlapping parts, applying this technique to solve real world problems.",G5-M5-L28,"Apply concepts and formulas of volume to design a sculpture by using right rectangular prisms, part 2.",lesson,FALSE,"5 M5 Lesson 28: Apply concepts and formulas of volume to design a sculpture by using right rectangular prisms, part 2.",Connecticut grade 5 Alignment Guide.docx
ccss,5,domain,5.NBT,Number and Operations in Base Ten,,,,,,Connecticut grade 5 Alignment Guide.docx
ccss,5,domain,5.NBT,Number and Operations in Base Ten,,,,,,Connecticut grade 5 Alignment Guide.docx
ccss,5,cluster,5.NBT.A,Understand the place value system.,,,,,,Connecticut grade 5 Alignment Guide.docx
ccss,5,standard,5.NBT.A.1,"Recognize that in a multi-digit number, a digit in one place represents 10 times as much as it represents in the place to its right and 1/10 of what it represents in the place to its left.",G5-M1-L1,Relate adjacent place value units by using place value understanding.,lesson,FALSE,5 M1 Lesson 1: Relate adjacent place value units by using place value understanding.,Connecticut grade 5 Alignment Guide.docx
ccss,5,standard,5.NBT.A.1,"Recognize that in a multi-digit number, a digit in one place represents 10 times as much as it represents in the place to its right and 1/10 of what it represents in the place to its left.",G5-M1-L2,"Multiply and divide by 10, 100, and 1,000 and identify patterns in the products and quotients.",lesson,FALSE,"5 M1 Lesson 2: Multiply and divide by 10, 100, and 1,000 and identify patterns in the products and quotients.",Connecticut grade 5 Alignment Guide.docx
ccss,5,standard,5.NBT.A.1,"Recognize that in a multi-digit number, a digit in one place represents 10 times as much as it represents in the place to its right and 1/10 of what it represents in the place to its left.",G5-M4-L1,Model and relate decimal place value units to thousandths.,lesson,FALSE,5 M4 Lesson 1: Model and relate decimal place value units to thousandths.,Connecticut grade 5 Alignment Guide.docx
ccss,5,standard,5.NBT.A.1,"Recognize that in a multi-digit number, a digit in one place represents 10 times as much as it represents in the place to its right and 1/10 of what it represents in the place to its left.",G5-M4-L2,Represent thousandths as a place value unit.,lesson,FALSE,5 M4 Lesson 2: Represent thousandths as a place value unit.,Connecticut grade 5 Alignment Guide.docx
ccss,5,standard,5.NBT.A.1,"Recognize that in a multi-digit number, a digit in one place represents 10 times as much as it represents in the place to its right and 1/10 of what it represents in the place to its left.",G5-M4-L3,Represent decimal numbers to the thousandths place in different forms.,lesson,FALSE,5 M4 Lesson 3: Represent decimal numbers to the thousandths place in different forms.,Connecticut grade 5 Alignment Guide.docx
ccss,5,standard,5.NBT.A.1,"Recognize that in a multi-digit number, a digit in one place represents 10 times as much as it represents in the place to its right and 1/10 of what it represents in the place to its left.",G5-M4-L4,Relate the values of digits in a decimal number by using place value understanding.,lesson,FALSE,5 M4 Lesson 4: Relate the values of digits in a decimal number by using place value understanding.,Connecticut grade 5 Alignment Guide.docx
ccss,5,standard,5.NBT.A.2,"Explain patterns in the number of zeros of the product when multiplying a number by powers of 10, and explain patterns in the placement of the decimal point when a decimal is multiplied or divided by a power of 10. Use whole-number exponents to denote powers of 10.",G5-M1-L2,"Multiply and divide by 10, 100, and 1,000 and identify patterns in the products and quotients.",lesson,FALSE,"5 M1 Lesson 2: Multiply and divide by 10, 100, and 1,000 and identify patterns in the products and quotients.",Connecticut grade 5 Alignment Guide.docx
ccss,5,standard,5.NBT.A.2,"Explain patterns in the number of zeros of the product when multiplying a number by powers of 10, and explain patterns in the placement of the decimal point when a decimal is multiplied or divided by a power of 10. Use whole-number exponents to denote powers of 10.",G5-M1-L3,Use exponents to multiply and divide by powers of 10.,lesson,FALSE,5 M1 Lesson 3: Use exponents to multiply and divide by powers of 10.,Connecticut grade 5 Alignment Guide.docx
ccss,5,standard,5.NBT.A.2,"Explain patterns in the number of zeros of the product when multiplying a number by powers of 10, and explain patterns in the placement of the decimal point when a decimal is multiplied or divided by a power of 10. Use whole-number exponents to denote powers of 10.",G5-M1-L4,Estimate products and quotients by using powers of 10 and their multiples.,lesson,FALSE,5 M1 Lesson 4: Estimate products and quotients by using powers of 10 and their multiples.,Connecticut grade 5 Alignment Guide.docx
ccss,5,standard,5.NBT.A.2,"Explain patterns in the number of zeros of the product when multiplying a number by powers of 10, and explain patterns in the placement of the decimal point when a decimal is multiplied or divided by a power of 10. Use whole-number exponents to denote powers of 10.",G5-M4-L5,Multiply and divide decimal numbers by powers of 10.,lesson,FALSE,5 M4 Lesson 5: Multiply and divide decimal numbers by powers of 10.,Connecticut grade 5 Alignment Guide.docx
ccss,5,standard,5.NBT.A.3.a,"Read and write decimals to thousandths using base-ten numerals, number names, and expanded form, e.g., 347.392 = 3 × 100 + 4 × 10 + 7 × 1 + 3 × (1/10) + 9 × (1/100) + 2 × (1/1000).",G5-M4-L1,Model and relate decimal place value units to thousandths.,lesson,FALSE,5 M4 Lesson 1: Model and relate decimal place value units to thousandths.,Connecticut grade 5 Alignment Guide.docx
ccss,5,standard,5.NBT.A.3.a,"Read and write decimals to thousandths using base-ten numerals, number names, and expanded form, e.g., 347.392 = 3 × 100 + 4 × 10 + 7 × 1 + 3 × (1/10) + 9 × (1/100) + 2 × (1/1000).",G5-M4-L2,Represent thousandths as a place value unit.,lesson,FALSE,5 M4 Lesson 2: Represent thousandths as a place value unit.,Connecticut grade 5 Alignment Guide.docx
ccss,5,standard,5.NBT.A.3.a,"Read and write decimals to thousandths using base-ten numerals, number names, and expanded form, e.g., 347.392 = 3 × 100 + 4 × 10 + 7 × 1 + 3 × (1/10) + 9 × (1/100) + 2 × (1/1000).",G5-M4-L3,Represent decimal numbers to the thousandths place in different forms.,lesson,FALSE,5 M4 Lesson 3: Represent decimal numbers to the thousandths place in different forms.,Connecticut grade 5 Alignment Guide.docx
ccss,5,standard,5.NBT.A.3.b,"Compare two decimals to thousandths based on meanings of the digits in each place, using >, =, and < symbols to record the results of comparisons.",G5-M4-L6,Compare decimal numbers to the thousandths place.,lesson,FALSE,5 M4 Lesson 6: Compare decimal numbers to the thousandths place.,Connecticut grade 5 Alignment Guide.docx
ccss,5,standard,5.NBT.A.4,Use place value understanding to round decimals to any place.,G5-M4-L7,"Round decimal numbers to the nearest one, tenth, or hundredth.",lesson,FALSE,"5 M4 Lesson 7: Round decimal numbers to the nearest one, tenth, or hundredth.",Connecticut grade 5 Alignment Guide.docx
ccss,5,standard,5.NBT.A.4,Use place value understanding to round decimals to any place.,G5-M4-L8,Round decimal numbers to any place value unit.,lesson,FALSE,5 M4 Lesson 8: Round decimal numbers to any place value unit.,Connecticut grade 5 Alignment Guide.docx
ccss,5,cluster,5.NBT.B,Perform operations with multi-digit whole numbers and with decimals to hundredths.,,,,,,Connecticut grade 5 Alignment Guide.docx
ccss,5,standard,5.NBT.B.7,"Add, subtract, multiply, and divide decimals to hundredths, using concrete models or drawings and strategies based on place value, properties of operations, and/or the relationship between addition and subtraction; relate the strategy to a written method and explain the reasoning used.",G5-M4-L10,Add decimal numbers by using place value understanding.,lesson,FALSE,5 M4 Lesson 10: Add decimal numbers by using place value understanding.,Connecticut grade 5 Alignment Guide.docx
ccss,5,standard,5.NBT.B.7,"Add, subtract, multiply, and divide decimals to hundredths, using concrete models or drawings and strategies based on place value, properties of operations, and/or the relationship between addition and subtraction; relate the strategy to a written method and explain the reasoning used.",G5-M4-L11,Subtract decimal numbers by using different methods.,lesson,FALSE,5 M4 Lesson 11: Subtract decimal numbers by using different methods.,Connecticut grade 5 Alignment Guide.docx
ccss,5,standard,5.NBT.B.7,"Add, subtract, multiply, and divide decimals to hundredths, using concrete models or drawings and strategies based on place value, properties of operations, and/or the relationship between addition and subtraction; relate the strategy to a written method and explain the reasoning used.",G5-M4-L12,Subtract decimal numbers by using place value understanding.,lesson,FALSE,5 M4 Lesson 12: Subtract decimal numbers by using place value understanding.,Connecticut grade 5 Alignment Guide.docx
ccss,5,standard,5.NBT.B.7,"Add, subtract, multiply, and divide decimals to hundredths, using concrete models or drawings and strategies based on place value, properties of operations, and/or the relationship between addition and subtraction; relate the strategy to a written method and explain the reasoning used.",G5-M4-L9,Add decimal numbers by using different methods.,lesson,FALSE,5 M4 Lesson 9: Add decimal numbers by using different methods.,Connecticut grade 5 Alignment Guide.docx
ccss,5,domain,5.NF,Number and Operations-Fractions,,,,,,Connecticut grade 5 Alignment Guide.docx
ccss,5,domain,5.NF,Number and Operations-Fractions,,,,,,Connecticut grade 5 Alignment Guide.docx
ccss,5,cluster,5.NF.A,Use equivalent fractions as a strategy to add and subtract fractions.,,,,,,Connecticut grade 5 Alignment Guide.docx
ccss,5,standard,5.NF.A.1,Add and subtract fractions with unlike denominators (including mixed numbers) by replacing given fractions with equivalent fractions in such a way as to produce an equivalent sum or difference of fractions with like denominators.,G5-M2-L7,Add and subtract fractions with related units by finding equivalent fractions numerically.,lesson,FALSE,5 M2 Lesson 7: Add and subtract fractions with related units by finding equivalent fractions numerically.,Connecticut grade 5 Alignment Guide.docx
ccss,5,standard,5.NF.A.1,Add and subtract fractions with unlike denominators (including mixed numbers) by replacing given fractions with equivalent fractions in such a way as to produce an equivalent sum or difference of fractions with like denominators.,G5-M2-L8,Add and subtract fractions with unrelated units by finding equivalent fractions pictorially.,lesson,FALSE,5 M2 Lesson 8: Add and subtract fractions with unrelated units by finding equivalent fractions pictorially.,Connecticut grade 5 Alignment Guide.docx
ccss,5,standard,5.NF.A.1,Add and subtract fractions with unlike denominators (including mixed numbers) by replacing given fractions with equivalent fractions in such a way as to produce an equivalent sum or difference of fractions with like denominators.,G5-M2-L9,Add and subtract fractions with unrelated units by finding equivalent fractions numerically.,lesson,FALSE,5 M2 Lesson 9: Add and subtract fractions with unrelated units by finding equivalent fractions numerically.,Connecticut grade 5 Alignment Guide.docx
ccss,5,standard,5.NF.A.2,"Solve word problems involving addition and subtraction of fractions referring to the same whole, including cases of unlike denominators, e.g., by using visual fraction models or equations to represent the problem. Use benchmark fractions and number sense of fractions to estimate mentally and assess the reasonableness of answers.",G5-M2-L17,Solve problems by equally redistributing a total amount.,lesson,FALSE,5 M2 Lesson 17: Solve problems by equally redistributing a total amount.,Connecticut grade 5 Alignment Guide.docx
ccss,5,cluster,5.NF.B,Apply and extend previous understandings of multiplication and division to multiply and divide fractions.,,,,,,Connecticut grade 5 Alignment Guide.docx
ccss,5,standard,5.NF.B.4,Apply and extend previous understandings of multiplication to multiply a fraction or whole number by a fraction.,G5-M3-L10,Multiply fractions greater than 1 by fractions.,lesson,FALSE,5 M3 Lesson 10: Multiply fractions greater than 1 by fractions.,Connecticut grade 5 Alignment Guide.docx
ccss,5,standard,5.NF.B.4,Apply and extend previous understandings of multiplication to multiply a fraction or whole number by a fraction.,G5-M3-L3,Multiply a whole number by a fraction less than 1.,lesson,FALSE,5 M3 Lesson 3: Multiply a whole number by a fraction less than 1.,Connecticut grade 5 Alignment Guide.docx
ccss,5,standard,5.NF.B.4,Apply and extend previous understandings of multiplication to multiply a fraction or whole number by a fraction.,G5-M3-L9,Multiply fractions by unit fractions by making simpler problems.,lesson,FALSE,5 M3 Lesson 9: Multiply fractions by unit fractions by making simpler problems.,Connecticut grade 5 Alignment Guide.docx
ccss,5,standard,5.NF.B.4,Apply and extend previous understandings of multiplication to multiply a fraction or whole number by a fraction.,G5-M5-L12,Multiply mixed numbers.,lesson,FALSE,5 M5 Lesson 12: Multiply mixed numbers.,Connecticut grade 5 Alignment Guide.docx
ccss,5,standard,5.NF.B.4.a,"Interpret the product (𝑎/𝑏) × 𝑞 as a parts of a partition of 𝑞 into 𝑏 equal parts; equivalently, as the result of a sequence of operations 𝑎 × 𝑞 ÷ 𝑏.",G5-M3-L11,Multiply fractions.,lesson,FALSE,5 M3 Lesson 11: Multiply fractions.,Connecticut grade 5 Alignment Guide.docx
ccss,5,standard,5.NF.B.4.a,"Interpret the product (𝑎/𝑏) × 𝑞 as a parts of a partition of 𝑞 into 𝑏 equal parts; equivalently, as the result of a sequence of operations 𝑎 × 𝑞 ÷ 𝑏.",G5-M3-L7,Multiply fractions less than 1 by unit fractions pictorially.,lesson,FALSE,5 M3 Lesson 7: Multiply fractions less than 1 by unit fractions pictorially.,Connecticut grade 5 Alignment Guide.docx
ccss,5,standard,5.NF.B.4.a,"Interpret the product (𝑎/𝑏) × 𝑞 as a parts of a partition of 𝑞 into 𝑏 equal parts; equivalently, as the result of a sequence of operations 𝑎 × 𝑞 ÷ 𝑏.",G5-M3-L8,Multiply fractions less than 1 pictorially.,lesson,FALSE,5 M3 Lesson 8: Multiply fractions less than 1 pictorially.,Connecticut grade 5 Alignment Guide.docx
ccss,5,standard,5.NF.B.4.b,"Find the area of a rectangle with fractional side lengths by tiling it with unit squares of the appropriate unit fraction side lengths, and show that the area is the same as would be found by multiplying the side lengths. Multiply fractional side lengths to find areas of rectangles, and represent fraction products as rectangular areas.",G5-M5-L10,Find the area of a rectangle with fraction side lengths by relating the rectangle to a unit square.,lesson,FALSE,5 M5 Lesson 10: Find the area of a rectangle with fraction side lengths by relating the rectangle to a unit square.,Connecticut grade 5 Alignment Guide.docx
ccss,5,standard,5.NF.B.4.b,"Find the area of a rectangle with fractional side lengths by tiling it with unit squares of the appropriate unit fraction side lengths, and show that the area is the same as would be found by multiplying the side lengths. Multiply fractional side lengths to find areas of rectangles, and represent fraction products as rectangular areas.",G5-M5-L11,Find areas of rectangles with fraction side lengths by using multiplication.,lesson,FALSE,5 M5 Lesson 11: Find areas of rectangles with fraction side lengths by using multiplication.,Connecticut grade 5 Alignment Guide.docx
ccss,5,standard,5.NF.B.4.b,"Find the area of a rectangle with fractional side lengths by tiling it with unit squares of the appropriate unit fraction side lengths, and show that the area is the same as would be found by multiplying the side lengths. Multiply fractional side lengths to find areas of rectangles, and represent fraction products as rectangular areas.",G5-M5-L12,Multiply mixed numbers.,lesson,FALSE,5 M5 Lesson 12: Multiply mixed numbers.,Connecticut grade 5 Alignment Guide.docx
ccss,5,standard,5.NF.B.4.b,"Find the area of a rectangle with fractional side lengths by tiling it with unit squares of the appropriate unit fraction side lengths, and show that the area is the same as would be found by multiplying the side lengths. Multiply fractional side lengths to find areas of rectangles, and represent fraction products as rectangular areas.",G5-M5-L13,Solve mathematical problems involving areas of composite figures with mixed-number side lengths.,lesson,FALSE,5 M5 Lesson 13: Solve mathematical problems involving areas of composite figures with mixed-number side lengths.,Connecticut grade 5 Alignment Guide.docx
ccss,5,standard,5.NF.B.4.b,"Find the area of a rectangle with fractional side lengths by tiling it with unit squares of the appropriate unit fraction side lengths, and show that the area is the same as would be found by multiplying the side lengths. Multiply fractional side lengths to find areas of rectangles, and represent fraction products as rectangular areas.",G5-M5-L14,Solve real-world problems involving areas of composite figures with mixed-number side lengths.,lesson,FALSE,5 M5 Lesson 14: Solve real-world problems involving areas of composite figures with mixed-number side lengths.,Connecticut grade 5 Alignment Guide.docx
ccss,5,standard,5.NF.B.4.b,"Find the area of a rectangle with fractional side lengths by tiling it with unit squares of the appropriate unit fraction side lengths, and show that the area is the same as would be found by multiplying the side lengths. Multiply fractional side lengths to find areas of rectangles, and represent fraction products as rectangular areas.",G5-M5-L8,Find areas of square tiles with fraction side lengths by relating the tile to a unit square.,lesson,FALSE,5 M5 Lesson 8: Find areas of square tiles with fraction side lengths by relating the tile to a unit square.,Connecticut grade 5 Alignment Guide.docx
ccss,5,standard,5.NF.B.4.b,"Find the area of a rectangle with fractional side lengths by tiling it with unit squares of the appropriate unit fraction side lengths, and show that the area is the same as would be found by multiplying the side lengths. Multiply fractional side lengths to find areas of rectangles, and represent fraction products as rectangular areas.",G5-M5-L9,"Organize, count, and represent a collection of square tiles.",lesson,FALSE,"5 M5 Lesson 9: Organize, count, and represent a collection of square tiles.",Connecticut grade 5 Alignment Guide.docx
ccss,5,standard,5.NF.B.4.b,"Find the area of a rectangle with fractional side lengths by tiling it with unit squares of the appropriate unit fraction side lengths, and show that the area is the same as would be found by multiplying the side lengths. Multiply fractional side lengths to find areas of rectangles, and represent fraction products as rectangular areas.",G5-M6-L15,Use the coordinate plane to reason about perimeters and areas of rectangles.,lesson,FALSE,5 M6 Lesson 15: Use the coordinate plane to reason about perimeters and areas of rectangles.,Connecticut grade 5 Alignment Guide.docx
ccss,5,standard,5.NF.B.5.a,"Comparing the size of a product to the size of one factor on the basis of the size of the other factor, without performing the indicated multiplication.",G5-M3-L3,Multiply a whole number by a fraction less than 1.,lesson,FALSE,5 M3 Lesson 3: Multiply a whole number by a fraction less than 1.,Connecticut grade 5 Alignment Guide.docx
ccss,5,standard,5.NF.B.5.a,"Comparing the size of a product to the size of one factor on the basis of the size of the other factor, without performing the indicated multiplication.",G5-M3-L4,Multiply a whole number by a fraction.,lesson,FALSE,5 M3 Lesson 4: Multiply a whole number by a fraction.,Connecticut grade 5 Alignment Guide.docx
ccss,5,standard,5.NF.B.5.b,Explaining why multiplying a given number by a fraction greater than 1 results in a product greater than the given number (recognizing multiplication by whole numbers greater than 1 as a familiar case); explaining why multiplying a given number by a fraction less than 1 results in a product smaller than the given number; and relating the principle of fraction equivalence 𝑎/𝑏 = (𝑛 × 𝑎)/(𝑛 × 𝑏) to the effect of multiplying 𝑎/𝑏 by 1.,G5-M3-L1,Find fractions of a set with arrays.,lesson,FALSE,5 M3 Lesson 1: Find fractions of a set with arrays.,Connecticut grade 5 Alignment Guide.docx
ccss,5,standard,5.NF.B.5.b,Explaining why multiplying a given number by a fraction greater than 1 results in a product greater than the given number (recognizing multiplication by whole numbers greater than 1 as a familiar case); explaining why multiplying a given number by a fraction less than 1 results in a product smaller than the given number; and relating the principle of fraction equivalence 𝑎/𝑏 = (𝑛 × 𝑎)/(𝑛 × 𝑏) to the effect of multiplying 𝑎/𝑏 by 1.,G5-M3-L2,Interpret fractions as division to find fractions of a set with tape diagrams and number lines.,lesson,FALSE,5 M3 Lesson 2: Interpret fractions as division to find fractions of a set with tape diagrams and number lines.,Connecticut grade 5 Alignment Guide.docx
ccss,5,standard,5.NF.B.5.b,Explaining why multiplying a given number by a fraction greater than 1 results in a product greater than the given number (recognizing multiplication by whole numbers greater than 1 as a familiar case); explaining why multiplying a given number by a fraction less than 1 results in a product smaller than the given number; and relating the principle of fraction equivalence 𝑎/𝑏 = (𝑛 × 𝑎)/(𝑛 × 𝑏) to the effect of multiplying 𝑎/𝑏 by 1.,G5-M3-L4,Multiply a whole number by a fraction.,lesson,FALSE,5 M3 Lesson 4: Multiply a whole number by a fraction.,Connecticut grade 5 Alignment Guide.docx
ccss,5,standard,5.NF.B.5.b,Explaining why multiplying a given number by a fraction greater than 1 results in a product greater than the given number (recognizing multiplication by whole numbers greater than 1 as a familiar case); explaining why multiplying a given number by a fraction less than 1 results in a product smaller than the given number; and relating the principle of fraction equivalence 𝑎/𝑏 = (𝑛 × 𝑎)/(𝑛 × 𝑏) to the effect of multiplying 𝑎/𝑏 by 1.,G5-M3-L5,Convert larger customary measurement units to smaller measurement units.,lesson,FALSE,5 M3 Lesson 5: Convert larger customary measurement units to smaller measurement units.,Connecticut grade 5 Alignment Guide.docx
ccss,5,standard,5.NF.B.5.b,Explaining why multiplying a given number by a fraction greater than 1 results in a product greater than the given number (recognizing multiplication by whole numbers greater than 1 as a familiar case); explaining why multiplying a given number by a fraction less than 1 results in a product smaller than the given number; and relating the principle of fraction equivalence 𝑎/𝑏 = (𝑛 × 𝑎)/(𝑛 × 𝑏) to the effect of multiplying 𝑎/𝑏 by 1.,G5-M3-L6,Convert smaller customary measurement units to larger measurement units.,lesson,FALSE,5 M3 Lesson 6: Convert smaller customary measurement units to larger measurement units.,Connecticut grade 5 Alignment Guide.docx
ccss,5,standard,5.NF.B.6,"Solve real world problems involving multiplication of fractions and mixed numbers, e.g., by using visual fraction models or equations to represent the problem.",G5-M3-L17,Solve word problems involving fractions with multiplication and division.,lesson,FALSE,5 M3 Lesson 17: Solve word problems involving fractions with multiplication and division.,Connecticut grade 5 Alignment Guide.docx
ccss,5,standard,5.NF.B.6,"Solve real world problems involving multiplication of fractions and mixed numbers, e.g., by using visual fraction models or equations to represent the problem.",G5-M3-L21,Solve multi-step word problems involving fractions.,lesson,FALSE,5 M3 Lesson 21: Solve multi-step word problems involving fractions.,Connecticut grade 5 Alignment Guide.docx
ccss,5,standard,5.NF.B.6,"Solve real world problems involving multiplication of fractions and mixed numbers, e.g., by using visual fraction models or equations to represent the problem.",G5-M5-L14,Solve real-world problems involving areas of composite figures with mixed-number side lengths.,lesson,FALSE,5 M5 Lesson 14: Solve real-world problems involving areas of composite figures with mixed-number side lengths.,Connecticut grade 5 Alignment Guide.docx
ccss,5,standard,5.NF.B.6,"Solve real world problems involving multiplication of fractions and mixed numbers, e.g., by using visual fraction models or equations to represent the problem.",G5-M5-L15,Solve multi-step word problems involving multiplication of mixed numbers.,lesson,FALSE,5 M5 Lesson 15: Solve multi-step word problems involving multiplication of mixed numbers.,Connecticut grade 5 Alignment Guide.docx
ccss,5,standard,5.NF.B.7.a,"Interpret division of a unit fraction by a non-zero whole number, and compute such quotients.",G5-M3-L14,Divide a unit fraction by a nonzero whole number.,lesson,FALSE,5 M3 Lesson 14: Divide a unit fraction by a nonzero whole number.,Connecticut grade 5 Alignment Guide.docx
ccss,5,standard,5.NF.B.7.a,"Interpret division of a unit fraction by a non-zero whole number, and compute such quotients.",G5-M3-L15,Divide by whole numbers and unit fractions.,lesson,FALSE,5 M3 Lesson 15: Divide by whole numbers and unit fractions.,Connecticut grade 5 Alignment Guide.docx
ccss,5,standard,5.NF.B.7.a,"Interpret division of a unit fraction by a non-zero whole number, and compute such quotients.",G5-M3-L16,Reason about the size of quotients of whole numbers and unit fractions and quotients of unit fractions and whole numbers.,lesson,FALSE,5 M3 Lesson 16: Reason about the size of quotients of whole numbers and unit fractions and quotients of unit fractions and whole numbers.,Connecticut grade 5 Alignment Guide.docx
ccss,5,standard,5.NF.B.7.a,"Interpret division of a unit fraction by a non-zero whole number, and compute such quotients.",G5-M3-L19,Create and solve one-step word problems involving fractions.,lesson,FALSE,5 M3 Lesson 19: Create and solve one-step word problems involving fractions.,Connecticut grade 5 Alignment Guide.docx
ccss,5,standard,5.NF.B.7.b,"Interpret division of a whole number by a unit fraction, and compute such quotients.",G5-M3-L12,Divide a nonzero whole number by a unit fraction to find the number of groups.,lesson,FALSE,5 M3 Lesson 12: Divide a nonzero whole number by a unit fraction to find the number of groups.,Connecticut grade 5 Alignment Guide.docx
ccss,5,standard,5.NF.B.7.b,"Interpret division of a whole number by a unit fraction, and compute such quotients.",G5-M3-L13,Divide a nonzero whole number by a unit fraction to find the size of the group.,lesson,FALSE,5 M3 Lesson 13: Divide a nonzero whole number by a unit fraction to find the size of the group.,Connecticut grade 5 Alignment Guide.docx
ccss,5,standard,5.NF.B.7.b,"Interpret division of a whole number by a unit fraction, and compute such quotients.",G5-M3-L15,Divide by whole numbers and unit fractions.,lesson,FALSE,5 M3 Lesson 15: Divide by whole numbers and unit fractions.,Connecticut grade 5 Alignment Guide.docx
ccss,5,standard,5.NF.B.7.b,"Interpret division of a whole number by a unit fraction, and compute such quotients.",G5-M3-L16,Reason about the size of quotients of whole numbers and unit fractions and quotients of unit fractions and whole numbers.,lesson,FALSE,5 M3 Lesson 16: Reason about the size of quotients of whole numbers and unit fractions and quotients of unit fractions and whole numbers.,Connecticut grade 5 Alignment Guide.docx
ccss,5,standard,5.NF.B.7.b,"Interpret division of a whole number by a unit fraction, and compute such quotients.",G5-M3-L19,Create and solve one-step word problems involving fractions.,lesson,FALSE,5 M3 Lesson 19: Create and solve one-step word problems involving fractions.,Connecticut grade 5 Alignment Guide.docx
ccss,5,standard,5.NF.B.7.c,"Solve real world problems involving division of unit fractions by non-zero whole numbers and division of whole numbers by unit fractions, e.g., by using visual fraction models and equations to represent the problem.",G5-M3-L12,Divide a nonzero whole number by a unit fraction to find the number of groups.,lesson,FALSE,5 M3 Lesson 12: Divide a nonzero whole number by a unit fraction to find the number of groups.,Connecticut grade 5 Alignment Guide.docx
ccss,5,standard,5.NF.B.7.c,"Solve real world problems involving division of unit fractions by non-zero whole numbers and division of whole numbers by unit fractions, e.g., by using visual fraction models and equations to represent the problem.",G5-M3-L13,Divide a nonzero whole number by a unit fraction to find the size of the group.,lesson,FALSE,5 M3 Lesson 13: Divide a nonzero whole number by a unit fraction to find the size of the group.,Connecticut grade 5 Alignment Guide.docx
ccss,5,standard,5.NF.B.7.c,"Solve real world problems involving division of unit fractions by non-zero whole numbers and division of whole numbers by unit fractions, e.g., by using visual fraction models and equations to represent the problem.",G5-M3-L14,Divide a unit fraction by a nonzero whole number.,lesson,FALSE,5 M3 Lesson 14: Divide a unit fraction by a nonzero whole number.,Connecticut grade 5 Alignment Guide.docx
ccss,5,standard,5.NF.B.7.c,"Solve real world problems involving division of unit fractions by non-zero whole numbers and division of whole numbers by unit fractions, e.g., by using visual fraction models and equations to represent the problem.",G5-M3-L15,Divide by whole numbers and unit fractions.,lesson,FALSE,5 M3 Lesson 15: Divide by whole numbers and unit fractions.,Connecticut grade 5 Alignment Guide.docx
ccss,5,standard,5.NF.B.7.c,"Solve real world problems involving division of unit fractions by non-zero whole numbers and division of whole numbers by unit fractions, e.g., by using visual fraction models and equations to represent the problem.",G5-M3-L17,Solve word problems involving fractions with multiplication and division.,lesson,FALSE,5 M3 Lesson 17: Solve word problems involving fractions with multiplication and division.,Connecticut grade 5 Alignment Guide.docx
ccss,5,standard,5.NF.B.7.c,"Solve real world problems involving division of unit fractions by non-zero whole numbers and division of whole numbers by unit fractions, e.g., by using visual fraction models and equations to represent the problem.",G5-M3-L19,Create and solve one-step word problems involving fractions.,lesson,FALSE,5 M3 Lesson 19: Create and solve one-step word problems involving fractions.,Connecticut grade 5 Alignment Guide.docx
ccss,5,standard,5.NF.B.7.c,"Solve real world problems involving division of unit fractions by non-zero whole numbers and division of whole numbers by unit fractions, e.g., by using visual fraction models and equations to represent the problem.",G5-M3-L20,Solve multi-step word problems involving fractions and write equations with parentheses.,lesson,FALSE,5 M3 Lesson 20: Solve multi-step word problems involving fractions and write equations with parentheses.,Connecticut grade 5 Alignment Guide.docx
ccss,5,standard,5.NF.B.7.c,"Solve real world problems involving division of unit fractions by non-zero whole numbers and division of whole numbers by unit fractions, e.g., by using visual fraction models and equations to represent the problem.",G5-M3-L21,Solve multi-step word problems involving fractions.,lesson,FALSE,5 M3 Lesson 21: Solve multi-step word problems involving fractions.,Connecticut grade 5 Alignment Guide.docx
ccss,5,domain,5.OA,Operations and Algebraic Thinking,,,,,,Connecticut grade 5 Alignment Guide.docx
ccss,5,domain,5.OA,Operations and Algebraic Thinking,,,,,,Connecticut grade 5 Alignment Guide.docx
ccss,5,cluster,5.OA.A,Write and interpret numerical expressions.,,,,,,Connecticut grade 5 Alignment Guide.docx
ccss,5,standard,5.OA.A.1,"Use parentheses, brackets, or braces in numerical expressions, and evaluate expressions with these symbols.",G5-M1-L7,Multiply by using familiar methods.,lesson,FALSE,5 M1 Lesson 7: Multiply by using familiar methods.,Connecticut grade 5 Alignment Guide.docx
ccss,5,standard,5.OA.A.1,"Use parentheses, brackets, or braces in numerical expressions, and evaluate expressions with these symbols.",G5-M1-L8,Multiply two- and three-digit numbers by two-digit numbers by using the distributive property.,lesson,FALSE,5 M1 Lesson 8: Multiply two- and three-digit numbers by two-digit numbers by using the distributive property.,Connecticut grade 5 Alignment Guide.docx
ccss,5,standard,5.OA.A.1,"Use parentheses, brackets, or braces in numerical expressions, and evaluate expressions with these symbols.",G5-M3-L18,Compare and evaluate expressions with parentheses.,lesson,FALSE,5 M3 Lesson 18: Compare and evaluate expressions with parentheses.,Connecticut grade 5 Alignment Guide.docx
ccss,5,standard,5.OA.A.1,"Use parentheses, brackets, or braces in numerical expressions, and evaluate expressions with these symbols.",G5-M3-L22,Evaluate expressions involving nested grouping symbols.,lesson,FALSE,5 M3 Lesson 22: Evaluate expressions involving nested grouping symbols.,Connecticut grade 5 Alignment Guide.docx
ccss,5,standard,5.OA.A.1,"Use parentheses, brackets, or braces in numerical expressions, and evaluate expressions with these symbols.",G5-M4-L29,"Interpret, evaluate, and compare numerical expressions involving decimals.",lesson,FALSE,"5 M4 Lesson 29: Interpret, evaluate, and compare numerical expressions involving decimals.",Connecticut grade 5 Alignment Guide.docx
ccss,5,standard,5.OA.A.1,"Use parentheses, brackets, or braces in numerical expressions, and evaluate expressions with these symbols.",G5-M4-L30,Create and solve real-world problems for given numerical expressions involving decimals.,lesson,FALSE,5 M4 Lesson 30: Create and solve real-world problems for given numerical expressions involving decimals.,Connecticut grade 5 Alignment Guide.docx
ccss,5,standard,5.OA.A.2,"Write simple expressions that record calculations with numbers, and interpret numerical expressions without evaluating them.",G5-M3-L12,Divide a nonzero whole number by a unit fraction to find the number of groups.,lesson,FALSE,5 M3 Lesson 12: Divide a nonzero whole number by a unit fraction to find the number of groups.,Connecticut grade 5 Alignment Guide.docx
ccss,5,standard,5.OA.A.2,"Write simple expressions that record calculations with numbers, and interpret numerical expressions without evaluating them.",G5-M3-L16,Reason about the size of quotients of whole numbers and unit fractions and quotients of unit fractions and whole numbers.,lesson,FALSE,5 M3 Lesson 16: Reason about the size of quotients of whole numbers and unit fractions and quotients of unit fractions and whole numbers.,Connecticut grade 5 Alignment Guide.docx
ccss,5,standard,5.OA.A.2,"Write simple expressions that record calculations with numbers, and interpret numerical expressions without evaluating them.",G5-M3-L18,Compare and evaluate expressions with parentheses.,lesson,FALSE,5 M3 Lesson 18: Compare and evaluate expressions with parentheses.,Connecticut grade 5 Alignment Guide.docx
ccss,5,standard,5.OA.A.2,"Write simple expressions that record calculations with numbers, and interpret numerical expressions without evaluating them.",G5-M4-L29,"Interpret, evaluate, and compare numerical expressions involving decimals.",lesson,FALSE,"5 M4 Lesson 29: Interpret, evaluate, and compare numerical expressions involving decimals.",Connecticut grade 5 Alignment Guide.docx
ccss,5,standard,5.OA.A.2,"Write simple expressions that record calculations with numbers, and interpret numerical expressions without evaluating them.",G5-M4-L30,Create and solve real-world problems for given numerical expressions involving decimals.,lesson,FALSE,5 M4 Lesson 30: Create and solve real-world problems for given numerical expressions involving decimals.,Connecticut grade 5 Alignment Guide.docx
ccss,5,cluster,5.OA.B,Analyze patterns and relationships.,,,,,,Connecticut grade 5 Alignment Guide.docx
ccss,5,standard,5.OA.B.3,"Generate two numerical patterns using two given rules. Identify apparent relationships between corresponding terms. Form ordered pairs consisting of corresponding terms from the two patterns, and graph the ordered pairs on a coordinate plane.",G5-M6-L11,Draw lines in the coordinate plane and identify points on the lines.,lesson,FALSE,5 M6 Lesson 11: Draw lines in the coordinate plane and identify points on the lines.,Connecticut grade 5 Alignment Guide.docx
ccss,5,standard,5.OA.B.3,"Generate two numerical patterns using two given rules. Identify apparent relationships between corresponding terms. Form ordered pairs consisting of corresponding terms from the two patterns, and graph the ordered pairs on a coordinate plane.",G5-M6-L20,Reason about patterns in real-world situations.,lesson,FALSE,5 M6 Lesson 20: Reason about patterns in real-world situations.,Connecticut grade 5 Alignment Guide.docx
ccss,5,standard,5.OA.B.3,"Generate two numerical patterns using two given rules. Identify apparent relationships between corresponding terms. Form ordered pairs consisting of corresponding terms from the two patterns, and graph the ordered pairs on a coordinate plane.",G5-M6-L7,Generate number patterns to form ordered pairs.,lesson,FALSE,5 M6 Lesson 7: Generate number patterns to form ordered pairs.,Connecticut grade 5 Alignment Guide.docx
ccss,5,standard,5.OA.B.3,"Generate two numerical patterns using two given rules. Identify apparent relationships between corresponding terms. Form ordered pairs consisting of corresponding terms from the two patterns, and graph the ordered pairs on a coordinate plane.",G5-M6-L8,Identify addition and subtraction relationships between corresponding terms in number patterns.,lesson,FALSE,5 M6 Lesson 8: Identify addition and subtraction relationships between corresponding terms in number patterns.,Connecticut grade 5 Alignment Guide.docx
ccss,5,standard,5.OA.B.3,"Generate two numerical patterns using two given rules. Identify apparent relationships between corresponding terms. Form ordered pairs consisting of corresponding terms from the two patterns, and graph the ordered pairs on a coordinate plane.",G5-M6-L9,Identify multiplication and division relationships between corresponding terms in number patterns.,lesson,FALSE,5 M6 Lesson 9: Identify multiplication and division relationships between corresponding terms in number patterns.,Connecticut grade 5 Alignment Guide.docx
ccss,6,domain,6.EE,Expressions and Equations,,,,,,Connecticut grade 6 Alignment Guide.docx
ccss,6,domain,6.EE,Expressions and Equations,,,,,,Connecticut grade 6 Alignment Guide.docx
ccss,6,domain,6.EE,Expressions and Equations,,,,,,Connecticut grade 6 Alignment Guide.docx
ccss,6,cluster,6.EE.A,Apply and extend previous understandings of arithmetic to algebraic expressions.,,,,,,Connecticut grade 6 Alignment Guide.docx
ccss,6,standard,6.EE.A.2.a,Write expressions that record operations with numbers and with letters standing for numbers.,G6-M4-L7,Algebraic Expressions with Addition and Subtraction,lesson,FALSE,6 M4 Lesson 7: Algebraic Expressions with Addition and Subtraction,Connecticut grade 6 Alignment Guide.docx
ccss,6,standard,6.EE.A.2.a,Write expressions that record operations with numbers and with letters standing for numbers.,G6-M4-L8,"Algebraic Expressions with Addition, Subtraction, Multiplication, and Division",lesson,FALSE,"6 M4 Lesson 8: Algebraic Expressions with Addition, Subtraction, Multiplication, and Division",Connecticut grade 6 Alignment Guide.docx
ccss,6,standard,6.EE.A.2.a,Write expressions that record operations with numbers and with letters standing for numbers.,G6-M4-L9,Addition and Subtraction Expressions from Real-World Situations,lesson,FALSE,6 M4 Lesson 9: Addition and Subtraction Expressions from Real-World Situations,Connecticut grade 6 Alignment Guide.docx
ccss,6,standard,6.EE.A.2.b,"Identify parts of an expression using mathematical terms (sum, term, product, factor, quotient, coefficient); view one or more parts of an expression as a single entity.",G6-M4-L11,Modeling Real-World Situations with Expressions,lesson,FALSE,6 M4 Lesson 11: Modeling Real-World Situations with Expressions,Connecticut grade 6 Alignment Guide.docx
ccss,6,standard,6.EE.A.2.b,"Identify parts of an expression using mathematical terms (sum, term, product, factor, quotient, coefficient); view one or more parts of an expression as a single entity.",G6-M4-L7,Algebraic Expressions with Addition and Subtraction,lesson,FALSE,6 M4 Lesson 7: Algebraic Expressions with Addition and Subtraction,Connecticut grade 6 Alignment Guide.docx
ccss,6,standard,6.EE.A.2.b,"Identify parts of an expression using mathematical terms (sum, term, product, factor, quotient, coefficient); view one or more parts of an expression as a single entity.",G6-M4-L8,"Algebraic Expressions with Addition, Subtraction, Multiplication, and Division",lesson,FALSE,"6 M4 Lesson 8: Algebraic Expressions with Addition, Subtraction, Multiplication, and Division",Connecticut grade 6 Alignment Guide.docx
ccss,6,standard,6.EE.A.2.b,"Identify parts of an expression using mathematical terms (sum, term, product, factor, quotient, coefficient); view one or more parts of an expression as a single entity.",G6-M4-L9,Addition and Subtraction Expressions from Real-World Situations,lesson,FALSE,6 M4 Lesson 9: Addition and Subtraction Expressions from Real-World Situations,Connecticut grade 6 Alignment Guide.docx
ccss,6,standard,6.EE.A.2.c,"Evaluate expressions at specific values of their variables. Include expressions that arise from formulas used in real-world problems. Perform arithmetic operations, including those involving whole-number exponents, in the conventional order when there are no parentheses to specify a particular order (Order of Operations).",G6-M4-L11,Modeling Real-World Situations with Expressions,lesson,FALSE,6 M4 Lesson 11: Modeling Real-World Situations with Expressions,Connecticut grade 6 Alignment Guide.docx
ccss,6,standard,6.EE.A.2.c,"Evaluate expressions at specific values of their variables. Include expressions that arise from formulas used in real-world problems. Perform arithmetic operations, including those involving whole-number exponents, in the conventional order when there are no parentheses to specify a particular order (Order of Operations).",G6-M4-L12,Applying Properties to Multiplication and Division Expressions,lesson,FALSE,6 M4 Lesson 12: Applying Properties to Multiplication and Division Expressions,Connecticut grade 6 Alignment Guide.docx
ccss,6,standard,6.EE.A.2.c,"Evaluate expressions at specific values of their variables. Include expressions that arise from formulas used in real-world problems. Perform arithmetic operations, including those involving whole-number exponents, in the conventional order when there are no parentheses to specify a particular order (Order of Operations).",G6-M4-L17,Equations and Solutions,lesson,FALSE,6 M4 Lesson 17: Equations and Solutions,Connecticut grade 6 Alignment Guide.docx
ccss,6,standard,6.EE.A.2.c,"Evaluate expressions at specific values of their variables. Include expressions that arise from formulas used in real-world problems. Perform arithmetic operations, including those involving whole-number exponents, in the conventional order when there are no parentheses to specify a particular order (Order of Operations).",G6-M4-L8,"Algebraic Expressions with Addition, Subtraction, Multiplication, and Division",lesson,FALSE,"6 M4 Lesson 8: Algebraic Expressions with Addition, Subtraction, Multiplication, and Division",Connecticut grade 6 Alignment Guide.docx
ccss,6,standard,6.EE.A.2.c,"Evaluate expressions at specific values of their variables. Include expressions that arise from formulas used in real-world problems. Perform arithmetic operations, including those involving whole-number exponents, in the conventional order when there are no parentheses to specify a particular order (Order of Operations).",G6-M5-L1,The Area of a Parallelogram,lesson,FALSE,6 M5 Lesson 1: The Area of a Parallelogram,Connecticut grade 6 Alignment Guide.docx
ccss,6,standard,6.EE.A.2.c,"Evaluate expressions at specific values of their variables. Include expressions that arise from formulas used in real-world problems. Perform arithmetic operations, including those involving whole-number exponents, in the conventional order when there are no parentheses to specify a particular order (Order of Operations).",G6-M5-L12,From Nets to Surface Area,lesson,FALSE,6 M5 Lesson 12: From Nets to Surface Area,Connecticut grade 6 Alignment Guide.docx
ccss,6,standard,6.EE.A.2.c,"Evaluate expressions at specific values of their variables. Include expressions that arise from formulas used in real-world problems. Perform arithmetic operations, including those involving whole-number exponents, in the conventional order when there are no parentheses to specify a particular order (Order of Operations).",G6-M5-L13,Surface Area in Real-World Situations,lesson,FALSE,6 M5 Lesson 13: Surface Area in Real-World Situations,Connecticut grade 6 Alignment Guide.docx
ccss,6,standard,6.EE.A.2.c,"Evaluate expressions at specific values of their variables. Include expressions that arise from formulas used in real-world problems. Perform arithmetic operations, including those involving whole-number exponents, in the conventional order when there are no parentheses to specify a particular order (Order of Operations).",G6-M5-L14,Designing a Box,lesson,FALSE,6 M5 Lesson 14: Designing a Box,Connecticut grade 6 Alignment Guide.docx
ccss,6,standard,6.EE.A.2.c,"Evaluate expressions at specific values of their variables. Include expressions that arise from formulas used in real-world problems. Perform arithmetic operations, including those involving whole-number exponents, in the conventional order when there are no parentheses to specify a particular order (Order of Operations).",G6-M5-L16,Applying Volume Formulas,lesson,FALSE,6 M5 Lesson 16: Applying Volume Formulas,Connecticut grade 6 Alignment Guide.docx
ccss,6,standard,6.EE.A.2.c,"Evaluate expressions at specific values of their variables. Include expressions that arise from formulas used in real-world problems. Perform arithmetic operations, including those involving whole-number exponents, in the conventional order when there are no parentheses to specify a particular order (Order of Operations).",G6-M5-L3,The Area of a Triangle,lesson,FALSE,6 M5 Lesson 3: The Area of a Triangle,Connecticut grade 6 Alignment Guide.docx
ccss,6,standard,6.EE.A.3,Apply the properties of operations to generate equivalent expressions.,G6-M5-L4,Areas of Triangles in Real-World Situations,lesson,FALSE,6 M5 Lesson 4: Areas of Triangles in Real-World Situations,Connecticut grade 6 Alignment Guide.docx
ccss,6,standard,6.EE.A.3,Apply the properties of operations to generate equivalent expressions.,G6-M5-L6,Problem Solving with Area in the Coordinate Plane,lesson,FALSE,6 M5 Lesson 6: Problem Solving with Area in the Coordinate Plane,Connecticut grade 6 Alignment Guide.docx
ccss,6,standard,6.EE.A.3,Apply the properties of operations to generate equivalent expressions.,G6-M5-L7,Area of Trapezoids and Other Polygons,lesson,FALSE,6 M5 Lesson 7: Area of Trapezoids and Other Polygons,Connecticut grade 6 Alignment Guide.docx
ccss,6,standard,6.EE.A.4,"Identify when two expressions are equivalent (i.e., when the two expressions name the same number regardless of which value is substituted into them).",G6-M5-L12,From Nets to Surface Area,lesson,FALSE,6 M5 Lesson 12: From Nets to Surface Area,Connecticut grade 6 Alignment Guide.docx
ccss,6,standard,6.EE.A.4,"Identify when two expressions are equivalent (i.e., when the two expressions name the same number regardless of which value is substituted into them).",G6-M5-L17,Problem Solving with Volume,lesson,FALSE,6 M5 Lesson 17: Problem Solving with Volume,Connecticut grade 6 Alignment Guide.docx
ccss,6,standard,6.EE.A.4,"Identify when two expressions are equivalent (i.e., when the two expressions name the same number regardless of which value is substituted into them).",G6-M5-L7,Area of Trapezoids and Other Polygons,lesson,FALSE,6 M5 Lesson 7: Area of Trapezoids and Other Polygons,Connecticut grade 6 Alignment Guide.docx
ccss,6,cluster,6.EE.B,Reason about and solve one-variable equations and inequalities.,,,,,,Connecticut grade 6 Alignment Guide.docx
ccss,6,standard,6.EE.B.5,"Understand solving an equation or inequality as a process of answering a question: which values from a specified set, if any, make the equation or inequality true? Use substitution to determine whether a given number in a specified set makes an equation or inequality true.",G6-M4-L17,Equations and Solutions,lesson,FALSE,6 M4 Lesson 17: Equations and Solutions,Connecticut grade 6 Alignment Guide.docx
ccss,6,standard,6.EE.B.5,"Understand solving an equation or inequality as a process of answering a question: which values from a specified set, if any, make the equation or inequality true? Use substitution to determine whether a given number in a specified set makes an equation or inequality true.",G6-M4-L18,Inequalities and Solutions,lesson,FALSE,6 M4 Lesson 18: Inequalities and Solutions,Connecticut grade 6 Alignment Guide.docx
ccss,6,standard,6.EE.B.5,"Understand solving an equation or inequality as a process of answering a question: which values from a specified set, if any, make the equation or inequality true? Use substitution to determine whether a given number in a specified set makes an equation or inequality true.",G6-M4-L19,Solving Equations with Addition and Subtraction,lesson,FALSE,6 M4 Lesson 19: Solving Equations with Addition and Subtraction,Connecticut grade 6 Alignment Guide.docx
ccss,6,standard,6.EE.B.5,"Understand solving an equation or inequality as a process of answering a question: which values from a specified set, if any, make the equation or inequality true? Use substitution to determine whether a given number in a specified set makes an equation or inequality true.",G6-M4-L20,Solving Equations with Multiplication and Division,lesson,FALSE,6 M4 Lesson 20: Solving Equations with Multiplication and Division,Connecticut grade 6 Alignment Guide.docx
ccss,6,standard,6.EE.B.6,"Use variables to represent numbers and write expressions when solving a real-world or mathematical problem; understand that a variable can represent an unknown number, or, depending on the purpose at hand, any number in a specified set.",G6-M4-L10,Multiplication and Division Expressions from Real-World Situations,lesson,FALSE,6 M4 Lesson 10: Multiplication and Division Expressions from Real-World Situations,Connecticut grade 6 Alignment Guide.docx
ccss,6,standard,6.EE.B.6,"Use variables to represent numbers and write expressions when solving a real-world or mathematical problem; understand that a variable can represent an unknown number, or, depending on the purpose at hand, any number in a specified set.",G6-M4-L11,Modeling Real-World Situations with Expressions,lesson,FALSE,6 M4 Lesson 11: Modeling Real-World Situations with Expressions,Connecticut grade 6 Alignment Guide.docx
ccss,6,standard,6.EE.B.6,"Use variables to represent numbers and write expressions when solving a real-world or mathematical problem; understand that a variable can represent an unknown number, or, depending on the purpose at hand, any number in a specified set.",G6-M4-L16,Equivalent Algebraic Expressions,lesson,FALSE,6 M4 Lesson 16: Equivalent Algebraic Expressions,Connecticut grade 6 Alignment Guide.docx
ccss,6,standard,6.EE.B.6,"Use variables to represent numbers and write expressions when solving a real-world or mathematical problem; understand that a variable can represent an unknown number, or, depending on the purpose at hand, any number in a specified set.",G6-M4-L9,Addition and Subtraction Expressions from Real-World Situations,lesson,FALSE,6 M4 Lesson 9: Addition and Subtraction Expressions from Real-World Situations,Connecticut grade 6 Alignment Guide.docx
ccss,6,standard,6.EE.B.7,"Solve real-world and mathematical problems by writing and solving equations of the form 𝑥 + 𝑝 = 𝑞 and 𝑝𝑥 = 𝑞 for cases in which 𝑝, 𝑞 and 𝑥 are all nonnegative rational numbers.",G6-M4-L17,Equations and Solutions,lesson,FALSE,6 M4 Lesson 17: Equations and Solutions,Connecticut grade 6 Alignment Guide.docx
ccss,6,standard,6.EE.B.7,"Solve real-world and mathematical problems by writing and solving equations of the form 𝑥 + 𝑝 = 𝑞 and 𝑝𝑥 = 𝑞 for cases in which 𝑝, 𝑞 and 𝑥 are all nonnegative rational numbers.",G6-M4-L19,Solving Equations with Addition and Subtraction,lesson,FALSE,6 M4 Lesson 19: Solving Equations with Addition and Subtraction,Connecticut grade 6 Alignment Guide.docx
ccss,6,standard,6.EE.B.7,"Solve real-world and mathematical problems by writing and solving equations of the form 𝑥 + 𝑝 = 𝑞 and 𝑝𝑥 = 𝑞 for cases in which 𝑝, 𝑞 and 𝑥 are all nonnegative rational numbers.",G6-M4-L20,Solving Equations with Multiplication and Division,lesson,FALSE,6 M4 Lesson 20: Solving Equations with Multiplication and Division,Connecticut grade 6 Alignment Guide.docx
ccss,6,standard,6.EE.B.7,"Solve real-world and mathematical problems by writing and solving equations of the form 𝑥 + 𝑝 = 𝑞 and 𝑝𝑥 = 𝑞 for cases in which 𝑝, 𝑞 and 𝑥 are all nonnegative rational numbers.",G6-M4-L21,Solving Problems with Equations,lesson,FALSE,6 M4 Lesson 21: Solving Problems with Equations,Connecticut grade 6 Alignment Guide.docx
ccss,6,standard,6.EE.B.7,"Solve real-world and mathematical problems by writing and solving equations of the form 𝑥 + 𝑝 = 𝑞 and 𝑝𝑥 = 𝑞 for cases in which 𝑝, 𝑞 and 𝑥 are all nonnegative rational numbers.",G6-M5-L2,The Area of a Right Triangle,lesson,FALSE,6 M5 Lesson 2: The Area of a Right Triangle,Connecticut grade 6 Alignment Guide.docx
ccss,6,standard,6.EE.B.8,Write an inequality of the form 𝑥 > 𝑐 or 𝑥 < 𝑐 to represent a constraint or condition in a real-world or mathematical problem. Recognize that inequalities of the form 𝑥 > 𝑐 or 𝑥 < 𝑐 have infinitely many solutions; represent solutions of such inequalities on number line diagrams.,G6-M4-L18,Inequalities and Solutions,lesson,FALSE,6 M4 Lesson 18: Inequalities and Solutions,Connecticut grade 6 Alignment Guide.docx
ccss,6,cluster,6.EE.C,Represent and analyze quantitative relationships between dependent and independent variables.,,,,,,Connecticut grade 6 Alignment Guide.docx
ccss,6,domain,6.G,Geometry,,,,,,Connecticut grade 6 Alignment Guide.docx
ccss,6,cluster,6.G.A,"Solve real-world and mathematical problems involving area, surface area, and volume.",,,,,,Connecticut grade 6 Alignment Guide.docx
ccss,6,standard,6.G.A.3,Draw polygons in the coordinate plane given coordinates for the vertices; use coordinates to find the length of a side joining points with the same first coordinate or the same second coordinate. Apply these techniques in the context of solving real-world and mathematical problems.,G6-M5-L5,Perimeter and Area in the Coordinate Plane,lesson,FALSE,6 M5 Lesson 5: Perimeter and Area in the Coordinate Plane,Connecticut grade 6 Alignment Guide.docx
ccss,6,standard,6.G.A.3,Draw polygons in the coordinate plane given coordinates for the vertices; use coordinates to find the length of a side joining points with the same first coordinate or the same second coordinate. Apply these techniques in the context of solving real-world and mathematical problems.,G6-M5-L6,Problem Solving with Area in the Coordinate Plane,lesson,FALSE,6 M5 Lesson 6: Problem Solving with Area in the Coordinate Plane,Connecticut grade 6 Alignment Guide.docx
ccss,6,standard,6.G.A.4,"Represent three-dimensional figures using nets made up of rectangles and triangles, and use the nets to find the surface area of these figures. Apply these techniques in the context of solving real-world and mathematical problems.",G6-M5-L19,Volume and Surface Area in Real-World Situations,lesson,FALSE,6 M5 Lesson 19: Volume and Surface Area in Real-World Situations,Connecticut grade 6 Alignment Guide.docx
ccss,6,domain,6.NS,The Number System,,,,,,Connecticut grade 6 Alignment Guide.docx
ccss,6,domain,6.NS,The Number System,,,,,,Connecticut grade 6 Alignment Guide.docx
ccss,6,domain,6.NS,The Number System,,,,,,Connecticut grade 6 Alignment Guide.docx
ccss,6,cluster,6.NS.A,Apply and extend previous understandings of multiplication and division to divide fractions by fractions.,,,,,,Connecticut grade 6 Alignment Guide.docx
ccss,6,cluster,6.NS.B,Compute fluently with multi-digit numbers and find common factors and multiples.,,,,,,Connecticut grade 6 Alignment Guide.docx
ccss,6,standard,6.NS.B.2,Fluently divide multi-digit numbers using the standard algorithm.,G6-M2-L17,Partial Quotients,lesson,FALSE,6 M2 Lesson 17: Partial Quotients,Connecticut grade 6 Alignment Guide.docx
ccss,6,standard,6.NS.B.2,Fluently divide multi-digit numbers using the standard algorithm.,G6-M2-L18,The Standard Division Algorithm,lesson,FALSE,6 M2 Lesson 18: The Standard Division Algorithm,Connecticut grade 6 Alignment Guide.docx
ccss,6,standard,6.NS.B.2,Fluently divide multi-digit numbers using the standard algorithm.,G6-M2-L19,Expressing Quotients as Decimals,lesson,FALSE,6 M2 Lesson 19: Expressing Quotients as Decimals,Connecticut grade 6 Alignment Guide.docx
ccss,6,standard,6.NS.B.3,"Fluently add, subtract, multiply, and divide multi-digit decimals using the standard algorithm for each operation.",G6-M2-L13,Decimal Addition and Subtraction,lesson,FALSE,6 M2 Lesson 13: Decimal Addition and Subtraction,Connecticut grade 6 Alignment Guide.docx
ccss,6,standard,6.NS.B.3,"Fluently add, subtract, multiply, and divide multi-digit decimals using the standard algorithm for each operation.",G6-M2-L14,Patterns in Multiplying Decimals,lesson,FALSE,6 M2 Lesson 14: Patterns in Multiplying Decimals,Connecticut grade 6 Alignment Guide.docx
ccss,6,standard,6.NS.B.3,"Fluently add, subtract, multiply, and divide multi-digit decimals using the standard algorithm for each operation.",G6-M2-L15,Decimal Multiplication,lesson,FALSE,6 M2 Lesson 15: Decimal Multiplication,Connecticut grade 6 Alignment Guide.docx
ccss,6,standard,6.NS.B.4,Find the greatest common factor of two whole numbers less than or equal to 100 and the least common multiple of two whole numbers less than or equal to 12. Use the distributive property to express a sum of two whole numbers 1–100 with a common factor as a multiple of a sum of two whole numbers with no common factor.,G6-M4-L13,The Distributive Property,lesson,FALSE,6 M4 Lesson 13: The Distributive Property,Connecticut grade 6 Alignment Guide.docx
ccss,6,standard,6.NS.B.4,Find the greatest common factor of two whole numbers less than or equal to 100 and the least common multiple of two whole numbers less than or equal to 12. Use the distributive property to express a sum of two whole numbers 1–100 with a common factor as a multiple of a sum of two whole numbers with no common factor.,G6-M4-L14,Using the Distributive Property to Factor Expressions,lesson,FALSE,6 M4 Lesson 14: Using the Distributive Property to Factor Expressions,Connecticut grade 6 Alignment Guide.docx
ccss,6,cluster,6.NS.C,Apply and extend previous understandings of numbers to the system of rational numbers.,,,,,,Connecticut grade 6 Alignment Guide.docx
ccss,6,standard,6.NS.C.5,"Understand that positive and negative numbers are used together to describe quantities having opposite directions or values (e.g., temperature above/below zero, elevation above/below sea level, credits/debits, positive/negative electric charge); use positive and negative numbers to represent quantities in real-world contexts, explaining the meaning of 0 in each situation.",G6-M3-L1,Positive and Negative Numbers,lesson,FALSE,6 M3 Lesson 1: Positive and Negative Numbers,Connecticut grade 6 Alignment Guide.docx
ccss,6,standard,6.NS.C.5,"Understand that positive and negative numbers are used together to describe quantities having opposite directions or values (e.g., temperature above/below zero, elevation above/below sea level, credits/debits, positive/negative electric charge); use positive and negative numbers to represent quantities in real-world contexts, explaining the meaning of 0 in each situation.",G6-M3-L4,Rational Numbers in Real-World Situations,lesson,FALSE,6 M3 Lesson 4: Rational Numbers in Real-World Situations,Connecticut grade 6 Alignment Guide.docx
ccss,6,standard,6.NS.C.6.a,"Recognize opposite signs of numbers as indicating locations on opposite sides of 0 on the number line; recognize that the opposite of the opposite of a number is the number itself, e.g., –(–3) = 3, and that 0 is its own opposite.",G6-M3-L2,Integers,lesson,FALSE,6 M3 Lesson 2: Integers,Connecticut grade 6 Alignment Guide.docx
ccss,6,standard,6.NS.C.6.a,"Recognize opposite signs of numbers as indicating locations on opposite sides of 0 on the number line; recognize that the opposite of the opposite of a number is the number itself, e.g., –(–3) = 3, and that 0 is its own opposite.",G6-M3-L3,Rational Numbers,lesson,FALSE,6 M3 Lesson 3: Rational Numbers,Connecticut grade 6 Alignment Guide.docx
ccss,6,standard,6.NS.C.6.a,"Recognize opposite signs of numbers as indicating locations on opposite sides of 0 on the number line; recognize that the opposite of the opposite of a number is the number itself, e.g., –(–3) = 3, and that 0 is its own opposite.",G6-M3-L4,Rational Numbers in Real-World Situations,lesson,FALSE,6 M3 Lesson 4: Rational Numbers in Real-World Situations,Connecticut grade 6 Alignment Guide.docx
ccss,6,standard,6.NS.C.6.b,"Understand signs of numbers in ordered pairs as indicating locations in quadrants of the coordinate plane; recognize that when two ordered pairs differ only by signs, the locations of the points are related by reflections across one or both axes.",G6-M3-L10,The Four Quadrants of the Coordinate Plane,lesson,FALSE,6 M3 Lesson 10: The Four Quadrants of the Coordinate Plane,Connecticut grade 6 Alignment Guide.docx
ccss,6,standard,6.NS.C.6.b,"Understand signs of numbers in ordered pairs as indicating locations in quadrants of the coordinate plane; recognize that when two ordered pairs differ only by signs, the locations of the points are related by reflections across one or both axes.",G6-M3-L11,Plotting Points in the Coordinate Plane,lesson,FALSE,6 M3 Lesson 11: Plotting Points in the Coordinate Plane,Connecticut grade 6 Alignment Guide.docx
ccss,6,standard,6.NS.C.6.b,"Understand signs of numbers in ordered pairs as indicating locations in quadrants of the coordinate plane; recognize that when two ordered pairs differ only by signs, the locations of the points are related by reflections across one or both axes.",G6-M3-L12,Reflections in the Coordinate Plane,lesson,FALSE,6 M3 Lesson 12: Reflections in the Coordinate Plane,Connecticut grade 6 Alignment Guide.docx
ccss,6,standard,6.NS.C.6.b,"Understand signs of numbers in ordered pairs as indicating locations in quadrants of the coordinate plane; recognize that when two ordered pairs differ only by signs, the locations of the points are related by reflections across one or both axes.",G6-M3-L13,Constructing the Coordinate Plane,lesson,FALSE,6 M3 Lesson 13: Constructing the Coordinate Plane,Connecticut grade 6 Alignment Guide.docx
ccss,6,standard,6.NS.C.6.c,Find and position integers and other rational numbers on a horizontal or vertical number line diagram; find and position pairs of integers and other rational numbers on a coordinate plane.,G6-M3-L11,Plotting Points in the Coordinate Plane,lesson,FALSE,6 M3 Lesson 11: Plotting Points in the Coordinate Plane,Connecticut grade 6 Alignment Guide.docx
ccss,6,standard,6.NS.C.6.c,Find and position integers and other rational numbers on a horizontal or vertical number line diagram; find and position pairs of integers and other rational numbers on a coordinate plane.,G6-M3-L12,Reflections in the Coordinate Plane,lesson,FALSE,6 M3 Lesson 12: Reflections in the Coordinate Plane,Connecticut grade 6 Alignment Guide.docx
ccss,6,standard,6.NS.C.6.c,Find and position integers and other rational numbers on a horizontal or vertical number line diagram; find and position pairs of integers and other rational numbers on a coordinate plane.,G6-M3-L13,Constructing the Coordinate Plane,lesson,FALSE,6 M3 Lesson 13: Constructing the Coordinate Plane,Connecticut grade 6 Alignment Guide.docx
ccss,6,standard,6.NS.C.6.c,Find and position integers and other rational numbers on a horizontal or vertical number line diagram; find and position pairs of integers and other rational numbers on a coordinate plane.,G6-M3-L3,Rational Numbers,lesson,FALSE,6 M3 Lesson 3: Rational Numbers,Connecticut grade 6 Alignment Guide.docx
ccss,6,standard,6.NS.C.7.a,Interpret statements of inequality as statements about the relative position of two numbers on a number line diagram.,G6-M3-L5,Comparing Rational Numbers,lesson,FALSE,6 M3 Lesson 5: Comparing Rational Numbers,Connecticut grade 6 Alignment Guide.docx
ccss,6,standard,6.NS.C.7.a,Interpret statements of inequality as statements about the relative position of two numbers on a number line diagram.,G6-M3-L6,Ordering Rational Numbers,lesson,FALSE,6 M3 Lesson 6: Ordering Rational Numbers,Connecticut grade 6 Alignment Guide.docx
ccss,6,standard,6.NS.C.7.b,"Write, interpret, and explain statements of order for rational numbers in real-world contexts.",G6-M3-L5,Comparing Rational Numbers,lesson,FALSE,6 M3 Lesson 5: Comparing Rational Numbers,Connecticut grade 6 Alignment Guide.docx
ccss,6,standard,6.NS.C.7.b,"Write, interpret, and explain statements of order for rational numbers in real-world contexts.",G6-M3-L6,Ordering Rational Numbers,lesson,FALSE,6 M3 Lesson 6: Ordering Rational Numbers,Connecticut grade 6 Alignment Guide.docx
ccss,6,standard,6.NS.C.7.c,Understand the absolute value of a rational number as its distance from 0 on the number line; interpret absolute value as magnitude for a positive or negative quantity in a real-world situation.,G6-M3-L7,Absolute Value,lesson,FALSE,6 M3 Lesson 7: Absolute Value,Connecticut grade 6 Alignment Guide.docx
ccss,6,standard,6.NS.C.7.d,Distinguish comparisons of absolute value from statements about order.,G6-M3-L8,Absolute Value and Order,lesson,FALSE,6 M3 Lesson 8: Absolute Value and Order,Connecticut grade 6 Alignment Guide.docx
ccss,6,standard,6.NS.C.7.d,Distinguish comparisons of absolute value from statements about order.,G6-M3-L9,Interpreting Order and Distance in Real-World Situations,lesson,FALSE,6 M3 Lesson 9: Interpreting Order and Distance in Real-World Situations,Connecticut grade 6 Alignment Guide.docx
ccss,6,standard,6.NS.C.8,Solve real-world and mathematical problems by graphing points in all four quadrants of the coordinate plane. Include use of coordinates and absolute value to find distances between points with the same first coordinate or the same second coordinate.,G6-M3-L14,Modeling with the Coordinate Plane,lesson,FALSE,6 M3 Lesson 14: Modeling with the Coordinate Plane,Connecticut grade 6 Alignment Guide.docx
ccss,6,standard,6.NS.C.8,Solve real-world and mathematical problems by graphing points in all four quadrants of the coordinate plane. Include use of coordinates and absolute value to find distances between points with the same first coordinate or the same second coordinate.,G6-M5-L5,Perimeter and Area in the Coordinate Plane,lesson,FALSE,6 M5 Lesson 5: Perimeter and Area in the Coordinate Plane,Connecticut grade 6 Alignment Guide.docx
ccss,6,domain,6.RP,Ratios and Proportional Relationships,,,,,,Connecticut grade 6 Alignment Guide.docx
ccss,6,cluster,6.RP.A,Understand ratio concepts and use ratio reasoning to solve problems.,,,,,,Connecticut grade 6 Alignment Guide.docx
ccss,6,standard,6.RP.A.1,Understand the concept of a ratio and use ratio language to describe a ratio relationship between two quantities.,G6-M1-L10,Multiplicative Reasoning in Ratio Relationships,lesson,FALSE,6 M1 Lesson 10: Multiplicative Reasoning in Ratio Relationships,Connecticut grade 6 Alignment Guide.docx
ccss,6,standard,6.RP.A.1,Understand the concept of a ratio and use ratio language to describe a ratio relationship between two quantities.,G6-M1-L11,Applications of Ratio Reasoning,lesson,FALSE,6 M1 Lesson 11: Applications of Ratio Reasoning,Connecticut grade 6 Alignment Guide.docx
ccss,6,standard,6.RP.A.1,Understand the concept of a ratio and use ratio language to describe a ratio relationship between two quantities.,G6-M1-L2,Introduction to Ratios,lesson,FALSE,6 M1 Lesson 2: Introduction to Ratios,Connecticut grade 6 Alignment Guide.docx
ccss,6,standard,6.RP.A.1,Understand the concept of a ratio and use ratio language to describe a ratio relationship between two quantities.,G6-M1-L3,Ratios and Tape Diagrams,lesson,FALSE,6 M1 Lesson 3: Ratios and Tape Diagrams,Connecticut grade 6 Alignment Guide.docx
ccss,6,standard,6.RP.A.1,Understand the concept of a ratio and use ratio language to describe a ratio relationship between two quantities.,G6-M1-L4,Exploring Ratios by Making Batches,lesson,FALSE,6 M1 Lesson 4: Exploring Ratios by Making Batches,Connecticut grade 6 Alignment Guide.docx
ccss,6,standard,6.RP.A.1,Understand the concept of a ratio and use ratio language to describe a ratio relationship between two quantities.,G6-M1-L5,Equivalent Ratios,lesson,FALSE,6 M1 Lesson 5: Equivalent Ratios,Connecticut grade 6 Alignment Guide.docx
ccss,6,standard,6.RP.A.1,Understand the concept of a ratio and use ratio language to describe a ratio relationship between two quantities.,G6-M1-L8,Addition Patterns in Ratio Relationships,lesson,FALSE,6 M1 Lesson 8: Addition Patterns in Ratio Relationships,Connecticut grade 6 Alignment Guide.docx
ccss,6,standard,6.RP.A.2,"Understand the concept of a unit rate 𝑎/𝑏 associated with a ratio 𝑎:𝑏 with 𝑏 ≠ 0, and use rate language in the context of a ratio relationship.",G6-M1-L15,The Value of the Ratio,lesson,FALSE,6 M1 Lesson 15: The Value of the Ratio,Connecticut grade 6 Alignment Guide.docx
ccss,6,standard,6.RP.A.2,"Understand the concept of a unit rate 𝑎/𝑏 associated with a ratio 𝑎:𝑏 with 𝑏 ≠ 0, and use rate language in the context of a ratio relationship.",G6-M1-L16,Speed,lesson,FALSE,6 M1 Lesson 16: Speed,Connecticut grade 6 Alignment Guide.docx
ccss,6,standard,6.RP.A.2,"Understand the concept of a unit rate 𝑎/𝑏 associated with a ratio 𝑎:𝑏 with 𝑏 ≠ 0, and use rate language in the context of a ratio relationship.",G6-M1-L17,Rates,lesson,FALSE,6 M1 Lesson 17: Rates,Connecticut grade 6 Alignment Guide.docx
ccss,6,standard,6.RP.A.2,"Understand the concept of a unit rate 𝑎/𝑏 associated with a ratio 𝑎:𝑏 with 𝑏 ≠ 0, and use rate language in the context of a ratio relationship.",G6-M1-L18,Comparing Rates,lesson,FALSE,6 M1 Lesson 18: Comparing Rates,Connecticut grade 6 Alignment Guide.docx
ccss,6,standard,6.RP.A.2,"Understand the concept of a unit rate 𝑎/𝑏 associated with a ratio 𝑎:𝑏 with 𝑏 ≠ 0, and use rate language in the context of a ratio relationship.",G6-M1-L19,Using Rates to Convert Units,lesson,FALSE,6 M1 Lesson 19: Using Rates to Convert Units,Connecticut grade 6 Alignment Guide.docx
ccss,6,standard,6.RP.A.2,"Understand the concept of a unit rate 𝑎/𝑏 associated with a ratio 𝑎:𝑏 with 𝑏 ≠ 0, and use rate language in the context of a ratio relationship.",G6-M1-L20,Solving Rate Problems,lesson,FALSE,6 M1 Lesson 20: Solving Rate Problems,Connecticut grade 6 Alignment Guide.docx
ccss,6,standard,6.RP.A.3,"Use ratio and rate reasoning to solve real-world and mathematical problems, e.g., by reasoning about tables of equivalent ratios, tape diagrams, double number line diagrams, or equations.",G6-M1-L1,Jars of Jelly Beans,lesson,FALSE,6 M1 Lesson 1: Jars of Jelly Beans,Connecticut grade 6 Alignment Guide.docx
ccss,6,standard,6.RP.A.3,"Use ratio and rate reasoning to solve real-world and mathematical problems, e.g., by reasoning about tables of equivalent ratios, tape diagrams, double number line diagrams, or equations.",G6-M1-L10,Multiplicative Reasoning in Ratio Relationships,lesson,FALSE,6 M1 Lesson 10: Multiplicative Reasoning in Ratio Relationships,Connecticut grade 6 Alignment Guide.docx
ccss,6,standard,6.RP.A.3,"Use ratio and rate reasoning to solve real-world and mathematical problems, e.g., by reasoning about tables of equivalent ratios, tape diagrams, double number line diagrams, or equations.",G6-M1-L11,Applications of Ratio Reasoning,lesson,FALSE,6 M1 Lesson 11: Applications of Ratio Reasoning,Connecticut grade 6 Alignment Guide.docx
ccss,6,standard,6.RP.A.3,"Use ratio and rate reasoning to solve real-world and mathematical problems, e.g., by reasoning about tables of equivalent ratios, tape diagrams, double number line diagrams, or equations.",G6-M1-L3,Ratios and Tape Diagrams,lesson,FALSE,6 M1 Lesson 3: Ratios and Tape Diagrams,Connecticut grade 6 Alignment Guide.docx
ccss,6,standard,6.RP.A.3,"Use ratio and rate reasoning to solve real-world and mathematical problems, e.g., by reasoning about tables of equivalent ratios, tape diagrams, double number line diagrams, or equations.",G6-M1-L4,Exploring Ratios by Making Batches,lesson,FALSE,6 M1 Lesson 4: Exploring Ratios by Making Batches,Connecticut grade 6 Alignment Guide.docx
ccss,6,standard,6.RP.A.3,"Use ratio and rate reasoning to solve real-world and mathematical problems, e.g., by reasoning about tables of equivalent ratios, tape diagrams, double number line diagrams, or equations.",G6-M1-L5,Equivalent Ratios,lesson,FALSE,6 M1 Lesson 5: Equivalent Ratios,Connecticut grade 6 Alignment Guide.docx
ccss,6,standard,6.RP.A.3,"Use ratio and rate reasoning to solve real-world and mathematical problems, e.g., by reasoning about tables of equivalent ratios, tape diagrams, double number line diagrams, or equations.",G6-M1-L6,Ratio Tables and Double Number Lines,lesson,FALSE,6 M1 Lesson 6: Ratio Tables and Double Number Lines,Connecticut grade 6 Alignment Guide.docx
ccss,6,standard,6.RP.A.3,"Use ratio and rate reasoning to solve real-world and mathematical problems, e.g., by reasoning about tables of equivalent ratios, tape diagrams, double number line diagrams, or equations.",G6-M1-L8,Addition Patterns in Ratio Relationships,lesson,FALSE,6 M1 Lesson 8: Addition Patterns in Ratio Relationships,Connecticut grade 6 Alignment Guide.docx
ccss,6,standard,6.RP.A.3,"Use ratio and rate reasoning to solve real-world and mathematical problems, e.g., by reasoning about tables of equivalent ratios, tape diagrams, double number line diagrams, or equations.",G6-M1-L9,Multiplication Patterns in Ratio Relationships,lesson,FALSE,6 M1 Lesson 9: Multiplication Patterns in Ratio Relationships,Connecticut grade 6 Alignment Guide.docx
ccss,6,standard,6.RP.A.3,"Use ratio and rate reasoning to solve real-world and mathematical problems, e.g., by reasoning about tables of equivalent ratios, tape diagrams, double number line diagrams, or equations.",G6-M4-L22,Relationship Between Two Variables,lesson,FALSE,6 M4 Lesson 22: Relationship Between Two Variables,Connecticut grade 6 Alignment Guide.docx
ccss,6,standard,6.RP.A.3,"Use ratio and rate reasoning to solve real-world and mathematical problems, e.g., by reasoning about tables of equivalent ratios, tape diagrams, double number line diagrams, or equations.",G6-M4-L23,Graphs of Ratio Relationships,lesson,FALSE,6 M4 Lesson 23: Graphs of Ratio Relationships,Connecticut grade 6 Alignment Guide.docx
ccss,6,standard,6.RP.A.3.a,"Make tables of equivalent ratios relating quantities with whole-number measurements, find missing values in the tables, and plot the pairs of values on the coordinate plane. Use tables to compare ratios.",G6-M1-L16,Speed,lesson,FALSE,6 M1 Lesson 16: Speed,Connecticut grade 6 Alignment Guide.docx
ccss,6,standard,6.RP.A.3.a,"Make tables of equivalent ratios relating quantities with whole-number measurements, find missing values in the tables, and plot the pairs of values on the coordinate plane. Use tables to compare ratios.",G6-M1-L18,Comparing Rates,lesson,FALSE,6 M1 Lesson 18: Comparing Rates,Connecticut grade 6 Alignment Guide.docx
ccss,6,standard,6.RP.A.3.b,Solve unit rate problems including those involving unit pricing and constant speed.,G6-M5-L13,Surface Area in Real-World Situations,lesson,FALSE,6 M5 Lesson 13: Surface Area in Real-World Situations,Connecticut grade 6 Alignment Guide.docx
ccss,6,standard,6.RP.A.3.b,Solve unit rate problems including those involving unit pricing and constant speed.,G6-M5-L8,Areas of Composite Figures in Real-World Situations,lesson,FALSE,6 M5 Lesson 8: Areas of Composite Figures in Real-World Situations,Connecticut grade 6 Alignment Guide.docx
ccss,6,standard,6.RP.A.3.d,Use ratio reasoning to convert measurement units; manipulate and transform units appropriately when multiplying or dividing quantities.,G6-M1-L19,Using Rates to Convert Units,lesson,FALSE,6 M1 Lesson 19: Using Rates to Convert Units,Connecticut grade 6 Alignment Guide.docx
ccss,6,standard,6.RP.A.3.d,Use ratio reasoning to convert measurement units; manipulate and transform units appropriately when multiplying or dividing quantities.,G6-M1-L20,Solving Rate Problems,lesson,FALSE,6 M1 Lesson 20: Solving Rate Problems,Connecticut grade 6 Alignment Guide.docx
ccss,6,standard,6.RP.A.3.d,Use ratio reasoning to convert measurement units; manipulate and transform units appropriately when multiplying or dividing quantities.,G6-M1-L21,Solving Multi-Step Rate Problems,lesson,FALSE,6 M1 Lesson 21: Solving Multi-Step Rate Problems,Connecticut grade 6 Alignment Guide.docx
ccss,6,domain,6.SP,Statistics and Probability,,,,,,Connecticut grade 6 Alignment Guide.docx
ccss,6,domain,6.SP,Statistics and Probability,,,,,,Connecticut grade 6 Alignment Guide.docx
ccss,6,cluster,6.SP.A,Develop understanding of statistical variability.,,,,,,Connecticut grade 6 Alignment Guide.docx
ccss,6,standard,6.SP.A.1,Recognize a statistical question as one that anticipates variability in the data related to the question and accounts for it in the answers.,G6-M6-L1,Posing Statistical Questions,lesson,FALSE,6 M6 Lesson 1: Posing Statistical Questions,Connecticut grade 6 Alignment Guide.docx
ccss,6,standard,6.SP.A.1,Recognize a statistical question as one that anticipates variability in the data related to the question and accounts for it in the answers.,G6-M6-L17,Developing a Statistical Project,lesson,FALSE,6 M6 Lesson 17: Developing a Statistical Project,Connecticut grade 6 Alignment Guide.docx
ccss,6,standard,6.SP.A.1,Recognize a statistical question as one that anticipates variability in the data related to the question and accounts for it in the answers.,G6-M6-L6,Selecting a Data Display,lesson,FALSE,6 M6 Lesson 6: Selecting a Data Display,Connecticut grade 6 Alignment Guide.docx
ccss,6,standard,6.SP.A.2,"Understand that a set of data collected to answer a statistical question has a distribution which can be described by its center, spread, and overall shape.",G6-M6-L14,Using a Box Plot to Summarize a Distribution,lesson,FALSE,6 M6 Lesson 14: Using a Box Plot to Summarize a Distribution,Connecticut grade 6 Alignment Guide.docx
ccss,6,standard,6.SP.A.2,"Understand that a set of data collected to answer a statistical question has a distribution which can be described by its center, spread, and overall shape.",G6-M6-L18,Connecting Graphical Representations and Summary Measures,lesson,FALSE,6 M6 Lesson 18: Connecting Graphical Representations and Summary Measures,Connecticut grade 6 Alignment Guide.docx
ccss,6,standard,6.SP.A.2,"Understand that a set of data collected to answer a statistical question has a distribution which can be described by its center, spread, and overall shape.",G6-M6-L2,Describing a Data Distribution,lesson,FALSE,6 M6 Lesson 2: Describing a Data Distribution,Connecticut grade 6 Alignment Guide.docx
ccss,6,standard,6.SP.A.2,"Understand that a set of data collected to answer a statistical question has a distribution which can be described by its center, spread, and overall shape.",G6-M6-L3,Creating a Dot Plot,lesson,FALSE,6 M6 Lesson 3: Creating a Dot Plot,Connecticut grade 6 Alignment Guide.docx
ccss,6,standard,6.SP.A.2,"Understand that a set of data collected to answer a statistical question has a distribution which can be described by its center, spread, and overall shape.",G6-M6-L4,Creating a Histogram,lesson,FALSE,6 M6 Lesson 4: Creating a Histogram,Connecticut grade 6 Alignment Guide.docx
ccss,6,standard,6.SP.A.2,"Understand that a set of data collected to answer a statistical question has a distribution which can be described by its center, spread, and overall shape.",G6-M6-L9,Variability in a Data Distribution,lesson,FALSE,6 M6 Lesson 9: Variability in a Data Distribution,Connecticut grade 6 Alignment Guide.docx
ccss,6,standard,6.SP.A.3,"Recognize that a measure of center for a numerical data set summarizes all of its values with a single number, while a measure of variation describes how its values vary with a single number.",G6-M6-L12,Using the Median to Describe the Center,lesson,FALSE,6 M6 Lesson 12: Using the Median to Describe the Center,Connecticut grade 6 Alignment Guide.docx
ccss,6,standard,6.SP.A.3,"Recognize that a measure of center for a numerical data set summarizes all of its values with a single number, while a measure of variation describes how its values vary with a single number.",G6-M6-L13,Using the Interquartile Range to Describe Variability,lesson,FALSE,6 M6 Lesson 13: Using the Interquartile Range to Describe Variability,Connecticut grade 6 Alignment Guide.docx
ccss,6,standard,6.SP.A.3,"Recognize that a measure of center for a numerical data set summarizes all of its values with a single number, while a measure of variation describes how its values vary with a single number.",G6-M6-L15,More Practice with Box Plots,lesson,FALSE,6 M6 Lesson 15: More Practice with Box Plots,Connecticut grade 6 Alignment Guide.docx
ccss,6,standard,6.SP.A.3,"Recognize that a measure of center for a numerical data set summarizes all of its values with a single number, while a measure of variation describes how its values vary with a single number.",G6-M6-L16,Interpreting Box Plots,lesson,FALSE,6 M6 Lesson 16: Interpreting Box Plots,Connecticut grade 6 Alignment Guide.docx
ccss,6,standard,6.SP.A.3,"Recognize that a measure of center for a numerical data set summarizes all of its values with a single number, while a measure of variation describes how its values vary with a single number.",G6-M6-L19,Comparing Data Distributions,lesson,FALSE,6 M6 Lesson 19: Comparing Data Distributions,Connecticut grade 6 Alignment Guide.docx
ccss,6,standard,6.SP.A.3,"Recognize that a measure of center for a numerical data set summarizes all of its values with a single number, while a measure of variation describes how its values vary with a single number.",G6-M6-L22,Presenting Statistical Projects,lesson,FALSE,6 M6 Lesson 22: Presenting Statistical Projects,Connecticut grade 6 Alignment Guide.docx
ccss,6,cluster,6.SP.B,Summarize and describe distributions.,,,,,,Connecticut grade 6 Alignment Guide.docx
ccss,6,standard,6.SP.B.4,"Display numerical data in plots on a number line, including dot plots, histograms, and box plots.",G6-M6-L14,Using a Box Plot to Summarize a Distribution,lesson,FALSE,6 M6 Lesson 14: Using a Box Plot to Summarize a Distribution,Connecticut grade 6 Alignment Guide.docx
ccss,6,standard,6.SP.B.4,"Display numerical data in plots on a number line, including dot plots, histograms, and box plots.",G6-M6-L15,More Practice with Box Plots,lesson,FALSE,6 M6 Lesson 15: More Practice with Box Plots,Connecticut grade 6 Alignment Guide.docx
ccss,6,standard,6.SP.B.4,"Display numerical data in plots on a number line, including dot plots, histograms, and box plots.",G6-M6-L16,Interpreting Box Plots,lesson,FALSE,6 M6 Lesson 16: Interpreting Box Plots,Connecticut grade 6 Alignment Guide.docx
ccss,6,standard,6.SP.B.4,"Display numerical data in plots on a number line, including dot plots, histograms, and box plots.",G6-M6-L19,Comparing Data Distributions,lesson,FALSE,6 M6 Lesson 19: Comparing Data Distributions,Connecticut grade 6 Alignment Guide.docx
ccss,6,standard,6.SP.B.4,"Display numerical data in plots on a number line, including dot plots, histograms, and box plots.",G6-M6-L22,Presenting Statistical Projects,lesson,FALSE,6 M6 Lesson 22: Presenting Statistical Projects,Connecticut grade 6 Alignment Guide.docx
ccss,6,standard,6.SP.B.4,"Display numerical data in plots on a number line, including dot plots, histograms, and box plots.",G6-M6-L3,Creating a Dot Plot,lesson,FALSE,6 M6 Lesson 3: Creating a Dot Plot,Connecticut grade 6 Alignment Guide.docx
ccss,6,standard,6.SP.B.4,"Display numerical data in plots on a number line, including dot plots, histograms, and box plots.",G6-M6-L4,Creating a Histogram,lesson,FALSE,6 M6 Lesson 4: Creating a Histogram,Connecticut grade 6 Alignment Guide.docx
ccss,6,standard,6.SP.B.4,"Display numerical data in plots on a number line, including dot plots, histograms, and box plots.",G6-M6-L5,Comparing Data Displays,lesson,FALSE,6 M6 Lesson 5: Comparing Data Displays,Connecticut grade 6 Alignment Guide.docx
ccss,6,standard,6.SP.B.4,"Display numerical data in plots on a number line, including dot plots, histograms, and box plots.",G6-M6-L6,Selecting a Data Display,lesson,FALSE,6 M6 Lesson 6: Selecting a Data Display,Connecticut grade 6 Alignment Guide.docx
ccss,6,standard,6.SP.B.5.a,Reporting the number of observations.,G6-M6-L2,Describing a Data Distribution,lesson,FALSE,6 M6 Lesson 2: Describing a Data Distribution,Connecticut grade 6 Alignment Guide.docx
ccss,6,standard,6.SP.B.5.b,"Describing the nature of the attribute under investigation, including how it was measured and its units of measurement.",G6-M6-L1,Posing Statistical Questions,lesson,FALSE,6 M6 Lesson 1: Posing Statistical Questions,Connecticut grade 6 Alignment Guide.docx
ccss,6,standard,6.SP.B.5.b,"Describing the nature of the attribute under investigation, including how it was measured and its units of measurement.",G6-M6-L17,Developing a Statistical Project,lesson,FALSE,6 M6 Lesson 17: Developing a Statistical Project,Connecticut grade 6 Alignment Guide.docx
ccss,6,standard,6.SP.B.5.b,"Describing the nature of the attribute under investigation, including how it was measured and its units of measurement.",G6-M6-L21,Comparing Measures of Variability,lesson,FALSE,6 M6 Lesson 21: Comparing Measures of Variability,Connecticut grade 6 Alignment Guide.docx
ccss,6,standard,6.SP.B.5.b,"Describing the nature of the attribute under investigation, including how it was measured and its units of measurement.",G6-M6-L5,Comparing Data Displays,lesson,FALSE,6 M6 Lesson 5: Comparing Data Displays,Connecticut grade 6 Alignment Guide.docx
ccss,6,standard,6.SP.B.5.c,"Giving quantitative measures of center (median and/or mean) and variability (interquartile range and/or mean absolute deviation), as well as describing any overall pattern and any striking deviations from the overall pattern with reference to the context in which the data were gathered.",G6-M6-L10,The Mean Absolute Deviation,lesson,FALSE,6 M6 Lesson 10: The Mean Absolute Deviation,Connecticut grade 6 Alignment Guide.docx
ccss,6,standard,6.SP.B.5.c,"Giving quantitative measures of center (median and/or mean) and variability (interquartile range and/or mean absolute deviation), as well as describing any overall pattern and any striking deviations from the overall pattern with reference to the context in which the data were gathered.",G6-M6-L11,Using the Mean and Mean Absolute Deviation,lesson,FALSE,6 M6 Lesson 11: Using the Mean and Mean Absolute Deviation,Connecticut grade 6 Alignment Guide.docx
ccss,6,standard,6.SP.B.5.c,"Giving quantitative measures of center (median and/or mean) and variability (interquartile range and/or mean absolute deviation), as well as describing any overall pattern and any striking deviations from the overall pattern with reference to the context in which the data were gathered.",G6-M6-L12,Using the Median to Describe the Center,lesson,FALSE,6 M6 Lesson 12: Using the Median to Describe the Center,Connecticut grade 6 Alignment Guide.docx
ccss,6,standard,6.SP.B.5.c,"Giving quantitative measures of center (median and/or mean) and variability (interquartile range and/or mean absolute deviation), as well as describing any overall pattern and any striking deviations from the overall pattern with reference to the context in which the data were gathered.",G6-M6-L13,Using the Interquartile Range to Describe Variability,lesson,FALSE,6 M6 Lesson 13: Using the Interquartile Range to Describe Variability,Connecticut grade 6 Alignment Guide.docx
ccss,6,standard,6.SP.B.5.c,"Giving quantitative measures of center (median and/or mean) and variability (interquartile range and/or mean absolute deviation), as well as describing any overall pattern and any striking deviations from the overall pattern with reference to the context in which the data were gathered.",G6-M6-L18,Connecting Graphical Representations and Summary Measures,lesson,FALSE,6 M6 Lesson 18: Connecting Graphical Representations and Summary Measures,Connecticut grade 6 Alignment Guide.docx
ccss,6,standard,6.SP.B.5.c,"Giving quantitative measures of center (median and/or mean) and variability (interquartile range and/or mean absolute deviation), as well as describing any overall pattern and any striking deviations from the overall pattern with reference to the context in which the data were gathered.",G6-M6-L21,Comparing Measures of Variability,lesson,FALSE,6 M6 Lesson 21: Comparing Measures of Variability,Connecticut grade 6 Alignment Guide.docx
ccss,6,standard,6.SP.B.5.c,"Giving quantitative measures of center (median and/or mean) and variability (interquartile range and/or mean absolute deviation), as well as describing any overall pattern and any striking deviations from the overall pattern with reference to the context in which the data were gathered.",G6-M6-L7,Using the Mean to Describe the Center,lesson,FALSE,6 M6 Lesson 7: Using the Mean to Describe the Center,Connecticut grade 6 Alignment Guide.docx
ccss,6,standard,6.SP.B.5.c,"Giving quantitative measures of center (median and/or mean) and variability (interquartile range and/or mean absolute deviation), as well as describing any overall pattern and any striking deviations from the overall pattern with reference to the context in which the data were gathered.",G6-M6-L8,The Mean as a Balance Point,lesson,FALSE,6 M6 Lesson 8: The Mean as a Balance Point,Connecticut grade 6 Alignment Guide.docx
ccss,6,standard,6.SP.B.5.d,Relating the choice of measures of center and variability to the shape of the data distribution and the context in which the data were gathered.,G6-M6-L20,Choosing a Measure of Center,lesson,FALSE,6 M6 Lesson 20: Choosing a Measure of Center,Connecticut grade 6 Alignment Guide.docx
ccss,7,domain,7.EE,Expressions and Equations,,,,,,Connecticut grade 7 Alignment Guide.docx
ccss,7,domain,7.EE,Expressions and Equations,,,,,,Connecticut grade 7 Alignment Guide.docx
ccss,7,cluster,7.EE.A,Use properties of operations to generate equivalent expressions.,,,,,,Connecticut grade 7 Alignment Guide.docx
ccss,7,standard,7.EE.A.1,"Apply properties of operations as strategies to add, subtract, factor, and expand linear expressions with rational coefficients.",G7-M3-L1,Equivalent Expressions,lesson,FALSE,7 M3 Lesson 1: Equivalent Expressions,Connecticut grade 7 Alignment Guide.docx
ccss,7,standard,7.EE.A.1,"Apply properties of operations as strategies to add, subtract, factor, and expand linear expressions with rational coefficients.",G7-M3-L2,The Distributive Property and the Tabular Model,lesson,FALSE,7 M3 Lesson 2: The Distributive Property and the Tabular Model,Connecticut grade 7 Alignment Guide.docx
ccss,7,standard,7.EE.A.1,"Apply properties of operations as strategies to add, subtract, factor, and expand linear expressions with rational coefficients.",G7-M3-L3,The Distributive Property and Combining Like Terms,lesson,FALSE,7 M3 Lesson 3: The Distributive Property and Combining Like Terms,Connecticut grade 7 Alignment Guide.docx
ccss,7,standard,7.EE.A.1,"Apply properties of operations as strategies to add, subtract, factor, and expand linear expressions with rational coefficients.",G7-M3-L4,Adding and Subtracting Expressions,lesson,FALSE,7 M3 Lesson 4: Adding and Subtracting Expressions,Connecticut grade 7 Alignment Guide.docx
ccss,7,standard,7.EE.A.1,"Apply properties of operations as strategies to add, subtract, factor, and expand linear expressions with rational coefficients.",G7-M3-L5,Factoring Expressions,lesson,FALSE,7 M3 Lesson 5: Factoring Expressions,Connecticut grade 7 Alignment Guide.docx
ccss,7,standard,7.EE.A.1,"Apply properties of operations as strategies to add, subtract, factor, and expand linear expressions with rational coefficients.",G7-M3-L6,Comparing Expressions,lesson,FALSE,7 M3 Lesson 6: Comparing Expressions,Connecticut grade 7 Alignment Guide.docx
ccss,7,standard,7.EE.A.2,Understand that rewriting an expression in different forms in a problem context can shed light on the problem and how the quantities in it are related.,G7-M3-L2,The Distributive Property and the Tabular Model,lesson,FALSE,7 M3 Lesson 2: The Distributive Property and the Tabular Model,Connecticut grade 7 Alignment Guide.docx
ccss,7,standard,7.EE.A.2,Understand that rewriting an expression in different forms in a problem context can shed light on the problem and how the quantities in it are related.,G7-M3-L4,Adding and Subtracting Expressions,lesson,FALSE,7 M3 Lesson 4: Adding and Subtracting Expressions,Connecticut grade 7 Alignment Guide.docx
ccss,7,standard,7.EE.A.2,Understand that rewriting an expression in different forms in a problem context can shed light on the problem and how the quantities in it are related.,G7-M3-L5,Factoring Expressions,lesson,FALSE,7 M3 Lesson 5: Factoring Expressions,Connecticut grade 7 Alignment Guide.docx
ccss,7,standard,7.EE.A.2,Understand that rewriting an expression in different forms in a problem context can shed light on the problem and how the quantities in it are related.,G7-M3-L6,Comparing Expressions,lesson,FALSE,7 M3 Lesson 6: Comparing Expressions,Connecticut grade 7 Alignment Guide.docx
ccss,7,standard,7.EE.A.2,Understand that rewriting an expression in different forms in a problem context can shed light on the problem and how the quantities in it are related.,G7-M3-L9,Solving Equations to Determine Unknown Angle Measures,lesson,FALSE,7 M3 Lesson 9: Solving Equations to Determine Unknown Angle Measures,Connecticut grade 7 Alignment Guide.docx
ccss,7,standard,7.EE.A.2,Understand that rewriting an expression in different forms in a problem context can shed light on the problem and how the quantities in it are related.,G7-M5-L10,Percent Increase,lesson,FALSE,7 M5 Lesson 10: Percent Increase,Connecticut grade 7 Alignment Guide.docx
ccss,7,standard,7.EE.A.2,Understand that rewriting an expression in different forms in a problem context can shed light on the problem and how the quantities in it are related.,G7-M5-L11,Percent Decrease,lesson,FALSE,7 M5 Lesson 11: Percent Decrease,Connecticut grade 7 Alignment Guide.docx
ccss,7,standard,7.EE.A.2,Understand that rewriting an expression in different forms in a problem context can shed light on the problem and how the quantities in it are related.,G7-M5-L12,More Discounts,lesson,FALSE,7 M5 Lesson 12: More Discounts,Connecticut grade 7 Alignment Guide.docx
ccss,7,standard,7.EE.A.2,Understand that rewriting an expression in different forms in a problem context can shed light on the problem and how the quantities in it are related.,G7-M5-L14,Scale Factor—Percent Increase and Decrease,lesson,FALSE,7 M5 Lesson 14: Scale Factor—Percent Increase and Decrease,Connecticut grade 7 Alignment Guide.docx
ccss,7,standard,7.EE.A.2,Understand that rewriting an expression in different forms in a problem context can shed light on the problem and how the quantities in it are related.,G7-M5-L15,Tips and Taxes,lesson,FALSE,7 M5 Lesson 15: Tips and Taxes,Connecticut grade 7 Alignment Guide.docx
ccss,7,standard,7.EE.A.2,Understand that rewriting an expression in different forms in a problem context can shed light on the problem and how the quantities in it are related.,G7-M5-L16,Markups and Discounts,lesson,FALSE,7 M5 Lesson 16: Markups and Discounts,Connecticut grade 7 Alignment Guide.docx
ccss,7,standard,7.EE.A.2,Understand that rewriting an expression in different forms in a problem context can shed light on the problem and how the quantities in it are related.,G7-M5-L23,Percents of Percents,lesson,FALSE,7 M5 Lesson 23: Percents of Percents,Connecticut grade 7 Alignment Guide.docx
ccss,7,cluster,7.EE.B,Solve real-life and mathematical problems using numerical and algebraic expressions and equations.,,,,,,Connecticut grade 7 Alignment Guide.docx
ccss,7,standard,7.EE.B.3,"Solve multi-step real-life and mathematical problems posed with positive and negative rational numbers in any form (whole numbers, fractions, and decimals), using tools strategically. Apply properties of operations to calculate with numbers in any form; convert between forms as appropriate; and assess the reasonableness of answers using mental computation and estimation strategies.",G7-M2-L25,"Writing and Evaluating Expressions with Rational Numbers, Part 1",lesson,FALSE,"7 M2 Lesson 25: Writing and Evaluating Expressions with Rational Numbers, Part 1",Connecticut grade 7 Alignment Guide.docx
ccss,7,standard,7.EE.B.3,"Solve multi-step real-life and mathematical problems posed with positive and negative rational numbers in any form (whole numbers, fractions, and decimals), using tools strategically. Apply properties of operations to calculate with numbers in any form; convert between forms as appropriate; and assess the reasonableness of answers using mental computation and estimation strategies.",G7-M2-L26,"Writing and Evaluating Expressions with Rational Numbers, Part 2",lesson,FALSE,"7 M2 Lesson 26: Writing and Evaluating Expressions with Rational Numbers, Part 2",Connecticut grade 7 Alignment Guide.docx
ccss,7,standard,7.EE.B.3,"Solve multi-step real-life and mathematical problems posed with positive and negative rational numbers in any form (whole numbers, fractions, and decimals), using tools strategically. Apply properties of operations to calculate with numbers in any form; convert between forms as appropriate; and assess the reasonableness of answers using mental computation and estimation strategies.",G7-M3-L10,Problem Solving with Unknown Angle Measures,lesson,FALSE,7 M3 Lesson 10: Problem Solving with Unknown Angle Measures,Connecticut grade 7 Alignment Guide.docx
ccss,7,standard,7.EE.B.3,"Solve multi-step real-life and mathematical problems posed with positive and negative rational numbers in any form (whole numbers, fractions, and decimals), using tools strategically. Apply properties of operations to calculate with numbers in any form; convert between forms as appropriate; and assess the reasonableness of answers using mental computation and estimation strategies.",G7-M3-L11,Dominoes and Dominoes,lesson,FALSE,7 M3 Lesson 11: Dominoes and Dominoes,Connecticut grade 7 Alignment Guide.docx
ccss,7,standard,7.EE.B.3,"Solve multi-step real-life and mathematical problems posed with positive and negative rational numbers in any form (whole numbers, fractions, and decimals), using tools strategically. Apply properties of operations to calculate with numbers in any form; convert between forms as appropriate; and assess the reasonableness of answers using mental computation and estimation strategies.",G7-M3-L16,Using Equations to Solve Rate Problems,lesson,FALSE,7 M3 Lesson 16: Using Equations to Solve Rate Problems,Connecticut grade 7 Alignment Guide.docx
ccss,7,standard,7.EE.B.3,"Solve multi-step real-life and mathematical problems posed with positive and negative rational numbers in any form (whole numbers, fractions, and decimals), using tools strategically. Apply properties of operations to calculate with numbers in any form; convert between forms as appropriate; and assess the reasonableness of answers using mental computation and estimation strategies.",G7-M3-L17,Using Equations to Solve Problems,lesson,FALSE,7 M3 Lesson 17: Using Equations to Solve Problems,Connecticut grade 7 Alignment Guide.docx
ccss,7,standard,7.EE.B.3,"Solve multi-step real-life and mathematical problems posed with positive and negative rational numbers in any form (whole numbers, fractions, and decimals), using tools strategically. Apply properties of operations to calculate with numbers in any form; convert between forms as appropriate; and assess the reasonableness of answers using mental computation and estimation strategies.",G7-M3-L9,Solving Equations to Determine Unknown Angle Measures,lesson,FALSE,7 M3 Lesson 9: Solving Equations to Determine Unknown Angle Measures,Connecticut grade 7 Alignment Guide.docx
ccss,7,standard,7.EE.B.4,"Use variables to represent quantities in a real-world or mathematical problem, and construct simple equations and inequalities to solve problems by reasoning about the quantities.",G7-M3-L11,Dominoes and Dominoes,lesson,FALSE,7 M3 Lesson 11: Dominoes and Dominoes,Connecticut grade 7 Alignment Guide.docx
ccss,7,standard,7.EE.B.4,"Use variables to represent quantities in a real-world or mathematical problem, and construct simple equations and inequalities to solve problems by reasoning about the quantities.",G7-M3-L12,Solving Equations Algebraically and Arithmetically,lesson,FALSE,7 M3 Lesson 12: Solving Equations Algebraically and Arithmetically,Connecticut grade 7 Alignment Guide.docx
ccss,7,standard,7.EE.B.4,"Use variables to represent quantities in a real-world or mathematical problem, and construct simple equations and inequalities to solve problems by reasoning about the quantities.",G7-M3-L13,Solving Equations—Puzzles,lesson,FALSE,7 M3 Lesson 13: Solving Equations—Puzzles,Connecticut grade 7 Alignment Guide.docx
ccss,7,standard,7.EE.B.4,"Use variables to represent quantities in a real-world or mathematical problem, and construct simple equations and inequalities to solve problems by reasoning about the quantities.",G7-M3-L16,Using Equations to Solve Rate Problems,lesson,FALSE,7 M3 Lesson 16: Using Equations to Solve Rate Problems,Connecticut grade 7 Alignment Guide.docx
ccss,7,standard,7.EE.B.4,"Use variables to represent quantities in a real-world or mathematical problem, and construct simple equations and inequalities to solve problems by reasoning about the quantities.",G7-M3-L17,Using Equations to Solve Problems,lesson,FALSE,7 M3 Lesson 17: Using Equations to Solve Problems,Connecticut grade 7 Alignment Guide.docx
ccss,7,standard,7.EE.B.4,"Use variables to represent quantities in a real-world or mathematical problem, and construct simple equations and inequalities to solve problems by reasoning about the quantities.",G7-M3-L18,Understanding Inequalities and their Solutions,lesson,FALSE,7 M3 Lesson 18: Understanding Inequalities and their Solutions,Connecticut grade 7 Alignment Guide.docx
ccss,7,standard,7.EE.B.4,"Use variables to represent quantities in a real-world or mathematical problem, and construct simple equations and inequalities to solve problems by reasoning about the quantities.",G7-M3-L19,Using Equations to Solve Inequalities,lesson,FALSE,7 M3 Lesson 19: Using Equations to Solve Inequalities,Connecticut grade 7 Alignment Guide.docx
ccss,7,standard,7.EE.B.4,"Use variables to represent quantities in a real-world or mathematical problem, and construct simple equations and inequalities to solve problems by reasoning about the quantities.",G7-M3-L21,Solving Two-Step Inequalities,lesson,FALSE,7 M3 Lesson 21: Solving Two-Step Inequalities,Connecticut grade 7 Alignment Guide.docx
ccss,7,standard,7.EE.B.4,"Use variables to represent quantities in a real-world or mathematical problem, and construct simple equations and inequalities to solve problems by reasoning about the quantities.",G7-M3-L22,Solving Problems Involving Inequalities,lesson,FALSE,7 M3 Lesson 22: Solving Problems Involving Inequalities,Connecticut grade 7 Alignment Guide.docx
ccss,7,standard,7.EE.B.4,"Use variables to represent quantities in a real-world or mathematical problem, and construct simple equations and inequalities to solve problems by reasoning about the quantities.",G7-M3-L23,Inequalities vs. Equations,lesson,FALSE,7 M3 Lesson 23: Inequalities vs. Equations,Connecticut grade 7 Alignment Guide.docx
ccss,7,standard,7.EE.B.4.a,"Solve word problems leading to equations of the form 𝑝𝑥 + 𝑞 = 𝑟 and 𝑝(𝑥 + 𝑞) = 𝑟, where 𝑝, 𝑞, and 𝑟 are specific rational numbers. Solve equations of these forms fluently. Compare an algebraic solution to an arithmetic solution, identifying the sequence of the operations used in each approach.",G7-M3-L12,Solving Equations Algebraically and Arithmetically,lesson,FALSE,7 M3 Lesson 12: Solving Equations Algebraically and Arithmetically,Connecticut grade 7 Alignment Guide.docx
ccss,7,standard,7.EE.B.4.a,"Solve word problems leading to equations of the form 𝑝𝑥 + 𝑞 = 𝑟 and 𝑝(𝑥 + 𝑞) = 𝑟, where 𝑝, 𝑞, and 𝑟 are specific rational numbers. Solve equations of these forms fluently. Compare an algebraic solution to an arithmetic solution, identifying the sequence of the operations used in each approach.",G7-M3-L13,Solving Equations—Puzzles,lesson,FALSE,7 M3 Lesson 13: Solving Equations—Puzzles,Connecticut grade 7 Alignment Guide.docx
ccss,7,standard,7.EE.B.4.a,"Solve word problems leading to equations of the form 𝑝𝑥 + 𝑞 = 𝑟 and 𝑝(𝑥 + 𝑞) = 𝑟, where 𝑝, 𝑞, and 𝑟 are specific rational numbers. Solve equations of these forms fluently. Compare an algebraic solution to an arithmetic solution, identifying the sequence of the operations used in each approach.",G7-M3-L14,Solving Equations—Scavenger Hunt,lesson,FALSE,7 M3 Lesson 14: Solving Equations—Scavenger Hunt,Connecticut grade 7 Alignment Guide.docx
ccss,7,standard,7.EE.B.4.a,"Solve word problems leading to equations of the form 𝑝𝑥 + 𝑞 = 𝑟 and 𝑝(𝑥 + 𝑞) = 𝑟, where 𝑝, 𝑞, and 𝑟 are specific rational numbers. Solve equations of these forms fluently. Compare an algebraic solution to an arithmetic solution, identifying the sequence of the operations used in each approach.",G7-M3-L15,Solving Equations Fluently,lesson,FALSE,7 M3 Lesson 15: Solving Equations Fluently,Connecticut grade 7 Alignment Guide.docx
ccss,7,standard,7.EE.B.4.a,"Solve word problems leading to equations of the form 𝑝𝑥 + 𝑞 = 𝑟 and 𝑝(𝑥 + 𝑞) = 𝑟, where 𝑝, 𝑞, and 𝑟 are specific rational numbers. Solve equations of these forms fluently. Compare an algebraic solution to an arithmetic solution, identifying the sequence of the operations used in each approach.",G7-M3-L16,Using Equations to Solve Rate Problems,lesson,FALSE,7 M3 Lesson 16: Using Equations to Solve Rate Problems,Connecticut grade 7 Alignment Guide.docx
ccss,7,standard,7.EE.B.4.a,"Solve word problems leading to equations of the form 𝑝𝑥 + 𝑞 = 𝑟 and 𝑝(𝑥 + 𝑞) = 𝑟, where 𝑝, 𝑞, and 𝑟 are specific rational numbers. Solve equations of these forms fluently. Compare an algebraic solution to an arithmetic solution, identifying the sequence of the operations used in each approach.",G7-M3-L7,Angle Relationships and Unknown Angle Measures,lesson,FALSE,7 M3 Lesson 7: Angle Relationships and Unknown Angle Measures,Connecticut grade 7 Alignment Guide.docx
ccss,7,standard,7.EE.B.4.a,"Solve word problems leading to equations of the form 𝑝𝑥 + 𝑞 = 𝑟 and 𝑝(𝑥 + 𝑞) = 𝑟, where 𝑝, 𝑞, and 𝑟 are specific rational numbers. Solve equations of these forms fluently. Compare an algebraic solution to an arithmetic solution, identifying the sequence of the operations used in each approach.",G7-M3-L8,Strategies to Determine Unknown Angle Measures,lesson,FALSE,7 M3 Lesson 8: Strategies to Determine Unknown Angle Measures,Connecticut grade 7 Alignment Guide.docx
ccss,7,domain,7.G,Geometry,,,,,,Connecticut grade 7 Alignment Guide.docx
ccss,7,domain,7.G,Geometry,,,,,,Connecticut grade 7 Alignment Guide.docx
ccss,7,cluster,7.G.A,"Draw, construct, and describe geometrical figures and describe the relationships between them.",,,,,,Connecticut grade 7 Alignment Guide.docx
ccss,7,standard,7.G.A.1,"Solve problems involving scale drawings of geometric figures, including computing actual lengths and areas from a scale drawing and reproducing a scale drawing at a different scale.",G7-M1-L15,Scale Drawings,lesson,FALSE,7 M1 Lesson 15: Scale Drawings,Connecticut grade 7 Alignment Guide.docx
ccss,7,standard,7.G.A.1,"Solve problems involving scale drawings of geometric figures, including computing actual lengths and areas from a scale drawing and reproducing a scale drawing at a different scale.",G7-M1-L16,Using a Scale Factor,lesson,FALSE,7 M1 Lesson 16: Using a Scale Factor,Connecticut grade 7 Alignment Guide.docx
ccss,7,standard,7.G.A.1,"Solve problems involving scale drawings of geometric figures, including computing actual lengths and areas from a scale drawing and reproducing a scale drawing at a different scale.",G7-M1-L17,Finding Actual Distances from a Scale Drawing,lesson,FALSE,7 M1 Lesson 17: Finding Actual Distances from a Scale Drawing,Connecticut grade 7 Alignment Guide.docx
ccss,7,standard,7.G.A.1,"Solve problems involving scale drawings of geometric figures, including computing actual lengths and areas from a scale drawing and reproducing a scale drawing at a different scale.",G7-M1-L18,Relating Areas of Scale Drawings,lesson,FALSE,7 M1 Lesson 18: Relating Areas of Scale Drawings,Connecticut grade 7 Alignment Guide.docx
ccss,7,standard,7.G.A.1,"Solve problems involving scale drawings of geometric figures, including computing actual lengths and areas from a scale drawing and reproducing a scale drawing at a different scale.",G7-M1-L19,Scale and Scale Factor,lesson,FALSE,7 M1 Lesson 19: Scale and Scale Factor,Connecticut grade 7 Alignment Guide.docx
ccss,7,standard,7.G.A.1,"Solve problems involving scale drawings of geometric figures, including computing actual lengths and areas from a scale drawing and reproducing a scale drawing at a different scale.",G7-M1-L20,Creating Multiple Scale Drawings,lesson,FALSE,7 M1 Lesson 20: Creating Multiple Scale Drawings,Connecticut grade 7 Alignment Guide.docx
ccss,7,standard,7.G.A.1,"Solve problems involving scale drawings of geometric figures, including computing actual lengths and areas from a scale drawing and reproducing a scale drawing at a different scale.",G7-M5-L1,Proportionality and Scale Factor,lesson,FALSE,7 M5 Lesson 1: Proportionality and Scale Factor,Connecticut grade 7 Alignment Guide.docx
ccss,7,standard,7.G.A.1,"Solve problems involving scale drawings of geometric figures, including computing actual lengths and areas from a scale drawing and reproducing a scale drawing at a different scale.",G7-M5-L14,Scale Factor—Percent Increase and Decrease,lesson,FALSE,7 M5 Lesson 14: Scale Factor—Percent Increase and Decrease,Connecticut grade 7 Alignment Guide.docx
ccss,7,standard,7.G.A.2,"Draw (freehand, with ruler and protractor, and with technology) geometric shapes with given conditions. Focus on constructing triangles from three measures of angles or sides, noticing when the conditions determine a unique triangle, more than one triangle, or no triangle.",G7-M4-L9,Constructing a Circle,lesson,FALSE,7 M4 Lesson 9: Constructing a Circle,Connecticut grade 7 Alignment Guide.docx
ccss,7,standard,7.G.A.3,"Describe the two-dimensional figures that result from slicing three-dimensional figures, as in plane sections of right rectangular prisms and right rectangular pyramids.",G7-M4-L22,Understanding Planes and Cross Sections,lesson,FALSE,7 M4 Lesson 22: Understanding Planes and Cross Sections,Connecticut grade 7 Alignment Guide.docx
ccss,7,standard,7.G.A.3,"Describe the two-dimensional figures that result from slicing three-dimensional figures, as in plane sections of right rectangular prisms and right rectangular pyramids.",G7-M4-L23,Cross Section Scavenger Hunt,lesson,FALSE,7 M4 Lesson 23: Cross Section Scavenger Hunt,Connecticut grade 7 Alignment Guide.docx
ccss,7,cluster,7.G.B,"Solve real-life and mathematical problems involving angle measure, area, surface area, and volume.",,,,,,Connecticut grade 7 Alignment Guide.docx
ccss,7,standard,7.G.B.4,Know the formulas for the area and circumference of a circle and use them to solve problems; give an informal derivation of the relationship between the circumference and area of a circle.,G7-M4-L10,The Outside of a Circle,lesson,FALSE,7 M4 Lesson 10: The Outside of a Circle,Connecticut grade 7 Alignment Guide.docx
ccss,7,standard,7.G.B.4,Know the formulas for the area and circumference of a circle and use them to solve problems; give an informal derivation of the relationship between the circumference and area of a circle.,G7-M4-L11,The Inside of a Circle,lesson,FALSE,7 M4 Lesson 11: The Inside of a Circle,Connecticut grade 7 Alignment Guide.docx
ccss,7,standard,7.G.B.4,Know the formulas for the area and circumference of a circle and use them to solve problems; give an informal derivation of the relationship between the circumference and area of a circle.,G7-M4-L12,Exploring the Area and Circumference of a Circle,lesson,FALSE,7 M4 Lesson 12: Exploring the Area and Circumference of a Circle,Connecticut grade 7 Alignment Guide.docx
ccss,7,standard,7.G.B.4,Know the formulas for the area and circumference of a circle and use them to solve problems; give an informal derivation of the relationship between the circumference and area of a circle.,G7-M4-L13,Finding Areas of Circular Regions,lesson,FALSE,7 M4 Lesson 13: Finding Areas of Circular Regions,Connecticut grade 7 Alignment Guide.docx
ccss,7,standard,7.G.B.4,Know the formulas for the area and circumference of a circle and use them to solve problems; give an informal derivation of the relationship between the circumference and area of a circle.,G7-M4-L14,Composite Figures with Circular Regions,lesson,FALSE,7 M4 Lesson 14: Composite Figures with Circular Regions,Connecticut grade 7 Alignment Guide.docx
ccss,7,standard,7.G.B.4,Know the formulas for the area and circumference of a circle and use them to solve problems; give an informal derivation of the relationship between the circumference and area of a circle.,G7-M4-L15,Watering a Lawn,lesson,FALSE,7 M4 Lesson 15: Watering a Lawn,Connecticut grade 7 Alignment Guide.docx
ccss,7,standard,7.G.B.5,"Use facts about supplementary, complementary, vertical, and adjacent angles in a multi-step problem to write and solve simple equations for an unknown angle in a figure.",G7-M3-L10,Problem Solving with Unknown Angle Measures,lesson,FALSE,7 M3 Lesson 10: Problem Solving with Unknown Angle Measures,Connecticut grade 7 Alignment Guide.docx
ccss,7,standard,7.G.B.5,"Use facts about supplementary, complementary, vertical, and adjacent angles in a multi-step problem to write and solve simple equations for an unknown angle in a figure.",G7-M3-L7,Angle Relationships and Unknown Angle Measures,lesson,FALSE,7 M3 Lesson 7: Angle Relationships and Unknown Angle Measures,Connecticut grade 7 Alignment Guide.docx
ccss,7,standard,7.G.B.5,"Use facts about supplementary, complementary, vertical, and adjacent angles in a multi-step problem to write and solve simple equations for an unknown angle in a figure.",G7-M3-L8,Strategies to Determine Unknown Angle Measures,lesson,FALSE,7 M3 Lesson 8: Strategies to Determine Unknown Angle Measures,Connecticut grade 7 Alignment Guide.docx
ccss,7,standard,7.G.B.6,"Solve real-world and mathematical problems involving area, volume and surface area of two- and three-dimensional objects composed of triangles, quadrilaterals, polygons, cubes, and right prisms.",G7-M4-L14,Composite Figures with Circular Regions,lesson,FALSE,7 M4 Lesson 14: Composite Figures with Circular Regions,Connecticut grade 7 Alignment Guide.docx
ccss,7,standard,7.G.B.6,"Solve real-world and mathematical problems involving area, volume and surface area of two- and three-dimensional objects composed of triangles, quadrilaterals, polygons, cubes, and right prisms.",G7-M4-L16,Solving Area Problems by Composition and Decomposition,lesson,FALSE,7 M4 Lesson 16: Solving Area Problems by Composition and Decomposition,Connecticut grade 7 Alignment Guide.docx
ccss,7,standard,7.G.B.6,"Solve real-world and mathematical problems involving area, volume and surface area of two- and three-dimensional objects composed of triangles, quadrilaterals, polygons, cubes, and right prisms.",G7-M4-L17,Surface Area of Right Rectangular and Right Triangular Prisms,lesson,FALSE,7 M4 Lesson 17: Surface Area of Right Rectangular and Right Triangular Prisms,Connecticut grade 7 Alignment Guide.docx
ccss,7,standard,7.G.B.6,"Solve real-world and mathematical problems involving area, volume and surface area of two- and three-dimensional objects composed of triangles, quadrilaterals, polygons, cubes, and right prisms.",G7-M4-L18,Surface Area of Right Prisms,lesson,FALSE,7 M4 Lesson 18: Surface Area of Right Prisms,Connecticut grade 7 Alignment Guide.docx
ccss,7,standard,7.G.B.6,"Solve real-world and mathematical problems involving area, volume and surface area of two- and three-dimensional objects composed of triangles, quadrilaterals, polygons, cubes, and right prisms.",G7-M4-L20,Surface Areas of Right Pyramids,lesson,FALSE,7 M4 Lesson 20: Surface Areas of Right Pyramids,Connecticut grade 7 Alignment Guide.docx
ccss,7,standard,7.G.B.6,"Solve real-world and mathematical problems involving area, volume and surface area of two- and three-dimensional objects composed of triangles, quadrilaterals, polygons, cubes, and right prisms.",G7-M4-L21,Surface Area of Other Solids,lesson,FALSE,7 M4 Lesson 21: Surface Area of Other Solids,Connecticut grade 7 Alignment Guide.docx
ccss,7,standard,7.G.B.6,"Solve real-world and mathematical problems involving area, volume and surface area of two- and three-dimensional objects composed of triangles, quadrilaterals, polygons, cubes, and right prisms.",G7-M4-L24,Volume of Prisms,lesson,FALSE,7 M4 Lesson 24: Volume of Prisms,Connecticut grade 7 Alignment Guide.docx
ccss,7,standard,7.G.B.6,"Solve real-world and mathematical problems involving area, volume and surface area of two- and three-dimensional objects composed of triangles, quadrilaterals, polygons, cubes, and right prisms.",G7-M4-L25,Volume of Composite Solids,lesson,FALSE,7 M4 Lesson 25: Volume of Composite Solids,Connecticut grade 7 Alignment Guide.docx
ccss,7,standard,7.G.B.6,"Solve real-world and mathematical problems involving area, volume and surface area of two- and three-dimensional objects composed of triangles, quadrilaterals, polygons, cubes, and right prisms.",G7-M4-L26,Designing a Fish Tank,lesson,FALSE,7 M4 Lesson 26: Designing a Fish Tank,Connecticut grade 7 Alignment Guide.docx
ccss,7,domain,7.NS,The Number System,,,,,,Connecticut grade 7 Alignment Guide.docx
ccss,7,cluster,7.NS.A,"Apply and extend previous understandings of operations with fractions to add, subtract, multiply, and divide rational numbers.",,,,,,Connecticut grade 7 Alignment Guide.docx
ccss,7,standard,7.NS.A.1.a,Describe situations in which opposite quantities combine to make 0.,G7-M2-L1,Combining Opposites,lesson,FALSE,7 M2 Lesson 1: Combining Opposites,Connecticut grade 7 Alignment Guide.docx
ccss,7,standard,7.NS.A.1.a,Describe situations in which opposite quantities combine to make 0.,G7-M2-L12,The Integer Game,lesson,FALSE,7 M2 Lesson 12: The Integer Game,Connecticut grade 7 Alignment Guide.docx
ccss,7,standard,7.NS.A.1.b,"Understand 𝑝 + 𝑞 as the number located a distance |𝑞| from 𝑝, in the positive or negative direction depending on whether 𝑞 is positive or negative. Show that a number and its opposite have a sum of 0 (are additive inverses). Interpret sums of rational numbers by describing real-world contexts.",G7-M2-L1,Combining Opposites,lesson,FALSE,7 M2 Lesson 1: Combining Opposites,Connecticut grade 7 Alignment Guide.docx
ccss,7,standard,7.NS.A.1.b,"Understand 𝑝 + 𝑞 as the number located a distance |𝑞| from 𝑝, in the positive or negative direction depending on whether 𝑞 is positive or negative. Show that a number and its opposite have a sum of 0 (are additive inverses). Interpret sums of rational numbers by describing real-world contexts.",G7-M2-L2,Adding Integers,lesson,FALSE,7 M2 Lesson 2: Adding Integers,Connecticut grade 7 Alignment Guide.docx
ccss,7,standard,7.NS.A.1.b,"Understand 𝑝 + 𝑞 as the number located a distance |𝑞| from 𝑝, in the positive or negative direction depending on whether 𝑞 is positive or negative. Show that a number and its opposite have a sum of 0 (are additive inverses). Interpret sums of rational numbers by describing real-world contexts.",G7-M2-L3,Adding Integers Efficiently,lesson,FALSE,7 M2 Lesson 3: Adding Integers Efficiently,Connecticut grade 7 Alignment Guide.docx
ccss,7,standard,7.NS.A.1.b,"Understand 𝑝 + 𝑞 as the number located a distance |𝑞| from 𝑝, in the positive or negative direction depending on whether 𝑞 is positive or negative. Show that a number and its opposite have a sum of 0 (are additive inverses). Interpret sums of rational numbers by describing real-world contexts.",G7-M2-L5,Decomposing Rational Numbers to Make Addition More Efficient,lesson,FALSE,7 M2 Lesson 5: Decomposing Rational Numbers to Make Addition More Efficient,Connecticut grade 7 Alignment Guide.docx
ccss,7,standard,7.NS.A.1.b,"Understand 𝑝 + 𝑞 as the number located a distance |𝑞| from 𝑝, in the positive or negative direction depending on whether 𝑞 is positive or negative. Show that a number and its opposite have a sum of 0 (are additive inverses). Interpret sums of rational numbers by describing real-world contexts.",G7-M2-L6,Adding Rational Numbers,lesson,FALSE,7 M2 Lesson 6: Adding Rational Numbers,Connecticut grade 7 Alignment Guide.docx
ccss,7,standard,7.NS.A.1.b,"Understand 𝑝 + 𝑞 as the number located a distance |𝑞| from 𝑝, in the positive or negative direction depending on whether 𝑞 is positive or negative. Show that a number and its opposite have a sum of 0 (are additive inverses). Interpret sums of rational numbers by describing real-world contexts.",G7-M2-L8,"Subtracting Integers, Part 1",lesson,FALSE,"7 M2 Lesson 8: Subtracting Integers, Part 1",Connecticut grade 7 Alignment Guide.docx
ccss,7,standard,7.NS.A.1.c,"Understand subtraction of rational numbers as adding the additive inverse, 𝑝 – 𝑞 = 𝑝 + (–𝑞). Show that the distance between two rational numbers on the number line is the absolute value of their difference, and apply this principle in real-world contexts.",G7-M2-L10,"Subtracting Rational Numbers, Part 1",lesson,FALSE,"7 M2 Lesson 10: Subtracting Rational Numbers, Part 1",Connecticut grade 7 Alignment Guide.docx
ccss,7,standard,7.NS.A.1.c,"Understand subtraction of rational numbers as adding the additive inverse, 𝑝 – 𝑞 = 𝑝 + (–𝑞). Show that the distance between two rational numbers on the number line is the absolute value of their difference, and apply this principle in real-world contexts.",G7-M2-L11,"Subtracting Rational Numbers, Part 2",lesson,FALSE,"7 M2 Lesson 11: Subtracting Rational Numbers, Part 2",Connecticut grade 7 Alignment Guide.docx
ccss,7,standard,7.NS.A.1.c,"Understand subtraction of rational numbers as adding the additive inverse, 𝑝 – 𝑞 = 𝑝 + (–𝑞). Show that the distance between two rational numbers on the number line is the absolute value of their difference, and apply this principle in real-world contexts.",G7-M2-L7,What Subtraction Means,lesson,FALSE,7 M2 Lesson 7: What Subtraction Means,Connecticut grade 7 Alignment Guide.docx
ccss,7,standard,7.NS.A.1.c,"Understand subtraction of rational numbers as adding the additive inverse, 𝑝 – 𝑞 = 𝑝 + (–𝑞). Show that the distance between two rational numbers on the number line is the absolute value of their difference, and apply this principle in real-world contexts.",G7-M2-L8,"Subtracting Integers, Part 1",lesson,FALSE,"7 M2 Lesson 8: Subtracting Integers, Part 1",Connecticut grade 7 Alignment Guide.docx
ccss,7,standard,7.NS.A.1.c,"Understand subtraction of rational numbers as adding the additive inverse, 𝑝 – 𝑞 = 𝑝 + (–𝑞). Show that the distance between two rational numbers on the number line is the absolute value of their difference, and apply this principle in real-world contexts.",G7-M2-L9,"Subtracting Integers, Part 2",lesson,FALSE,"7 M2 Lesson 9: Subtracting Integers, Part 2",Connecticut grade 7 Alignment Guide.docx
ccss,7,standard,7.NS.A.1.d,Apply properties of operations as strategies to add and subtract rational numbers.,G7-M2-L10,"Subtracting Rational Numbers, Part 1",lesson,FALSE,"7 M2 Lesson 10: Subtracting Rational Numbers, Part 1",Connecticut grade 7 Alignment Guide.docx
ccss,7,standard,7.NS.A.1.d,Apply properties of operations as strategies to add and subtract rational numbers.,G7-M2-L11,"Subtracting Rational Numbers, Part 2",lesson,FALSE,"7 M2 Lesson 11: Subtracting Rational Numbers, Part 2",Connecticut grade 7 Alignment Guide.docx
ccss,7,standard,7.NS.A.1.d,Apply properties of operations as strategies to add and subtract rational numbers.,G7-M2-L12,The Integer Game,lesson,FALSE,7 M2 Lesson 12: The Integer Game,Connecticut grade 7 Alignment Guide.docx
ccss,7,standard,7.NS.A.1.d,Apply properties of operations as strategies to add and subtract rational numbers.,G7-M2-L4,KAKOOMA®,lesson,FALSE,7 M2 Lesson 4: KAKOOMA®,Connecticut grade 7 Alignment Guide.docx
ccss,7,standard,7.NS.A.1.d,Apply properties of operations as strategies to add and subtract rational numbers.,G7-M2-L5,Decomposing Rational Numbers to Make Addition More Efficient,lesson,FALSE,7 M2 Lesson 5: Decomposing Rational Numbers to Make Addition More Efficient,Connecticut grade 7 Alignment Guide.docx
ccss,7,standard,7.NS.A.1.d,Apply properties of operations as strategies to add and subtract rational numbers.,G7-M2-L6,Adding Rational Numbers,lesson,FALSE,7 M2 Lesson 6: Adding Rational Numbers,Connecticut grade 7 Alignment Guide.docx
ccss,7,standard,7.NS.A.1.d,Apply properties of operations as strategies to add and subtract rational numbers.,G7-M2-L9,"Subtracting Integers, Part 2",lesson,FALSE,"7 M2 Lesson 9: Subtracting Integers, Part 2",Connecticut grade 7 Alignment Guide.docx
ccss,7,standard,7.NS.A.2.b,"Understand that integers can be divided, provided that the divisor is not zero, and every quotient of integers (with non-zero divisor) is a rational number. If 𝘱 and 𝘲 are integers, then –(𝑝/𝑞) = (–𝑝)/𝑞 = 𝑝/(–𝑞). Interpret quotients of rational numbers by describing real-world contexts.",G7-M2-L18,Understanding Negative Divisors,lesson,FALSE,7 M2 Lesson 18: Understanding Negative Divisors,Connecticut grade 7 Alignment Guide.docx
ccss,7,standard,7.NS.A.2.b,"Understand that integers can be divided, provided that the divisor is not zero, and every quotient of integers (with non-zero divisor) is a rational number. If 𝘱 and 𝘲 are integers, then –(𝑝/𝑞) = (–𝑝)/𝑞 = 𝑝/(–𝑞). Interpret quotients of rational numbers by describing real-world contexts.",G7-M2-L21,Comparing and Ordering Rational Numbers,lesson,FALSE,7 M2 Lesson 21: Comparing and Ordering Rational Numbers,Connecticut grade 7 Alignment Guide.docx
ccss,7,standard,7.NS.A.2.c,Apply properties of operations as strategies to multiply and divide rational numbers.,G7-M2-L17,Understanding Negative Dividends,lesson,FALSE,7 M2 Lesson 17: Understanding Negative Dividends,Connecticut grade 7 Alignment Guide.docx
ccss,7,standard,7.NS.A.2.c,Apply properties of operations as strategies to multiply and divide rational numbers.,G7-M2-L18,Understanding Negative Divisors,lesson,FALSE,7 M2 Lesson 18: Understanding Negative Divisors,Connecticut grade 7 Alignment Guide.docx
ccss,7,standard,7.NS.A.2.c,Apply properties of operations as strategies to multiply and divide rational numbers.,G7-M2-L22,Multiplication and Division Expressions,lesson,FALSE,7 M2 Lesson 22: Multiplication and Division Expressions,Connecticut grade 7 Alignment Guide.docx
ccss,7,standard,7.NS.A.2.c,Apply properties of operations as strategies to multiply and divide rational numbers.,G7-M2-L24,Order of Operations with Rational Numbers,lesson,FALSE,7 M2 Lesson 24: Order of Operations with Rational Numbers,Connecticut grade 7 Alignment Guide.docx
ccss,7,standard,7.NS.A.2.d,Convert a rational number to a decimal using long division; know that the decimal form of a rational number terminates in 0s or eventually repeats.,G7-M2-L19,"Rational Numbers as Decimals, Part 1",lesson,FALSE,"7 M2 Lesson 19: Rational Numbers as Decimals, Part 1",Connecticut grade 7 Alignment Guide.docx
ccss,7,standard,7.NS.A.2.d,Convert a rational number to a decimal using long division; know that the decimal form of a rational number terminates in 0s or eventually repeats.,G7-M2-L20,"Rational Numbers as Decimals, Part 2",lesson,FALSE,"7 M2 Lesson 20: Rational Numbers as Decimals, Part 2",Connecticut grade 7 Alignment Guide.docx
ccss,7,standard,7.NS.A.2.d,Convert a rational number to a decimal using long division; know that the decimal form of a rational number terminates in 0s or eventually repeats.,G7-M2-L21,Comparing and Ordering Rational Numbers,lesson,FALSE,7 M2 Lesson 21: Comparing and Ordering Rational Numbers,Connecticut grade 7 Alignment Guide.docx
ccss,7,standard,7.NS.A.3,Solve real-world and mathematical problems involving the four operations with rational numbers.,G7-M2-L25,"Writing and Evaluating Expressions with Rational Numbers, Part 1",lesson,FALSE,"7 M2 Lesson 25: Writing and Evaluating Expressions with Rational Numbers, Part 1",Connecticut grade 7 Alignment Guide.docx
ccss,7,standard,7.NS.A.3,Solve real-world and mathematical problems involving the four operations with rational numbers.,G7-M2-L26,"Writing and Evaluating Expressions with Rational Numbers, Part 2",lesson,FALSE,"7 M2 Lesson 26: Writing and Evaluating Expressions with Rational Numbers, Part 2",Connecticut grade 7 Alignment Guide.docx
ccss,7,domain,7.RP,Ratios and Proportional Relationships,,,,,,Connecticut grade 7 Alignment Guide.docx
ccss,7,cluster,7.RP.A,Analyze proportional relationships and use them to solve real-world and mathematical problems.,,,,,,Connecticut grade 7 Alignment Guide.docx
ccss,7,standard,7.RP.A.1,"Compute unit rates associated with ratios of fractions, including ratios of lengths, areas and other quantities measured in like or different units.",G7-M1-L1,An Experiment with Ratios and Rates,lesson,FALSE,7 M1 Lesson 1: An Experiment with Ratios and Rates,Connecticut grade 7 Alignment Guide.docx
ccss,7,standard,7.RP.A.1,"Compute unit rates associated with ratios of fractions, including ratios of lengths, areas and other quantities measured in like or different units.",G7-M1-L2,Exploring Tables of Proportional Relationships,lesson,FALSE,7 M1 Lesson 2: Exploring Tables of Proportional Relationships,Connecticut grade 7 Alignment Guide.docx
ccss,7,standard,7.RP.A.1,"Compute unit rates associated with ratios of fractions, including ratios of lengths, areas and other quantities measured in like or different units.",G7-M1-L3,Identifying Proportional Relationships in Tables,lesson,FALSE,7 M1 Lesson 3: Identifying Proportional Relationships in Tables,Connecticut grade 7 Alignment Guide.docx
ccss,7,standard,7.RP.A.2.a,"Decide whether two quantities are in a proportional relationship, e.g., by testing for equivalent ratios in a table or graphing on a coordinate plane and observing whether the graph is a straight line through the origin.",G7-M1-L14,Extreme Bicycles,lesson,FALSE,7 M1 Lesson 14: Extreme Bicycles,Connecticut grade 7 Alignment Guide.docx
ccss,7,standard,7.RP.A.2.b,"Identify the constant of proportionality (unit rate) in tables, graphs, equations, diagrams, and verbal descriptions of proportional relationships.",G7-M1-L11,Constant Rates,lesson,FALSE,7 M1 Lesson 11: Constant Rates,Connecticut grade 7 Alignment Guide.docx
ccss,7,standard,7.RP.A.2.b,"Identify the constant of proportionality (unit rate) in tables, graphs, equations, diagrams, and verbal descriptions of proportional relationships.",G7-M1-L12,"Multi-Step Ratio Problems, Part 1",lesson,FALSE,"7 M1 Lesson 12: Multi-Step Ratio Problems, Part 1",Connecticut grade 7 Alignment Guide.docx
ccss,7,standard,7.RP.A.2.b,"Identify the constant of proportionality (unit rate) in tables, graphs, equations, diagrams, and verbal descriptions of proportional relationships.",G7-M1-L13,"Multi-Step Ratio Problems, Part 2",lesson,FALSE,"7 M1 Lesson 13: Multi-Step Ratio Problems, Part 2",Connecticut grade 7 Alignment Guide.docx
ccss,7,standard,7.RP.A.2.b,"Identify the constant of proportionality (unit rate) in tables, graphs, equations, diagrams, and verbal descriptions of proportional relationships.",G7-M1-L16,Using a Scale Factor,lesson,FALSE,7 M1 Lesson 16: Using a Scale Factor,Connecticut grade 7 Alignment Guide.docx
ccss,7,standard,7.RP.A.2.b,"Identify the constant of proportionality (unit rate) in tables, graphs, equations, diagrams, and verbal descriptions of proportional relationships.",G7-M1-L18,Relating Areas of Scale Drawings,lesson,FALSE,7 M1 Lesson 18: Relating Areas of Scale Drawings,Connecticut grade 7 Alignment Guide.docx
ccss,7,standard,7.RP.A.2.b,"Identify the constant of proportionality (unit rate) in tables, graphs, equations, diagrams, and verbal descriptions of proportional relationships.",G7-M1-L4,Exploring Graphs of Proportional Relationships,lesson,FALSE,7 M1 Lesson 4: Exploring Graphs of Proportional Relationships,Connecticut grade 7 Alignment Guide.docx
ccss,7,standard,7.RP.A.2.b,"Identify the constant of proportionality (unit rate) in tables, graphs, equations, diagrams, and verbal descriptions of proportional relationships.",G7-M1-L5,Analyzing Graphs of Proportional Relationships,lesson,FALSE,7 M1 Lesson 5: Analyzing Graphs of Proportional Relationships,Connecticut grade 7 Alignment Guide.docx
ccss,7,standard,7.RP.A.2.b,"Identify the constant of proportionality (unit rate) in tables, graphs, equations, diagrams, and verbal descriptions of proportional relationships.",G7-M1-L6,Identifying Proportional Relationships in Written Descriptions,lesson,FALSE,7 M1 Lesson 6: Identifying Proportional Relationships in Written Descriptions,Connecticut grade 7 Alignment Guide.docx
ccss,7,standard,7.RP.A.2.b,"Identify the constant of proportionality (unit rate) in tables, graphs, equations, diagrams, and verbal descriptions of proportional relationships.",G7-M1-L8,Relating Representations of Proportional Relationships,lesson,FALSE,7 M1 Lesson 8: Relating Representations of Proportional Relationships,Connecticut grade 7 Alignment Guide.docx
ccss,7,standard,7.RP.A.2.b,"Identify the constant of proportionality (unit rate) in tables, graphs, equations, diagrams, and verbal descriptions of proportional relationships.",G7-M1-L9,Comparing Proportional Relationships,lesson,FALSE,7 M1 Lesson 9: Comparing Proportional Relationships,Connecticut grade 7 Alignment Guide.docx
ccss,7,standard,7.RP.A.2.c,Represent proportional relationships by equations.,G7-M1-L10,Applying Proportional Reasoning,lesson,FALSE,7 M1 Lesson 10: Applying Proportional Reasoning,Connecticut grade 7 Alignment Guide.docx
ccss,7,standard,7.RP.A.2.c,Represent proportional relationships by equations.,G7-M1-L11,Constant Rates,lesson,FALSE,7 M1 Lesson 11: Constant Rates,Connecticut grade 7 Alignment Guide.docx
ccss,7,standard,7.RP.A.2.c,Represent proportional relationships by equations.,G7-M1-L12,"Multi-Step Ratio Problems, Part 1",lesson,FALSE,"7 M1 Lesson 12: Multi-Step Ratio Problems, Part 1",Connecticut grade 7 Alignment Guide.docx
ccss,7,standard,7.RP.A.2.c,Represent proportional relationships by equations.,G7-M1-L13,"Multi-Step Ratio Problems, Part 2",lesson,FALSE,"7 M1 Lesson 13: Multi-Step Ratio Problems, Part 2",Connecticut grade 7 Alignment Guide.docx
ccss,7,standard,7.RP.A.2.c,Represent proportional relationships by equations.,G7-M1-L2,Exploring Tables of Proportional Relationships,lesson,FALSE,7 M1 Lesson 2: Exploring Tables of Proportional Relationships,Connecticut grade 7 Alignment Guide.docx
ccss,7,standard,7.RP.A.2.c,Represent proportional relationships by equations.,G7-M1-L3,Identifying Proportional Relationships in Tables,lesson,FALSE,7 M1 Lesson 3: Identifying Proportional Relationships in Tables,Connecticut grade 7 Alignment Guide.docx
ccss,7,standard,7.RP.A.2.c,Represent proportional relationships by equations.,G7-M1-L8,Relating Representations of Proportional Relationships,lesson,FALSE,7 M1 Lesson 8: Relating Representations of Proportional Relationships,Connecticut grade 7 Alignment Guide.docx
ccss,7,standard,7.RP.A.2.c,Represent proportional relationships by equations.,G7-M5-L1,Proportionality and Scale Factor,lesson,FALSE,7 M5 Lesson 1: Proportionality and Scale Factor,Connecticut grade 7 Alignment Guide.docx
ccss,7,standard,7.RP.A.2.c,Represent proportional relationships by equations.,G7-M5-L4,Proportion and Percent,lesson,FALSE,7 M5 Lesson 4: Proportion and Percent,Connecticut grade 7 Alignment Guide.docx
ccss,7,standard,7.RP.A.2.c,Represent proportional relationships by equations.,G7-M5-L5,Common Denominators or Common Numerators,lesson,FALSE,7 M5 Lesson 5: Common Denominators or Common Numerators,Connecticut grade 7 Alignment Guide.docx
ccss,7,standard,7.RP.A.2.d,"Explain what a point (𝑥, 𝑦) on the graph of a proportional relationship means in terms of the situation, with special attention to the points (0, 0) and (1, 𝑟) where 𝑟 is the unit rate.",G7-M1-L4,Exploring Graphs of Proportional Relationships,lesson,FALSE,7 M1 Lesson 4: Exploring Graphs of Proportional Relationships,Connecticut grade 7 Alignment Guide.docx
ccss,7,standard,7.RP.A.2.d,"Explain what a point (𝑥, 𝑦) on the graph of a proportional relationship means in terms of the situation, with special attention to the points (0, 0) and (1, 𝑟) where 𝑟 is the unit rate.",G7-M1-L5,Analyzing Graphs of Proportional Relationships,lesson,FALSE,7 M1 Lesson 5: Analyzing Graphs of Proportional Relationships,Connecticut grade 7 Alignment Guide.docx
ccss,7,standard,7.RP.A.2.d,"Explain what a point (𝑥, 𝑦) on the graph of a proportional relationship means in terms of the situation, with special attention to the points (0, 0) and (1, 𝑟) where 𝑟 is the unit rate.",G7-M1-L9,Comparing Proportional Relationships,lesson,FALSE,7 M1 Lesson 9: Comparing Proportional Relationships,Connecticut grade 7 Alignment Guide.docx
ccss,7,standard,7.RP.A.3,Use proportional relationships to solve multistep ratio and percent problems.,G7-M1-L10,Applying Proportional Reasoning,lesson,FALSE,7 M1 Lesson 10: Applying Proportional Reasoning,Connecticut grade 7 Alignment Guide.docx
ccss,7,standard,7.RP.A.3,Use proportional relationships to solve multistep ratio and percent problems.,G7-M1-L11,Constant Rates,lesson,FALSE,7 M1 Lesson 11: Constant Rates,Connecticut grade 7 Alignment Guide.docx
ccss,7,standard,7.RP.A.3,Use proportional relationships to solve multistep ratio and percent problems.,G7-M1-L12,"Multi-Step Ratio Problems, Part 1",lesson,FALSE,"7 M1 Lesson 12: Multi-Step Ratio Problems, Part 1",Connecticut grade 7 Alignment Guide.docx
ccss,7,standard,7.RP.A.3,Use proportional relationships to solve multistep ratio and percent problems.,G7-M1-L13,"Multi-Step Ratio Problems, Part 2",lesson,FALSE,"7 M1 Lesson 13: Multi-Step Ratio Problems, Part 2",Connecticut grade 7 Alignment Guide.docx
ccss,7,standard,7.RP.A.3,Use proportional relationships to solve multistep ratio and percent problems.,G7-M1-L7,Handstand Sprint,lesson,FALSE,7 M1 Lesson 7: Handstand Sprint,Connecticut grade 7 Alignment Guide.docx
ccss,7,standard,7.RP.A.3,Use proportional relationships to solve multistep ratio and percent problems.,G7-M5-L10,Percent Increase,lesson,FALSE,7 M5 Lesson 10: Percent Increase,Connecticut grade 7 Alignment Guide.docx
ccss,7,standard,7.RP.A.3,Use proportional relationships to solve multistep ratio and percent problems.,G7-M5-L11,Percent Decrease,lesson,FALSE,7 M5 Lesson 11: Percent Decrease,Connecticut grade 7 Alignment Guide.docx
ccss,7,standard,7.RP.A.3,Use proportional relationships to solve multistep ratio and percent problems.,G7-M5-L12,More Discounts,lesson,FALSE,7 M5 Lesson 12: More Discounts,Connecticut grade 7 Alignment Guide.docx
ccss,7,standard,7.RP.A.3,Use proportional relationships to solve multistep ratio and percent problems.,G7-M5-L13,What Is the Best Deal?,lesson,FALSE,7 M5 Lesson 13: What Is the Best Deal?,Connecticut grade 7 Alignment Guide.docx
ccss,7,standard,7.RP.A.3,Use proportional relationships to solve multistep ratio and percent problems.,G7-M5-L2,Racing for Percents,lesson,FALSE,7 M5 Lesson 2: Racing for Percents,Connecticut grade 7 Alignment Guide.docx
ccss,7,standard,7.RP.A.3,Use proportional relationships to solve multistep ratio and percent problems.,G7-M5-L20,"Making Money, Day 1",lesson,FALSE,"7 M5 Lesson 20: Making Money, Day 1",Connecticut grade 7 Alignment Guide.docx
ccss,7,standard,7.RP.A.3,Use proportional relationships to solve multistep ratio and percent problems.,G7-M5-L21,"Making Money, Day 2",lesson,FALSE,"7 M5 Lesson 21: Making Money, Day 2",Connecticut grade 7 Alignment Guide.docx
ccss,7,standard,7.RP.A.3,Use proportional relationships to solve multistep ratio and percent problems.,G7-M5-L22,Making Mixtures,lesson,FALSE,7 M5 Lesson 22: Making Mixtures,Connecticut grade 7 Alignment Guide.docx
ccss,7,standard,7.RP.A.3,Use proportional relationships to solve multistep ratio and percent problems.,G7-M5-L23,Percents of Percents,lesson,FALSE,7 M5 Lesson 23: Percents of Percents,Connecticut grade 7 Alignment Guide.docx
ccss,7,standard,7.RP.A.3,Use proportional relationships to solve multistep ratio and percent problems.,G7-M5-L3,Percent as a Rate per 100,lesson,FALSE,7 M5 Lesson 3: Percent as a Rate per 100,Connecticut grade 7 Alignment Guide.docx
ccss,7,standard,7.RP.A.3,Use proportional relationships to solve multistep ratio and percent problems.,G7-M5-L4,Proportion and Percent,lesson,FALSE,7 M5 Lesson 4: Proportion and Percent,Connecticut grade 7 Alignment Guide.docx
ccss,7,standard,7.RP.A.3,Use proportional relationships to solve multistep ratio and percent problems.,G7-M5-L5,Common Denominators or Common Numerators,lesson,FALSE,7 M5 Lesson 5: Common Denominators or Common Numerators,Connecticut grade 7 Alignment Guide.docx
ccss,7,domain,7.SP,Statistics and Probability,,,,,,Connecticut grade 7 Alignment Guide.docx
ccss,7,domain,7.SP,Statistics and Probability,,,,,,Connecticut grade 7 Alignment Guide.docx
ccss,7,domain,7.SP,Statistics and Probability,,,,,,Connecticut grade 7 Alignment Guide.docx
ccss,7,cluster,7.SP.A,Use random sampling to draw inferences about a population.,,,,,,Connecticut grade 7 Alignment Guide.docx
ccss,7,standard,7.SP.A.1,Understand that statistics can be used to gain information about a population by examining a sample of the population; generalizations about a population from a sample are valid only if the sample is representative of that population. Understand that random sampling tends to produce representative samples and support valid inferences.,G7-M6-L11,Populations and Samples,lesson,FALSE,7 M6 Lesson 11: Populations and Samples,Connecticut grade 7 Alignment Guide.docx
ccss,7,standard,7.SP.A.1,Understand that statistics can be used to gain information about a population by examining a sample of the population; generalizations about a population from a sample are valid only if the sample is representative of that population. Understand that random sampling tends to produce representative samples and support valid inferences.,G7-M6-L12,Selecting a Sample,lesson,FALSE,7 M6 Lesson 12: Selecting a Sample,Connecticut grade 7 Alignment Guide.docx
ccss,7,standard,7.SP.A.1,Understand that statistics can be used to gain information about a population by examining a sample of the population; generalizations about a population from a sample are valid only if the sample is representative of that population. Understand that random sampling tends to produce representative samples and support valid inferences.,G7-M6-L13,Variability Between Samples,lesson,FALSE,7 M6 Lesson 13: Variability Between Samples,Connecticut grade 7 Alignment Guide.docx
ccss,7,standard,7.SP.A.1,Understand that statistics can be used to gain information about a population by examining a sample of the population; generalizations about a population from a sample are valid only if the sample is representative of that population. Understand that random sampling tends to produce representative samples and support valid inferences.,G7-M6-L14,Sampling Variability When Estimating a Population Mean,lesson,FALSE,7 M6 Lesson 14: Sampling Variability When Estimating a Population Mean,Connecticut grade 7 Alignment Guide.docx
ccss,7,standard,7.SP.A.2,Use data from a random sample to draw inferences about a population with an unknown characteristic of interest. Generate multiple samples (or simulated samples) of the same size to gauge the variation in estimates or predictions.,G7-M6-L13,Variability Between Samples,lesson,FALSE,7 M6 Lesson 13: Variability Between Samples,Connecticut grade 7 Alignment Guide.docx
ccss,7,standard,7.SP.A.2,Use data from a random sample to draw inferences about a population with an unknown characteristic of interest. Generate multiple samples (or simulated samples) of the same size to gauge the variation in estimates or predictions.,G7-M6-L14,Sampling Variability When Estimating a Population Mean,lesson,FALSE,7 M6 Lesson 14: Sampling Variability When Estimating a Population Mean,Connecticut grade 7 Alignment Guide.docx
ccss,7,standard,7.SP.A.2,Use data from a random sample to draw inferences about a population with an unknown characteristic of interest. Generate multiple samples (or simulated samples) of the same size to gauge the variation in estimates or predictions.,G7-M6-L15,Sampling Variability and the Effect of Sample Size,lesson,FALSE,7 M6 Lesson 15: Sampling Variability and the Effect of Sample Size,Connecticut grade 7 Alignment Guide.docx
ccss,7,standard,7.SP.A.2,Use data from a random sample to draw inferences about a population with an unknown characteristic of interest. Generate multiple samples (or simulated samples) of the same size to gauge the variation in estimates or predictions.,G7-M6-L16,Sampling Variability When Estimating a Population Proportion,lesson,FALSE,7 M6 Lesson 16: Sampling Variability When Estimating a Population Proportion,Connecticut grade 7 Alignment Guide.docx
ccss,7,cluster,7.SP.B,Draw informal comparative inferences about two populations.,,,,,,Connecticut grade 7 Alignment Guide.docx
ccss,7,cluster,7.SP.C,"Investigate chance processes and develop, use, and evaluate probability models.",,,,,,Connecticut grade 7 Alignment Guide.docx
ccss,7,standard,7.SP.C.5,"Understand that the probability of a chance event is a number between 0 and 1 that expresses the likelihood of the event occurring. Larger numbers indicate greater likelihood. A probability near 0 indicates an unlikely event, a probability around 1/2 indicates an event that is neither unlikely nor likely, and a probability near 1 indicates a likely event.",G7-M6-L1,What is Probability?,lesson,FALSE,7 M6 Lesson 1: What is Probability?,Connecticut grade 7 Alignment Guide.docx
ccss,7,standard,7.SP.C.6,"Approximate the probability of a chance event by collecting data on the chance process that produces it and observing its long-run relative frequency, and predict the approximate relative frequency given the probability.",G7-M6-L2,Empirical Probability,lesson,FALSE,7 M6 Lesson 2: Empirical Probability,Connecticut grade 7 Alignment Guide.docx
ccss,7,standard,7.SP.C.6,"Approximate the probability of a chance event by collecting data on the chance process that produces it and observing its long-run relative frequency, and predict the approximate relative frequency given the probability.",G7-M6-L3,Outcomes of Chance Experiments,lesson,FALSE,7 M6 Lesson 3: Outcomes of Chance Experiments,Connecticut grade 7 Alignment Guide.docx
ccss,7,standard,7.SP.C.6,"Approximate the probability of a chance event by collecting data on the chance process that produces it and observing its long-run relative frequency, and predict the approximate relative frequency given the probability.",G7-M6-L6,Outcomes That Are Not Equally Likely,lesson,FALSE,7 M6 Lesson 6: Outcomes That Are Not Equally Likely,Connecticut grade 7 Alignment Guide.docx
ccss,7,standard,7.SP.C.6,"Approximate the probability of a chance event by collecting data on the chance process that produces it and observing its long-run relative frequency, and predict the approximate relative frequency given the probability.",G7-M6-L8,Picking Blue,lesson,FALSE,7 M6 Lesson 8: Picking Blue,Connecticut grade 7 Alignment Guide.docx
ccss,7,standard,7.SP.C.7.a,"Develop a uniform probability model by assigning equal probability to all outcomes, and use the model to determine probabilities of events.",G7-M6-L4,Theoretical Probability,lesson,FALSE,7 M6 Lesson 4: Theoretical Probability,Connecticut grade 7 Alignment Guide.docx
ccss,7,standard,7.SP.C.7.a,"Develop a uniform probability model by assigning equal probability to all outcomes, and use the model to determine probabilities of events.",G7-M6-L7,The Law of Large Numbers,lesson,FALSE,7 M6 Lesson 7: The Law of Large Numbers,Connecticut grade 7 Alignment Guide.docx
ccss,7,standard,7.SP.C.7.b,Develop a probability model (which may not be uniform) by observing frequencies in data generated from a chance process.,G7-M6-L7,The Law of Large Numbers,lesson,FALSE,7 M6 Lesson 7: The Law of Large Numbers,Connecticut grade 7 Alignment Guide.docx
ccss,7,standard,7.SP.C.7.b,Develop a probability model (which may not be uniform) by observing frequencies in data generated from a chance process.,G7-M6-L8,Picking Blue,lesson,FALSE,7 M6 Lesson 8: Picking Blue,Connecticut grade 7 Alignment Guide.docx
ccss,7,standard,7.SP.C.8.a,"Understand that, just as with simple events, the probability of a compound event is the fraction of outcomes in the sample space for which the compound event occurs.",G7-M6-L5,Multistage Experiments,lesson,FALSE,7 M6 Lesson 5: Multistage Experiments,Connecticut grade 7 Alignment Guide.docx
ccss,7,standard,7.SP.C.8.b,"Represent sample spaces for compound events using methods such as organized lists, tables and tree diagrams. For an event described in everyday language (e.g., “rolling double sixes”), identify the outcomes in the sample space which compose the event.",G7-M6-L5,Multistage Experiments,lesson,FALSE,7 M6 Lesson 5: Multistage Experiments,Connecticut grade 7 Alignment Guide.docx
ccss,8,domain,8.EE,Expressions and Equations,,,,,,Connecticut grade 8 Alignment Guide.docx
ccss,8,domain,8.EE,Expressions and Equations,,,,,,Connecticut grade 8 Alignment Guide.docx
ccss,8,domain,8.EE,Expressions and Equations,,,,,,Connecticut grade 8 Alignment Guide.docx
ccss,8,cluster,8.EE.A,Work with radicals and integer exponents.,,,,,,Connecticut grade 8 Alignment Guide.docx
ccss,8,standard,8.EE.A.2,"Use square root and cube root symbols to represent solutions to equations of the form 𝑥² = 𝑝 and 𝑥³ = 𝑝, where 𝑝 is a positive rational number. Evaluate square roots of small perfect squares and cube roots of small perfect cubes. Know that √2 is irrational.",G8-M1-L16,Perfect Squares and Perfect Cubes,lesson,FALSE,8 M1 Lesson 16: Perfect Squares and Perfect Cubes,Connecticut grade 8 Alignment Guide.docx
ccss,8,standard,8.EE.A.2,"Use square root and cube root symbols to represent solutions to equations of the form 𝑥² = 𝑝 and 𝑥³ = 𝑝, where 𝑝 is a positive rational number. Evaluate square roots of small perfect squares and cube roots of small perfect cubes. Know that √2 is irrational.",G8-M1-L17,Solving Equations with Squares and Cubes,lesson,FALSE,8 M1 Lesson 17: Solving Equations with Squares and Cubes,Connecticut grade 8 Alignment Guide.docx
ccss,8,standard,8.EE.A.2,"Use square root and cube root symbols to represent solutions to equations of the form 𝑥² = 𝑝 and 𝑥³ = 𝑝, where 𝑝 is a positive rational number. Evaluate square roots of small perfect squares and cube roots of small perfect cubes. Know that √2 is irrational.",G8-M1-L20,Square Roots,lesson,FALSE,8 M1 Lesson 20: Square Roots,Connecticut grade 8 Alignment Guide.docx
ccss,8,standard,8.EE.A.2,"Use square root and cube root symbols to represent solutions to equations of the form 𝑥² = 𝑝 and 𝑥³ = 𝑝, where 𝑝 is a positive rational number. Evaluate square roots of small perfect squares and cube roots of small perfect cubes. Know that √2 is irrational.",G8-M1-L22,Familiar and Not So Familiar Numbers,lesson,FALSE,8 M1 Lesson 22: Familiar and Not So Familiar Numbers,Connecticut grade 8 Alignment Guide.docx
ccss,8,standard,8.EE.A.2,"Use square root and cube root symbols to represent solutions to equations of the form 𝑥² = 𝑝 and 𝑥³ = 𝑝, where 𝑝 is a positive rational number. Evaluate square roots of small perfect squares and cube roots of small perfect cubes. Know that √2 is irrational.",G8-M1-L24,Revisiting Equations with Squares and Cubes,lesson,FALSE,8 M1 Lesson 24: Revisiting Equations with Squares and Cubes,Connecticut grade 8 Alignment Guide.docx
ccss,8,standard,8.EE.A.3,"Use numbers expressed in the form of a single digit times an integer power of 10 to estimate very large or very small quantities, and to express how many times as much one is than the other.",G8-M1-L1,Large and Small Positive Numbers,lesson,FALSE,8 M1 Lesson 1: Large and Small Positive Numbers,Connecticut grade 8 Alignment Guide.docx
ccss,8,standard,8.EE.A.3,"Use numbers expressed in the form of a single digit times an integer power of 10 to estimate very large or very small quantities, and to express how many times as much one is than the other.",G8-M1-L11,Small Positive Numbers in Scientific Notation,lesson,FALSE,8 M1 Lesson 11: Small Positive Numbers in Scientific Notation,Connecticut grade 8 Alignment Guide.docx
ccss,8,standard,8.EE.A.3,"Use numbers expressed in the form of a single digit times an integer power of 10 to estimate very large or very small quantities, and to express how many times as much one is than the other.",G8-M1-L2,Comparing Large Numbers,lesson,FALSE,8 M1 Lesson 2: Comparing Large Numbers,Connecticut grade 8 Alignment Guide.docx
ccss,8,standard,8.EE.A.3,"Use numbers expressed in the form of a single digit times an integer power of 10 to estimate very large or very small quantities, and to express how many times as much one is than the other.",G8-M1-L3,Time to Be More Precise—Scientific Notation,lesson,FALSE,8 M1 Lesson 3: Time to Be More Precise—Scientific Notation,Connecticut grade 8 Alignment Guide.docx
ccss,8,standard,8.EE.A.3,"Use numbers expressed in the form of a single digit times an integer power of 10 to estimate very large or very small quantities, and to express how many times as much one is than the other.",G8-M1-L7,Making Sense of the Exponent of 0,lesson,FALSE,8 M1 Lesson 7: Making Sense of the Exponent of 0,Connecticut grade 8 Alignment Guide.docx
ccss,8,standard,8.EE.A.4,"Perform operations with numbers expressed in scientific notation, including problems where both decimal and scientific notation are used. Use scientific notation and choose units of appropriate size for measurements of very large or very small quantities (e.g., use millimeters per year for seafloor spreading). Interpret scientific notation that has been generated by technology.",G8-M1-L12,Operations with Numbers in Scientific Notation,lesson,FALSE,8 M1 Lesson 12: Operations with Numbers in Scientific Notation,Connecticut grade 8 Alignment Guide.docx
ccss,8,standard,8.EE.A.4,"Perform operations with numbers expressed in scientific notation, including problems where both decimal and scientific notation are used. Use scientific notation and choose units of appropriate size for measurements of very large or very small quantities (e.g., use millimeters per year for seafloor spreading). Interpret scientific notation that has been generated by technology.",G8-M1-L13,Applications with Numbers in Scientific Notation,lesson,FALSE,8 M1 Lesson 13: Applications with Numbers in Scientific Notation,Connecticut grade 8 Alignment Guide.docx
ccss,8,standard,8.EE.A.4,"Perform operations with numbers expressed in scientific notation, including problems where both decimal and scientific notation are used. Use scientific notation and choose units of appropriate size for measurements of very large or very small quantities (e.g., use millimeters per year for seafloor spreading). Interpret scientific notation that has been generated by technology.",G8-M1-L14,Choosing Units of Measurement,lesson,FALSE,8 M1 Lesson 14: Choosing Units of Measurement,Connecticut grade 8 Alignment Guide.docx
ccss,8,standard,8.EE.A.4,"Perform operations with numbers expressed in scientific notation, including problems where both decimal and scientific notation are used. Use scientific notation and choose units of appropriate size for measurements of very large or very small quantities (e.g., use millimeters per year for seafloor spreading). Interpret scientific notation that has been generated by technology.",G8-M1-L15,Get to the Point,lesson,FALSE,8 M1 Lesson 15: Get to the Point,Connecticut grade 8 Alignment Guide.docx
ccss,8,standard,8.EE.A.4,"Perform operations with numbers expressed in scientific notation, including problems where both decimal and scientific notation are used. Use scientific notation and choose units of appropriate size for measurements of very large or very small quantities (e.g., use millimeters per year for seafloor spreading). Interpret scientific notation that has been generated by technology.",G8-M1-L2,Comparing Large Numbers,lesson,FALSE,8 M1 Lesson 2: Comparing Large Numbers,Connecticut grade 8 Alignment Guide.docx
ccss,8,standard,8.EE.A.4,"Perform operations with numbers expressed in scientific notation, including problems where both decimal and scientific notation are used. Use scientific notation and choose units of appropriate size for measurements of very large or very small quantities (e.g., use millimeters per year for seafloor spreading). Interpret scientific notation that has been generated by technology.",G8-M1-L4,Adding and Subtracting Numbers Written in Scientific Notation,lesson,FALSE,8 M1 Lesson 4: Adding and Subtracting Numbers Written in Scientific Notation,Connecticut grade 8 Alignment Guide.docx
ccss,8,cluster,8.EE.B,"Understand the connections between proportional relationships, lines, and linear equations.",,,,,,Connecticut grade 8 Alignment Guide.docx
ccss,8,standard,8.EE.B.5,"Graph proportional relationships, interpreting the unit rate as the slope of the graph. Compare two different proportional relationships represented in different ways.",G8-M4-L15,Comparing Proportional Relationships,lesson,FALSE,8 M4 Lesson 15: Comparing Proportional Relationships,Connecticut grade 8 Alignment Guide.docx
ccss,8,standard,8.EE.B.5,"Graph proportional relationships, interpreting the unit rate as the slope of the graph. Compare two different proportional relationships represented in different ways.",G8-M4-L16,Proportional Relationships and Slope,lesson,FALSE,8 M4 Lesson 16: Proportional Relationships and Slope,Connecticut grade 8 Alignment Guide.docx
ccss,8,standard,8.EE.B.6,Use similar triangles to explain why the slope 𝑚 is the same between any two distinct points on a non-vertical line in the coordinate plane; derive the equation 𝑦 = 𝑚𝑥 for a line through the origin and the equation 𝑦 = 𝑚𝑥 + 𝑏 for a line intercepting the vertical axis at 𝑏.,G8-M3-L17,Similar Triangles on a Line,lesson,FALSE,8 M3 Lesson 17: Similar Triangles on a Line,Connecticut grade 8 Alignment Guide.docx
ccss,8,standard,8.EE.B.6,Use similar triangles to explain why the slope 𝑚 is the same between any two distinct points on a non-vertical line in the coordinate plane; derive the equation 𝑦 = 𝑚𝑥 for a line through the origin and the equation 𝑦 = 𝑚𝑥 + 𝑏 for a line intercepting the vertical axis at 𝑏.,G8-M4-L16,Proportional Relationships and Slope,lesson,FALSE,8 M4 Lesson 16: Proportional Relationships and Slope,Connecticut grade 8 Alignment Guide.docx
ccss,8,standard,8.EE.B.6,Use similar triangles to explain why the slope 𝑚 is the same between any two distinct points on a non-vertical line in the coordinate plane; derive the equation 𝑦 = 𝑚𝑥 for a line through the origin and the equation 𝑦 = 𝑚𝑥 + 𝑏 for a line intercepting the vertical axis at 𝑏.,G8-M4-L17,Slopes of Rising Lines,lesson,FALSE,8 M4 Lesson 17: Slopes of Rising Lines,Connecticut grade 8 Alignment Guide.docx
ccss,8,standard,8.EE.B.6,Use similar triangles to explain why the slope 𝑚 is the same between any two distinct points on a non-vertical line in the coordinate plane; derive the equation 𝑦 = 𝑚𝑥 for a line through the origin and the equation 𝑦 = 𝑚𝑥 + 𝑏 for a line intercepting the vertical axis at 𝑏.,G8-M4-L18,Slopes of Falling Lines,lesson,FALSE,8 M4 Lesson 18: Slopes of Falling Lines,Connecticut grade 8 Alignment Guide.docx
ccss,8,standard,8.EE.B.6,Use similar triangles to explain why the slope 𝑚 is the same between any two distinct points on a non-vertical line in the coordinate plane; derive the equation 𝑦 = 𝑚𝑥 for a line through the origin and the equation 𝑦 = 𝑚𝑥 + 𝑏 for a line intercepting the vertical axis at 𝑏.,G8-M4-L19,Using Coordinates to Find Slope,lesson,FALSE,8 M4 Lesson 19: Using Coordinates to Find Slope,Connecticut grade 8 Alignment Guide.docx
ccss,8,standard,8.EE.B.6,Use similar triangles to explain why the slope 𝑚 is the same between any two distinct points on a non-vertical line in the coordinate plane; derive the equation 𝑦 = 𝑚𝑥 for a line through the origin and the equation 𝑦 = 𝑚𝑥 + 𝑏 for a line intercepting the vertical axis at 𝑏.,G8-M4-L20,Slope-Intercept Form of the Equation of a Line,lesson,FALSE,8 M4 Lesson 20: Slope-Intercept Form of the Equation of a Line,Connecticut grade 8 Alignment Guide.docx
ccss,8,cluster,8.EE.C,Analyze and solve linear equations and pairs of simultaneous linear equations.,,,,,,Connecticut grade 8 Alignment Guide.docx
ccss,8,standard,8.EE.C.7,Solve linear equations in one variable.,G8-M4-L10,Using Linear Equations to Solve Real-World Problems,lesson,FALSE,8 M4 Lesson 10: Using Linear Equations to Solve Real-World Problems,Connecticut grade 8 Alignment Guide.docx
ccss,8,standard,8.EE.C.7,Solve linear equations in one variable.,G8-M4-L11,Planning a Trip,lesson,FALSE,8 M4 Lesson 11: Planning a Trip,Connecticut grade 8 Alignment Guide.docx
ccss,8,standard,8.EE.C.7,Solve linear equations in one variable.,G8-M4-L2,Solving Linear Equations,lesson,FALSE,8 M4 Lesson 2: Solving Linear Equations,Connecticut grade 8 Alignment Guide.docx
ccss,8,standard,8.EE.C.7,Solve linear equations in one variable.,G8-M4-L3,Solving Linear Equations with Rational Coefficients,lesson,FALSE,8 M4 Lesson 3: Solving Linear Equations with Rational Coefficients,Connecticut grade 8 Alignment Guide.docx
ccss,8,standard,8.EE.C.7,Solve linear equations in one variable.,G8-M4-L4,Using Linear Equations to Solve Problems,lesson,FALSE,8 M4 Lesson 4: Using Linear Equations to Solve Problems,Connecticut grade 8 Alignment Guide.docx
ccss,8,standard,8.EE.C.7.a,"Give examples of linear equations in one variable with one solution, infinitely many solutions, or no solutions. Show which of these possibilities is the case by successively transforming the given equation into simpler forms, until an equivalent equation of the form 𝑥 = 𝑎, 𝑎 = 𝑎, or 𝑎 = 𝑏 results (where 𝑎 and 𝑏 are different numbers).",G8-M4-L10,Using Linear Equations to Solve Real-World Problems,lesson,FALSE,8 M4 Lesson 10: Using Linear Equations to Solve Real-World Problems,Connecticut grade 8 Alignment Guide.docx
ccss,8,standard,8.EE.C.7.a,"Give examples of linear equations in one variable with one solution, infinitely many solutions, or no solutions. Show which of these possibilities is the case by successively transforming the given equation into simpler forms, until an equivalent equation of the form 𝑥 = 𝑎, 𝑎 = 𝑎, or 𝑎 = 𝑏 results (where 𝑎 and 𝑏 are different numbers).",G8-M4-L7,Linear Equations with More Than One Solution,lesson,FALSE,8 M4 Lesson 7: Linear Equations with More Than One Solution,Connecticut grade 8 Alignment Guide.docx
ccss,8,standard,8.EE.C.7.a,"Give examples of linear equations in one variable with one solution, infinitely many solutions, or no solutions. Show which of these possibilities is the case by successively transforming the given equation into simpler forms, until an equivalent equation of the form 𝑥 = 𝑎, 𝑎 = 𝑎, or 𝑎 = 𝑏 results (where 𝑎 and 𝑏 are different numbers).",G8-M4-L8,Another Possible Number of Solutions,lesson,FALSE,8 M4 Lesson 8: Another Possible Number of Solutions,Connecticut grade 8 Alignment Guide.docx
ccss,8,standard,8.EE.C.7.a,"Give examples of linear equations in one variable with one solution, infinitely many solutions, or no solutions. Show which of these possibilities is the case by successively transforming the given equation into simpler forms, until an equivalent equation of the form 𝑥 = 𝑎, 𝑎 = 𝑎, or 𝑎 = 𝑏 results (where 𝑎 and 𝑏 are different numbers).",G8-M4-L9,Writing Linear Equations,lesson,FALSE,8 M4 Lesson 9: Writing Linear Equations,Connecticut grade 8 Alignment Guide.docx
ccss,8,standard,8.EE.C.7.b,"Solve linear equations with rational number coefficients, including equations whose solutions require expanding expressions using the distributive property and collecting like terms.",G8-M4-L1,Equations,lesson,FALSE,8 M4 Lesson 1: Equations,Connecticut grade 8 Alignment Guide.docx
ccss,8,standard,8.EE.C.7.b,"Solve linear equations with rational number coefficients, including equations whose solutions require expanding expressions using the distributive property and collecting like terms.",G8-M4-L10,Using Linear Equations to Solve Real-World Problems,lesson,FALSE,8 M4 Lesson 10: Using Linear Equations to Solve Real-World Problems,Connecticut grade 8 Alignment Guide.docx
ccss,8,standard,8.EE.C.7.b,"Solve linear equations with rational number coefficients, including equations whose solutions require expanding expressions using the distributive property and collecting like terms.",G8-M4-L11,Planning a Trip,lesson,FALSE,8 M4 Lesson 11: Planning a Trip,Connecticut grade 8 Alignment Guide.docx
ccss,8,standard,8.EE.C.7.b,"Solve linear equations with rational number coefficients, including equations whose solutions require expanding expressions using the distributive property and collecting like terms.",G8-M4-L2,Solving Linear Equations,lesson,FALSE,8 M4 Lesson 2: Solving Linear Equations,Connecticut grade 8 Alignment Guide.docx
ccss,8,standard,8.EE.C.7.b,"Solve linear equations with rational number coefficients, including equations whose solutions require expanding expressions using the distributive property and collecting like terms.",G8-M4-L3,Solving Linear Equations with Rational Coefficients,lesson,FALSE,8 M4 Lesson 3: Solving Linear Equations with Rational Coefficients,Connecticut grade 8 Alignment Guide.docx
ccss,8,standard,8.EE.C.7.b,"Solve linear equations with rational number coefficients, including equations whose solutions require expanding expressions using the distributive property and collecting like terms.",G8-M4-L5,"An Interesting Application of Linear Equations, Part 1",lesson,FALSE,"8 M4 Lesson 5: An Interesting Application of Linear Equations, Part 1",Connecticut grade 8 Alignment Guide.docx
ccss,8,standard,8.EE.C.7.b,"Solve linear equations with rational number coefficients, including equations whose solutions require expanding expressions using the distributive property and collecting like terms.",G8-M4-L6,"An Interesting Application of Linear Equations, Part 2",lesson,FALSE,"8 M4 Lesson 6: An Interesting Application of Linear Equations, Part 2",Connecticut grade 8 Alignment Guide.docx
ccss,8,standard,8.EE.C.7.b,"Solve linear equations with rational number coefficients, including equations whose solutions require expanding expressions using the distributive property and collecting like terms.",G8-M4-L7,Linear Equations with More Than One Solution,lesson,FALSE,8 M4 Lesson 7: Linear Equations with More Than One Solution,Connecticut grade 8 Alignment Guide.docx
ccss,8,standard,8.EE.C.7.b,"Solve linear equations with rational number coefficients, including equations whose solutions require expanding expressions using the distributive property and collecting like terms.",G8-M4-L8,Another Possible Number of Solutions,lesson,FALSE,8 M4 Lesson 8: Another Possible Number of Solutions,Connecticut grade 8 Alignment Guide.docx
ccss,8,standard,8.EE.C.8.a,"Understand that solutions to a system of two linear equations in two variables correspond to points of intersection of their graphs, because points of intersection satisfy both equations simultaneously.",G8-M5-L10,Choosing a Solution Method,lesson,FALSE,8 M5 Lesson 10: Choosing a Solution Method,Connecticut grade 8 Alignment Guide.docx
ccss,8,standard,8.EE.C.8.a,"Understand that solutions to a system of two linear equations in two variables correspond to points of intersection of their graphs, because points of intersection satisfy both equations simultaneously.",G8-M5-L14,Back to the Coordinate Plane,lesson,FALSE,8 M5 Lesson 14: Back to the Coordinate Plane,Connecticut grade 8 Alignment Guide.docx
ccss,8,standard,8.EE.C.8.a,"Understand that solutions to a system of two linear equations in two variables correspond to points of intersection of their graphs, because points of intersection satisfy both equations simultaneously.",G8-M5-L7,The Substitution Method,lesson,FALSE,8 M5 Lesson 7: The Substitution Method,Connecticut grade 8 Alignment Guide.docx
ccss,8,standard,8.EE.C.8.b,"Solve systems of two linear equations in two variables algebraically, and estimate solutions by graphing the equations. Solve simple cases by inspection.",G8-M5-L1,Solving Problems with Equations and Their Graphs,lesson,FALSE,8 M5 Lesson 1: Solving Problems with Equations and Their Graphs,Connecticut grade 8 Alignment Guide.docx
ccss,8,standard,8.EE.C.8.b,"Solve systems of two linear equations in two variables algebraically, and estimate solutions by graphing the equations. Solve simple cases by inspection.",G8-M5-L3,Identifying Solutions,lesson,FALSE,8 M5 Lesson 3: Identifying Solutions,Connecticut grade 8 Alignment Guide.docx
ccss,8,standard,8.EE.C.8.b,"Solve systems of two linear equations in two variables algebraically, and estimate solutions by graphing the equations. Solve simple cases by inspection.",G8-M5-L4,More Than One Solution,lesson,FALSE,8 M5 Lesson 4: More Than One Solution,Connecticut grade 8 Alignment Guide.docx
ccss,8,standard,8.EE.C.8.b,"Solve systems of two linear equations in two variables algebraically, and estimate solutions by graphing the equations. Solve simple cases by inspection.",G8-M5-L5,Estimating Solutions,lesson,FALSE,8 M5 Lesson 5: Estimating Solutions,Connecticut grade 8 Alignment Guide.docx
ccss,8,standard,8.EE.C.8.c,Solve real-world and mathematical problems leading to two linear equations in two variables.,G8-M5-L1,Solving Problems with Equations and Their Graphs,lesson,FALSE,8 M5 Lesson 1: Solving Problems with Equations and Their Graphs,Connecticut grade 8 Alignment Guide.docx
ccss,8,domain,8.F,Functions,,,,,,Connecticut grade 8 Alignment Guide.docx
ccss,8,domain,8.F,Functions,,,,,,Connecticut grade 8 Alignment Guide.docx
ccss,8,cluster,8.F.A,"Define, evaluate, and compare functions.",,,,,,Connecticut grade 8 Alignment Guide.docx
ccss,8,standard,8.F.A.1,Understand that a function is a rule that assigns to each input exactly one output. The graph of a function is the set of ordered pairs consisting of an input and the corresponding output.,G8-M6-L1,Motion and Speed,lesson,FALSE,8 M6 Lesson 1: Motion and Speed,Connecticut grade 8 Alignment Guide.docx
ccss,8,standard,8.F.A.1,Understand that a function is a rule that assigns to each input exactly one output. The graph of a function is the set of ordered pairs consisting of an input and the corresponding output.,G8-M6-L2,Definition of a Function,lesson,FALSE,8 M6 Lesson 2: Definition of a Function,Connecticut grade 8 Alignment Guide.docx
ccss,8,standard,8.F.A.1,Understand that a function is a rule that assigns to each input exactly one output. The graph of a function is the set of ordered pairs consisting of an input and the corresponding output.,G8-M6-L4,More Examples of Functions,lesson,FALSE,8 M6 Lesson 4: More Examples of Functions,Connecticut grade 8 Alignment Guide.docx
ccss,8,standard,8.F.A.1,Understand that a function is a rule that assigns to each input exactly one output. The graph of a function is the set of ordered pairs consisting of an input and the corresponding output.,G8-M6-L5,Graphs of Functions and Equations,lesson,FALSE,8 M6 Lesson 5: Graphs of Functions and Equations,Connecticut grade 8 Alignment Guide.docx
ccss,8,standard,8.F.A.2,"Compare properties of two functions each represented in a different way (algebraically, graphically, numerically in tables, or by verbal descriptions).",G8-M6-L7,Interpreting Rate of Change and Initial Value,lesson,FALSE,8 M6 Lesson 7: Interpreting Rate of Change and Initial Value,Connecticut grade 8 Alignment Guide.docx
ccss,8,standard,8.F.A.2,"Compare properties of two functions each represented in a different way (algebraically, graphically, numerically in tables, or by verbal descriptions).",G8-M6-L8,Comparing Functions,lesson,FALSE,8 M6 Lesson 8: Comparing Functions,Connecticut grade 8 Alignment Guide.docx
ccss,8,standard,8.F.A.3,"Interpret the equation 𝑦 = 𝑚𝑥 + 𝑏 as defining a linear function, whose graph is a straight line; give examples of functions that are not linear.",G8-M6-L10,Graphs of Nonlinear Functions,lesson,FALSE,8 M6 Lesson 10: Graphs of Nonlinear Functions,Connecticut grade 8 Alignment Guide.docx
ccss,8,standard,8.F.A.3,"Interpret the equation 𝑦 = 𝑚𝑥 + 𝑏 as defining a linear function, whose graph is a straight line; give examples of functions that are not linear.",G8-M6-L3,Linear Functions and Proportionality,lesson,FALSE,8 M6 Lesson 3: Linear Functions and Proportionality,Connecticut grade 8 Alignment Guide.docx
ccss,8,standard,8.F.A.3,"Interpret the equation 𝑦 = 𝑚𝑥 + 𝑏 as defining a linear function, whose graph is a straight line; give examples of functions that are not linear.",G8-M6-L6,Linear Functions and Rate of Change,lesson,FALSE,8 M6 Lesson 6: Linear Functions and Rate of Change,Connecticut grade 8 Alignment Guide.docx
ccss,8,cluster,8.F.B,Use functions to model relationships between quantities.,,,,,,Connecticut grade 8 Alignment Guide.docx
ccss,8,standard,8.F.B.4,"Construct a function to model a linear relationship between two quantities. Determine the rate of change and initial value of the function from a description of a relationship or from two (𝑥, 𝑦) values, including reading these from a table or from a graph. Interpret the rate of change and initial value of a linear function in terms of the situation it models, and in terms of its graph or a table of values.",G8-M6-L25,Applications of Volume,lesson,FALSE,8 M6 Lesson 25: Applications of Volume,Connecticut grade 8 Alignment Guide.docx
ccss,8,standard,8.F.B.4,"Construct a function to model a linear relationship between two quantities. Determine the rate of change and initial value of the function from a description of a relationship or from two (𝑥, 𝑦) values, including reading these from a table or from a graph. Interpret the rate of change and initial value of a linear function in terms of the situation it models, and in terms of its graph or a table of values.",G8-M6-L6,Linear Functions and Rate of Change,lesson,FALSE,8 M6 Lesson 6: Linear Functions and Rate of Change,Connecticut grade 8 Alignment Guide.docx
ccss,8,standard,8.F.B.4,"Construct a function to model a linear relationship between two quantities. Determine the rate of change and initial value of the function from a description of a relationship or from two (𝑥, 𝑦) values, including reading these from a table or from a graph. Interpret the rate of change and initial value of a linear function in terms of the situation it models, and in terms of its graph or a table of values.",G8-M6-L7,Interpreting Rate of Change and Initial Value,lesson,FALSE,8 M6 Lesson 7: Interpreting Rate of Change and Initial Value,Connecticut grade 8 Alignment Guide.docx
ccss,8,standard,8.F.B.5,"Describe qualitatively the functional relationship between two quantities by analyzing a graph (e.g., where the function is increasing or decreasing, linear or nonlinear). Sketch a graph that exhibits the qualitative features of a function that has been described verbally.",G8-M6-L10,Graphs of Nonlinear Functions,lesson,FALSE,8 M6 Lesson 10: Graphs of Nonlinear Functions,Connecticut grade 8 Alignment Guide.docx
ccss,8,standard,8.F.B.5,"Describe qualitatively the functional relationship between two quantities by analyzing a graph (e.g., where the function is increasing or decreasing, linear or nonlinear). Sketch a graph that exhibits the qualitative features of a function that has been described verbally.",G8-M6-L9,Increasing and Decreasing Functions,lesson,FALSE,8 M6 Lesson 9: Increasing and Decreasing Functions,Connecticut grade 8 Alignment Guide.docx
ccss,8,domain,8.G,Geometry,,,,,,Connecticut grade 8 Alignment Guide.docx
ccss,8,domain,8.G,Geometry,,,,,,Connecticut grade 8 Alignment Guide.docx
ccss,8,domain,8.G,Geometry,,,,,,Connecticut grade 8 Alignment Guide.docx
ccss,8,cluster,8.G.A,"Understand congruence and similarity using physical models, transparencies, or geometry software.",,,,,,Connecticut grade 8 Alignment Guide.docx
ccss,8,standard,8.G.A.1.a,"Lines are taken to lines, and line segments to line segments of the same length.",G8-M2-L1,Motions of the Plane,lesson,FALSE,8 M2 Lesson 1: Motions of the Plane,Connecticut grade 8 Alignment Guide.docx
ccss,8,standard,8.G.A.1.a,"Lines are taken to lines, and line segments to line segments of the same length.",G8-M2-L2,Translations,lesson,FALSE,8 M2 Lesson 2: Translations,Connecticut grade 8 Alignment Guide.docx
ccss,8,standard,8.G.A.1.a,"Lines are taken to lines, and line segments to line segments of the same length.",G8-M2-L3,Reflections,lesson,FALSE,8 M2 Lesson 3: Reflections,Connecticut grade 8 Alignment Guide.docx
ccss,8,standard,8.G.A.1.a,"Lines are taken to lines, and line segments to line segments of the same length.",G8-M2-L5,Rotations,lesson,FALSE,8 M2 Lesson 5: Rotations,Connecticut grade 8 Alignment Guide.docx
ccss,8,standard,8.G.A.1.a,"Lines are taken to lines, and line segments to line segments of the same length.",G8-M2-L7,Working Backward,lesson,FALSE,8 M2 Lesson 7: Working Backward,Connecticut grade 8 Alignment Guide.docx
ccss,8,standard,8.G.A.1.a,"Lines are taken to lines, and line segments to line segments of the same length.",G8-M2-L8,Sequencing the Rigid Motions,lesson,FALSE,8 M2 Lesson 8: Sequencing the Rigid Motions,Connecticut grade 8 Alignment Guide.docx
ccss,8,standard,8.G.A.1.b,Angles are taken to angles of the same measure.,G8-M2-L1,Motions of the Plane,lesson,FALSE,8 M2 Lesson 1: Motions of the Plane,Connecticut grade 8 Alignment Guide.docx
ccss,8,standard,8.G.A.1.b,Angles are taken to angles of the same measure.,G8-M2-L2,Translations,lesson,FALSE,8 M2 Lesson 2: Translations,Connecticut grade 8 Alignment Guide.docx
ccss,8,standard,8.G.A.1.b,Angles are taken to angles of the same measure.,G8-M2-L3,Reflections,lesson,FALSE,8 M2 Lesson 3: Reflections,Connecticut grade 8 Alignment Guide.docx
ccss,8,standard,8.G.A.1.b,Angles are taken to angles of the same measure.,G8-M2-L5,Rotations,lesson,FALSE,8 M2 Lesson 5: Rotations,Connecticut grade 8 Alignment Guide.docx
ccss,8,standard,8.G.A.1.b,Angles are taken to angles of the same measure.,G8-M2-L7,Working Backward,lesson,FALSE,8 M2 Lesson 7: Working Backward,Connecticut grade 8 Alignment Guide.docx
ccss,8,standard,8.G.A.1.b,Angles are taken to angles of the same measure.,G8-M2-L8,Sequencing the Rigid Motions,lesson,FALSE,8 M2 Lesson 8: Sequencing the Rigid Motions,Connecticut grade 8 Alignment Guide.docx
ccss,8,standard,8.G.A.1.c,Parallel lines are taken to parallel lines.,G8-M2-L1,Motions of the Plane,lesson,FALSE,8 M2 Lesson 1: Motions of the Plane,Connecticut grade 8 Alignment Guide.docx
ccss,8,standard,8.G.A.1.c,Parallel lines are taken to parallel lines.,G8-M2-L2,Translations,lesson,FALSE,8 M2 Lesson 2: Translations,Connecticut grade 8 Alignment Guide.docx
ccss,8,standard,8.G.A.1.c,Parallel lines are taken to parallel lines.,G8-M2-L3,Reflections,lesson,FALSE,8 M2 Lesson 3: Reflections,Connecticut grade 8 Alignment Guide.docx
ccss,8,standard,8.G.A.1.c,Parallel lines are taken to parallel lines.,G8-M2-L5,Rotations,lesson,FALSE,8 M2 Lesson 5: Rotations,Connecticut grade 8 Alignment Guide.docx
ccss,8,standard,8.G.A.1.c,Parallel lines are taken to parallel lines.,G8-M2-L7,Working Backward,lesson,FALSE,8 M2 Lesson 7: Working Backward,Connecticut grade 8 Alignment Guide.docx
ccss,8,standard,8.G.A.1.c,Parallel lines are taken to parallel lines.,G8-M2-L8,Sequencing the Rigid Motions,lesson,FALSE,8 M2 Lesson 8: Sequencing the Rigid Motions,Connecticut grade 8 Alignment Guide.docx
ccss,8,standard,8.G.A.2,"Understand that a two-dimensional figure is congruent to another if the second can be obtained from the first by a sequence of rotations, reflections, and translations; given two congruent figures, describe a sequence that exhibits the congruence between them.",G8-M2-L12,Lines Cut by a Transversal,lesson,FALSE,8 M2 Lesson 12: Lines Cut by a Transversal,Connecticut grade 8 Alignment Guide.docx
ccss,8,standard,8.G.A.3,"Describe the effect of dilations, translations, rotations, and reflections on two-dimensional figures using coordinates.",G8-M2-L4,Translations and Reflections on the Coordinate Plane,lesson,FALSE,8 M2 Lesson 4: Translations and Reflections on the Coordinate Plane,Connecticut grade 8 Alignment Guide.docx
ccss,8,standard,8.G.A.3,"Describe the effect of dilations, translations, rotations, and reflections on two-dimensional figures using coordinates.",G8-M2-L6,Rotations on the Coordinate Plane,lesson,FALSE,8 M2 Lesson 6: Rotations on the Coordinate Plane,Connecticut grade 8 Alignment Guide.docx
ccss,8,standard,8.G.A.3,"Describe the effect of dilations, translations, rotations, and reflections on two-dimensional figures using coordinates.",G8-M2-L9,Ordering Sequences of Rigid Motions,lesson,FALSE,8 M2 Lesson 9: Ordering Sequences of Rigid Motions,Connecticut grade 8 Alignment Guide.docx
ccss,8,standard,8.G.A.3,"Describe the effect of dilations, translations, rotations, and reflections on two-dimensional figures using coordinates.",G8-M3-L10,Sequencing Transformations,lesson,FALSE,8 M3 Lesson 10: Sequencing Transformations,Connecticut grade 8 Alignment Guide.docx
ccss,8,standard,8.G.A.3,"Describe the effect of dilations, translations, rotations, and reflections on two-dimensional figures using coordinates.",G8-M3-L16,Similar Right Triangles,lesson,FALSE,8 M3 Lesson 16: Similar Right Triangles,Connecticut grade 8 Alignment Guide.docx
ccss,8,standard,8.G.A.3,"Describe the effect of dilations, translations, rotations, and reflections on two-dimensional figures using coordinates.",G8-M3-L9,Describing Dilations,lesson,FALSE,8 M3 Lesson 9: Describing Dilations,Connecticut grade 8 Alignment Guide.docx
ccss,8,standard,8.G.A.4,"Understand that a two-dimensional figure is similar to another if the second can be obtained from the first by a sequence of rotations, reflections, translations, and dilations; given two similar two-dimensional figures, describe a sequence that exhibits the similarity between them.",G8-M3-L11,Similar Figures,lesson,FALSE,8 M3 Lesson 11: Similar Figures,Connecticut grade 8 Alignment Guide.docx
ccss,8,standard,8.G.A.4,"Understand that a two-dimensional figure is similar to another if the second can be obtained from the first by a sequence of rotations, reflections, translations, and dilations; given two similar two-dimensional figures, describe a sequence that exhibits the similarity between them.",G8-M3-L12,Exploring Angles in Similar Triangles,lesson,FALSE,8 M3 Lesson 12: Exploring Angles in Similar Triangles,Connecticut grade 8 Alignment Guide.docx
ccss,8,standard,8.G.A.4,"Understand that a two-dimensional figure is similar to another if the second can be obtained from the first by a sequence of rotations, reflections, translations, and dilations; given two similar two-dimensional figures, describe a sequence that exhibits the similarity between them.",G8-M3-L13,Similar Triangles,lesson,FALSE,8 M3 Lesson 13: Similar Triangles,Connecticut grade 8 Alignment Guide.docx
ccss,8,standard,8.G.A.4,"Understand that a two-dimensional figure is similar to another if the second can be obtained from the first by a sequence of rotations, reflections, translations, and dilations; given two similar two-dimensional figures, describe a sequence that exhibits the similarity between them.",G8-M3-L17,Similar Triangles on a Line,lesson,FALSE,8 M3 Lesson 17: Similar Triangles on a Line,Connecticut grade 8 Alignment Guide.docx
ccss,8,standard,8.G.A.5,"Use informal arguments to establish facts about the angle sum and exterior angle of triangles, about the angles created when parallel lines are cut by a transversal, and the angle-angle criterion for similarity of triangles.",G8-M3-L12,Exploring Angles in Similar Triangles,lesson,FALSE,8 M3 Lesson 12: Exploring Angles in Similar Triangles,Connecticut grade 8 Alignment Guide.docx
ccss,8,standard,8.G.A.5,"Use informal arguments to establish facts about the angle sum and exterior angle of triangles, about the angles created when parallel lines are cut by a transversal, and the angle-angle criterion for similarity of triangles.",G8-M3-L13,Similar Triangles,lesson,FALSE,8 M3 Lesson 13: Similar Triangles,Connecticut grade 8 Alignment Guide.docx
ccss,8,standard,8.G.A.5,"Use informal arguments to establish facts about the angle sum and exterior angle of triangles, about the angles created when parallel lines are cut by a transversal, and the angle-angle criterion for similarity of triangles.",G8-M3-L14,Using Similar Figures to Find Unknown Side Lengths,lesson,FALSE,8 M3 Lesson 14: Using Similar Figures to Find Unknown Side Lengths,Connecticut grade 8 Alignment Guide.docx
ccss,8,standard,8.G.A.5,"Use informal arguments to establish facts about the angle sum and exterior angle of triangles, about the angles created when parallel lines are cut by a transversal, and the angle-angle criterion for similarity of triangles.",G8-M3-L15,Applications of Similar Figures,lesson,FALSE,8 M3 Lesson 15: Applications of Similar Figures,Connecticut grade 8 Alignment Guide.docx
ccss,8,standard,8.G.A.5,"Use informal arguments to establish facts about the angle sum and exterior angle of triangles, about the angles created when parallel lines are cut by a transversal, and the angle-angle criterion for similarity of triangles.",G8-M3-L16,Similar Right Triangles,lesson,FALSE,8 M3 Lesson 16: Similar Right Triangles,Connecticut grade 8 Alignment Guide.docx
ccss,8,cluster,8.G.B,Understand and apply the Pythagorean Theorem.,,,,,,Connecticut grade 8 Alignment Guide.docx
ccss,8,standard,8.G.B.6,Explain a proof of the Pythagorean Theorem and its converse.,G8-M2-L17,Proving the Pythagorean Theorem,lesson,FALSE,8 M2 Lesson 17: Proving the Pythagorean Theorem,Connecticut grade 8 Alignment Guide.docx
ccss,8,standard,8.G.B.6,Explain a proof of the Pythagorean Theorem and its converse.,G8-M2-L18,Proving the Converse of the Pythagorean Theorem,lesson,FALSE,8 M2 Lesson 18: Proving the Converse of the Pythagorean Theorem,Connecticut grade 8 Alignment Guide.docx
ccss,8,standard,8.G.B.6,Explain a proof of the Pythagorean Theorem and its converse.,G8-M2-L19,Using the Pythagorean Theorem and Its Converse,lesson,FALSE,8 M2 Lesson 19: Using the Pythagorean Theorem and Its Converse,Connecticut grade 8 Alignment Guide.docx
ccss,8,standard,8.G.B.7,Apply the Pythagorean Theorem to determine unknown side lengths in right triangles in real-world and mathematical problems in two and three dimensions.,G8-M1-L18,The Pythagorean Theorem,lesson,FALSE,8 M1 Lesson 18: The Pythagorean Theorem,Connecticut grade 8 Alignment Guide.docx
ccss,8,standard,8.G.B.7,Apply the Pythagorean Theorem to determine unknown side lengths in right triangles in real-world and mathematical problems in two and three dimensions.,G8-M1-L19,Using the Pythagorean Theorem,lesson,FALSE,8 M1 Lesson 19: Using the Pythagorean Theorem,Connecticut grade 8 Alignment Guide.docx
ccss,8,standard,8.G.B.7,Apply the Pythagorean Theorem to determine unknown side lengths in right triangles in real-world and mathematical problems in two and three dimensions.,G8-M1-L20,Square Roots,lesson,FALSE,8 M1 Lesson 20: Square Roots,Connecticut grade 8 Alignment Guide.docx
ccss,8,standard,8.G.B.7,Apply the Pythagorean Theorem to determine unknown side lengths in right triangles in real-world and mathematical problems in two and three dimensions.,G8-M2-L19,Using the Pythagorean Theorem and Its Converse,lesson,FALSE,8 M2 Lesson 19: Using the Pythagorean Theorem and Its Converse,Connecticut grade 8 Alignment Guide.docx
ccss,8,standard,8.G.B.7,Apply the Pythagorean Theorem to determine unknown side lengths in right triangles in real-world and mathematical problems in two and three dimensions.,G8-M2-L21,Applying the Pythagorean Theorem,lesson,FALSE,8 M2 Lesson 21: Applying the Pythagorean Theorem,Connecticut grade 8 Alignment Guide.docx
ccss,8,standard,8.G.B.7,Apply the Pythagorean Theorem to determine unknown side lengths in right triangles in real-world and mathematical problems in two and three dimensions.,G8-M2-L22,On the Right Path,lesson,FALSE,8 M2 Lesson 22: On the Right Path,Connecticut grade 8 Alignment Guide.docx
ccss,8,standard,8.G.B.7,Apply the Pythagorean Theorem to determine unknown side lengths in right triangles in real-world and mathematical problems in two and three dimensions.,G8-M3-L16,Similar Right Triangles,lesson,FALSE,8 M3 Lesson 16: Similar Right Triangles,Connecticut grade 8 Alignment Guide.docx
ccss,8,standard,8.G.B.8,Apply the Pythagorean Theorem to find the distance between two points in a coordinate system.,G8-M2-L20,Distance in the Coordinate Plane,lesson,FALSE,8 M2 Lesson 20: Distance in the Coordinate Plane,Connecticut grade 8 Alignment Guide.docx
ccss,8,standard,8.G.B.8,Apply the Pythagorean Theorem to find the distance between two points in a coordinate system.,G8-M2-L22,On the Right Path,lesson,FALSE,8 M2 Lesson 22: On the Right Path,Connecticut grade 8 Alignment Guide.docx
ccss,8,cluster,8.G.C,"Solve real-world and mathematical problems involving volume of cylinders, cones, and spheres.",,,,,,Connecticut grade 8 Alignment Guide.docx
ccss,8,domain,8.NS,The Number System,,,,,,Connecticut grade 8 Alignment Guide.docx
ccss,8,cluster,8.NS.A,"Know that there are numbers that are not rational, and approximate them by rational numbers.",,,,,,Connecticut grade 8 Alignment Guide.docx
ccss,8,standard,8.NS.A.1,"Know that numbers that are not rational are called irrational. Understand informally that every number has a decimal expansion; for rational numbers show that the decimal expansion repeats eventually, and convert a decimal expansion which repeats eventually into a rational number.",G8-M1-L22,Familiar and Not So Familiar Numbers,lesson,FALSE,8 M1 Lesson 22: Familiar and Not So Familiar Numbers,Connecticut grade 8 Alignment Guide.docx
ccss,8,standard,8.NS.A.1,"Know that numbers that are not rational are called irrational. Understand informally that every number has a decimal expansion; for rational numbers show that the decimal expansion repeats eventually, and convert a decimal expansion which repeats eventually into a rational number.",G8-M4-L5,"An Interesting Application of Linear Equations, Part 1",lesson,FALSE,"8 M4 Lesson 5: An Interesting Application of Linear Equations, Part 1",Connecticut grade 8 Alignment Guide.docx
ccss,8,standard,8.NS.A.1,"Know that numbers that are not rational are called irrational. Understand informally that every number has a decimal expansion; for rational numbers show that the decimal expansion repeats eventually, and convert a decimal expansion which repeats eventually into a rational number.",G8-M4-L6,"An Interesting Application of Linear Equations, Part 2",lesson,FALSE,"8 M4 Lesson 6: An Interesting Application of Linear Equations, Part 2",Connecticut grade 8 Alignment Guide.docx
ccss,8,standard,8.NS.A.2,"Use rational approximations of irrational numbers to compare the size of irrational numbers, locate them approximately on a number line diagram, and estimate the value of expressions (e.g., 𝜋²).",G8-M1-L21,Approximating Values of Roots and π^2,lesson,FALSE,8 M1 Lesson 21: Approximating Values of Roots and π^2,Connecticut grade 8 Alignment Guide.docx
ccss,8,standard,8.NS.A.2,"Use rational approximations of irrational numbers to compare the size of irrational numbers, locate them approximately on a number line diagram, and estimate the value of expressions (e.g., 𝜋²).",G8-M1-L23,Ordering Irrational Numbers,lesson,FALSE,8 M1 Lesson 23: Ordering Irrational Numbers,Connecticut grade 8 Alignment Guide.docx
ccss,8,domain,8.SP,Statistics and Probability,,,,,,Connecticut grade 8 Alignment Guide.docx
ccss,8,cluster,8.SP.A,Investigate patterns of association in bivariate data.,,,,,,Connecticut grade 8 Alignment Guide.docx
ccss,8,standard,8.SP.A.1,"Construct and interpret scatter plots for bivariate measurement data to investigate patterns of association between two quantities. Describe patterns such as clustering, outliers, positive or negative association, linear association, and nonlinear association.",G8-M6-L11,Scatter Plots,lesson,FALSE,8 M6 Lesson 11: Scatter Plots,Connecticut grade 8 Alignment Guide.docx
ccss,8,standard,8.SP.A.1,"Construct and interpret scatter plots for bivariate measurement data to investigate patterns of association between two quantities. Describe patterns such as clustering, outliers, positive or negative association, linear association, and nonlinear association.",G8-M6-L12,Patterns in Scatter Plots,lesson,FALSE,8 M6 Lesson 12: Patterns in Scatter Plots,Connecticut grade 8 Alignment Guide.docx
ccss,8,standard,8.SP.A.2,"Know that straight lines are widely used to model relationships between two quantitative variables. For scatter plots that suggest a linear association, informally fit a straight line, and informally assess the model fit by judging the closeness of the data points to the line.",G8-M6-L13,Informally Fitting a Line to Data,lesson,FALSE,8 M6 Lesson 13: Informally Fitting a Line to Data,Connecticut grade 8 Alignment Guide.docx
ccss,8,standard,8.SP.A.2,"Know that straight lines are widely used to model relationships between two quantitative variables. For scatter plots that suggest a linear association, informally fit a straight line, and informally assess the model fit by judging the closeness of the data points to the line.",G8-M6-L15,Linear Models,lesson,FALSE,8 M6 Lesson 15: Linear Models,Connecticut grade 8 Alignment Guide.docx
ccss,8,standard,8.SP.A.2,"Know that straight lines are widely used to model relationships between two quantitative variables. For scatter plots that suggest a linear association, informally fit a straight line, and informally assess the model fit by judging the closeness of the data points to the line.",G8-M6-L16,Using the Investigative Process,lesson,FALSE,8 M6 Lesson 16: Using the Investigative Process,Connecticut grade 8 Alignment Guide.docx
ccss,8,standard,8.SP.A.2,"Know that straight lines are widely used to model relationships between two quantitative variables. For scatter plots that suggest a linear association, informally fit a straight line, and informally assess the model fit by judging the closeness of the data points to the line.",G8-M6-L17,Analyzing the Model,lesson,FALSE,8 M6 Lesson 17: Analyzing the Model,Connecticut grade 8 Alignment Guide.docx
ccss,8,standard,8.SP.A.3,"Use the equation of a linear model to solve problems in the context of bivariate measurement data, interpreting the slope and intercept.",G8-M6-L14,Determining an Equation of a Line Fit to Data,lesson,FALSE,8 M6 Lesson 14: Determining an Equation of a Line Fit to Data,Connecticut grade 8 Alignment Guide.docx
ccss,8,standard,8.SP.A.3,"Use the equation of a linear model to solve problems in the context of bivariate measurement data, interpreting the slope and intercept.",G8-M6-L15,Linear Models,lesson,FALSE,8 M6 Lesson 15: Linear Models,Connecticut grade 8 Alignment Guide.docx
ccss,8,standard,8.SP.A.3,"Use the equation of a linear model to solve problems in the context of bivariate measurement data, interpreting the slope and intercept.",G8-M6-L16,Using the Investigative Process,lesson,FALSE,8 M6 Lesson 16: Using the Investigative Process,Connecticut grade 8 Alignment Guide.docx
ccss,8,standard,8.SP.A.3,"Use the equation of a linear model to solve problems in the context of bivariate measurement data, interpreting the slope and intercept.",G8-M6-L17,Analyzing the Model,lesson,FALSE,8 M6 Lesson 17: Analyzing the Model,Connecticut grade 8 Alignment Guide.docx
ccss,8,standard,8.SP.A.3,"Use the equation of a linear model to solve problems in the context of bivariate measurement data, interpreting the slope and intercept.",G8-M6-L6,Linear Functions and Rate of Change,lesson,FALSE,8 M6 Lesson 6: Linear Functions and Rate of Change,Connecticut grade 8 Alignment Guide.docx
ccss,8,standard,8.SP.A.3,"Use the equation of a linear model to solve problems in the context of bivariate measurement data, interpreting the slope and intercept.",G8-M6-L7,Interpreting Rate of Change and Initial Value,lesson,FALSE,8 M6 Lesson 7: Interpreting Rate of Change and Initial Value,Connecticut grade 8 Alignment Guide.docx
ccss,9,domain,A-APR,Arithmetic with Polynomials and Rational Expressions,,,,,,Connecticut grade 9 Alignment Guide.docx
ccss,9,cluster,A-APR.A,Perform arithmetic operations on polynomials,,,,,,Connecticut grade 9 Alignment Guide.docx
ccss,9,standard,A-APR.A.1,"Understand that polynomials form a system analogous to the integers, namely, they are closed under the operations of addition, subtraction, and multiplication; add, subtract, and multiply polynomials.",G9-M1-L3,Polynomial Expressions,lesson,FALSE,A1 M1 Lesson 3: Polynomial Expressions,Connecticut grade 9 Alignment Guide.docx
ccss,9,standard,A-APR.A.1,"Understand that polynomials form a system analogous to the integers, namely, they are closed under the operations of addition, subtraction, and multiplication; add, subtract, and multiply polynomials.",G9-M1-L4,Adding and Subtracting Polynomial Expressions,lesson,FALSE,A1 M1 Lesson 4: Adding and Subtracting Polynomial Expressions,Connecticut grade 9 Alignment Guide.docx
ccss,9,standard,A-APR.A.1,"Understand that polynomials form a system analogous to the integers, namely, they are closed under the operations of addition, subtraction, and multiplication; add, subtract, and multiply polynomials.",G9-M1-L5,Multiplying Polynomial Expressions,lesson,FALSE,A1 M1 Lesson 5: Multiplying Polynomial Expressions,Connecticut grade 9 Alignment Guide.docx
ccss,9,standard,A-APR.A.1,"Understand that polynomials form a system analogous to the integers, namely, they are closed under the operations of addition, subtraction, and multiplication; add, subtract, and multiply polynomials.",G9-M1-L6,Polynomial Identities,lesson,FALSE,A1 M1 Lesson 6: Polynomial Identities,Connecticut grade 9 Alignment Guide.docx
ccss,9,domain,A-CED,Creating Equations,,,,,,Connecticut grade 9 Alignment Guide.docx
ccss,9,cluster,A-CED.A,Create equations that describe numbers or relationships,,,,,,Connecticut grade 9 Alignment Guide.docx
ccss,9,standard,A-CED.A.1,Create equations and inequalities in one variable and use them to solve problems.,G9-M1-L11,Writing and Solving Equations in One Variable,lesson,FALSE,A1 M1 Lesson 11: Writing and Solving Equations in One Variable,Connecticut grade 9 Alignment Guide.docx
ccss,9,standard,A-CED.A.1,Create equations and inequalities in one variable and use them to solve problems.,G9-M1-L13,Solving Linear Inequalities in One Variable,lesson,FALSE,A1 M1 Lesson 13: Solving Linear Inequalities in One Variable,Connecticut grade 9 Alignment Guide.docx
ccss,9,standard,A-CED.A.1,Create equations and inequalities in one variable and use them to solve problems.,G9-M1-L15,Solving and Graphing Compound Inequalities,lesson,FALSE,A1 M1 Lesson 15: Solving and Graphing Compound Inequalities,Connecticut grade 9 Alignment Guide.docx
ccss,9,standard,A-CED.A.1,Create equations and inequalities in one variable and use them to solve problems.,G9-M1-L7,Printing Presses,lesson,FALSE,A1 M1 Lesson 7: Printing Presses,Connecticut grade 9 Alignment Guide.docx
ccss,9,standard,A-CED.A.1,Create equations and inequalities in one variable and use them to solve problems.,G9-M4-L9,Creating and Solving Quadratic Equations in One Variable,lesson,FALSE,A1 M4 Lesson 9: Creating and Solving Quadratic Equations in One Variable,Connecticut grade 9 Alignment Guide.docx
ccss,9,standard,A-CED.A.2,Create equations in two or more variables to represent relationships between quantities; graph equations on coordinate axes with labels and scales.,G9-M2-L1,Solution Sets of Linear Equations in Two Variables,lesson,FALSE,A1 M2 Lesson 1: Solution Sets of Linear Equations in Two Variables,Connecticut grade 9 Alignment Guide.docx
ccss,9,standard,A-CED.A.2,Create equations in two or more variables to represent relationships between quantities; graph equations on coordinate axes with labels and scales.,G9-M2-L2,Graphing Linear Equations in Two Variables,lesson,FALSE,A1 M2 Lesson 2: Graphing Linear Equations in Two Variables,Connecticut grade 9 Alignment Guide.docx
ccss,9,standard,A-CED.A.2,Create equations in two or more variables to represent relationships between quantities; graph equations on coordinate axes with labels and scales.,G9-M2-L3,Creating Linear Equations in Two Variables,lesson,FALSE,A1 M2 Lesson 3: Creating Linear Equations in Two Variables,Connecticut grade 9 Alignment Guide.docx
ccss,9,standard,A-CED.A.2,Create equations in two or more variables to represent relationships between quantities; graph equations on coordinate axes with labels and scales.,G9-M2-L6,Applications of Linear Equations and Inequalities,lesson,FALSE,A1 M2 Lesson 6: Applications of Linear Equations and Inequalities,Connecticut grade 9 Alignment Guide.docx
ccss,9,standard,A-CED.A.2,Create equations in two or more variables to represent relationships between quantities; graph equations on coordinate axes with labels and scales.,G9-M4-L11,Graphing Quadratic Functions from Factored Form,lesson,FALSE,A1 M4 Lesson 11: Graphing Quadratic Functions from Factored Form,Connecticut grade 9 Alignment Guide.docx
ccss,9,standard,A-CED.A.2,Create equations in two or more variables to represent relationships between quantities; graph equations on coordinate axes with labels and scales.,G9-M4-L12,Using Symmetry to Graph Quadratic Functions from Standard Form,lesson,FALSE,A1 M4 Lesson 12: Using Symmetry to Graph Quadratic Functions from Standard Form,Connecticut grade 9 Alignment Guide.docx
ccss,9,standard,A-CED.A.2,Create equations in two or more variables to represent relationships between quantities; graph equations on coordinate axes with labels and scales.,G9-M4-L23,Creating Equations of Quadratic Functions to Model Contexts,lesson,FALSE,A1 M4 Lesson 23: Creating Equations of Quadratic Functions to Model Contexts,Connecticut grade 9 Alignment Guide.docx
ccss,9,standard,A-CED.A.2,Create equations in two or more variables to represent relationships between quantities; graph equations on coordinate axes with labels and scales.,G9-M4-L25,Maximizing Area,lesson,FALSE,A1 M4 Lesson 25: Maximizing Area,Connecticut grade 9 Alignment Guide.docx
ccss,9,standard,A-CED.A.2,Create equations in two or more variables to represent relationships between quantities; graph equations on coordinate axes with labels and scales.,G9-M4-L26,Modeling Data with Quadratic Functions,lesson,FALSE,A1 M4 Lesson 26: Modeling Data with Quadratic Functions,Connecticut grade 9 Alignment Guide.docx
ccss,9,standard,A-CED.A.2,Create equations in two or more variables to represent relationships between quantities; graph equations on coordinate axes with labels and scales.,G9-M4-L27,Search and Rescue Helicopter,lesson,FALSE,A1 M4 Lesson 27: Search and Rescue Helicopter,Connecticut grade 9 Alignment Guide.docx
ccss,9,standard,A-CED.A.3,"Represent constraints by equations or inequalities, and by systems of equations and/or inequalities, and interpret solutions as viable or non-viable options in a modeling context.",G9-M1-L11,Writing and Solving Equations in One Variable,lesson,FALSE,A1 M1 Lesson 11: Writing and Solving Equations in One Variable,Connecticut grade 9 Alignment Guide.docx
ccss,9,standard,A-CED.A.3,"Represent constraints by equations or inequalities, and by systems of equations and/or inequalities, and interpret solutions as viable or non-viable options in a modeling context.",G9-M1-L14,Solution Sets of Compound Statements,lesson,FALSE,A1 M1 Lesson 14: Solution Sets of Compound Statements,Connecticut grade 9 Alignment Guide.docx
ccss,9,standard,A-CED.A.3,"Represent constraints by equations or inequalities, and by systems of equations and/or inequalities, and interpret solutions as viable or non-viable options in a modeling context.",G9-M1-L15,Solving and Graphing Compound Inequalities,lesson,FALSE,A1 M1 Lesson 15: Solving and Graphing Compound Inequalities,Connecticut grade 9 Alignment Guide.docx
ccss,9,standard,A-CED.A.3,"Represent constraints by equations or inequalities, and by systems of equations and/or inequalities, and interpret solutions as viable or non-viable options in a modeling context.",G9-M2-L1,Solution Sets of Linear Equations in Two Variables,lesson,FALSE,A1 M2 Lesson 1: Solution Sets of Linear Equations in Two Variables,Connecticut grade 9 Alignment Guide.docx
ccss,9,standard,A-CED.A.3,"Represent constraints by equations or inequalities, and by systems of equations and/or inequalities, and interpret solutions as viable or non-viable options in a modeling context.",G9-M2-L6,Applications of Linear Equations and Inequalities,lesson,FALSE,A1 M2 Lesson 6: Applications of Linear Equations and Inequalities,Connecticut grade 9 Alignment Guide.docx
ccss,9,standard,A-CED.A.3,"Represent constraints by equations or inequalities, and by systems of equations and/or inequalities, and interpret solutions as viable or non-viable options in a modeling context.",G9-M6-L5,Solar System Models,lesson,FALSE,A1 M6 Lesson 5: Solar System Models,Connecticut grade 9 Alignment Guide.docx
ccss,9,standard,A-CED.A.4,"Rearrange formulas to highlight a quantity of interest, using the same reasoning as in solving equations.",G9-M1-L12,Rearranging Formulas,lesson,FALSE,A1 M1 Lesson 12: Rearranging Formulas,Connecticut grade 9 Alignment Guide.docx
ccss,9,standard,A-CED.A.4,"Rearrange formulas to highlight a quantity of interest, using the same reasoning as in solving equations.",G9-M4-L13,Using Square Roots to Solve Quadratic Equations,lesson,FALSE,A1 M4 Lesson 13: Using Square Roots to Solve Quadratic Equations,Connecticut grade 9 Alignment Guide.docx
ccss,9,domain,A-REI,Reasoning with Equations and Inequalities,,,,,,Connecticut grade 9 Alignment Guide.docx
ccss,9,domain,A-REI,Reasoning with Equations and Inequalities,,,,,,Connecticut grade 9 Alignment Guide.docx
ccss,9,domain,A-REI,Reasoning with Equations and Inequalities,,,,,,Connecticut grade 9 Alignment Guide.docx
ccss,9,domain,A-REI,Reasoning with Equations and Inequalities,,,,,,Connecticut grade 9 Alignment Guide.docx
ccss,9,cluster,A-REI.A,Understand solving equations as a process of reasoning and explain the reasoning,,,,,,Connecticut grade 9 Alignment Guide.docx
ccss,9,standard,A-REI.A.1,"Explain each step in solving a simple equation as following from the equality of numbers asserted at the previous step, starting from the assumption that the original equation has a solution. Construct a viable argument to justify a solution method.",G9-M1-L10,Some Potential Dangers When Solving Equations,lesson,FALSE,A1 M1 Lesson 10: Some Potential Dangers When Solving Equations,Connecticut grade 9 Alignment Guide.docx
ccss,9,standard,A-REI.A.1,"Explain each step in solving a simple equation as following from the equality of numbers asserted at the previous step, starting from the assumption that the original equation has a solution. Construct a viable argument to justify a solution method.",G9-M1-L11,Writing and Solving Equations in One Variable,lesson,FALSE,A1 M1 Lesson 11: Writing and Solving Equations in One Variable,Connecticut grade 9 Alignment Guide.docx
ccss,9,standard,A-REI.A.1,"Explain each step in solving a simple equation as following from the equality of numbers asserted at the previous step, starting from the assumption that the original equation has a solution. Construct a viable argument to justify a solution method.",G9-M1-L9,Solving Linear Equations in One Variable,lesson,FALSE,A1 M1 Lesson 9: Solving Linear Equations in One Variable,Connecticut grade 9 Alignment Guide.docx
ccss,9,cluster,A-REI.B,Solve equations and inequalities in one variable,,,,,,Connecticut grade 9 Alignment Guide.docx
ccss,9,standard,A-REI.B.3,"Solve linear equations and inequalities in one variable, including equations with coefficients represented by letters.",G9-M1-L10,Some Potential Dangers When Solving Equations,lesson,FALSE,A1 M1 Lesson 10: Some Potential Dangers When Solving Equations,Connecticut grade 9 Alignment Guide.docx
ccss,9,standard,A-REI.B.3,"Solve linear equations and inequalities in one variable, including equations with coefficients represented by letters.",G9-M1-L11,Writing and Solving Equations in One Variable,lesson,FALSE,A1 M1 Lesson 11: Writing and Solving Equations in One Variable,Connecticut grade 9 Alignment Guide.docx
ccss,9,standard,A-REI.B.3,"Solve linear equations and inequalities in one variable, including equations with coefficients represented by letters.",G9-M1-L13,Solving Linear Inequalities in One Variable,lesson,FALSE,A1 M1 Lesson 13: Solving Linear Inequalities in One Variable,Connecticut grade 9 Alignment Guide.docx
ccss,9,standard,A-REI.B.3,"Solve linear equations and inequalities in one variable, including equations with coefficients represented by letters.",G9-M1-L15,Solving and Graphing Compound Inequalities,lesson,FALSE,A1 M1 Lesson 15: Solving and Graphing Compound Inequalities,Connecticut grade 9 Alignment Guide.docx
ccss,9,standard,A-REI.B.3,"Solve linear equations and inequalities in one variable, including equations with coefficients represented by letters.",G9-M1-L16,Solving Absolute Value Equations,lesson,FALSE,A1 M1 Lesson 16: Solving Absolute Value Equations,Connecticut grade 9 Alignment Guide.docx
ccss,9,standard,A-REI.B.3,"Solve linear equations and inequalities in one variable, including equations with coefficients represented by letters.",G9-M1-L17,Solving Absolute Value Inequalities,lesson,FALSE,A1 M1 Lesson 17: Solving Absolute Value Inequalities,Connecticut grade 9 Alignment Guide.docx
ccss,9,standard,A-REI.B.3,"Solve linear equations and inequalities in one variable, including equations with coefficients represented by letters.",G9-M1-L7,Printing Presses,lesson,FALSE,A1 M1 Lesson 7: Printing Presses,Connecticut grade 9 Alignment Guide.docx
ccss,9,standard,A-REI.B.3,"Solve linear equations and inequalities in one variable, including equations with coefficients represented by letters.",G9-M1-L8,Solution Sets for Equations and Inequalities in One Variable,lesson,FALSE,A1 M1 Lesson 8: Solution Sets for Equations and Inequalities in One Variable,Connecticut grade 9 Alignment Guide.docx
ccss,9,standard,A-REI.B.3,"Solve linear equations and inequalities in one variable, including equations with coefficients represented by letters.",G9-M1-L9,Solving Linear Equations in One Variable,lesson,FALSE,A1 M1 Lesson 9: Solving Linear Equations in One Variable,Connecticut grade 9 Alignment Guide.docx
ccss,9,standard,A-REI.B.4.a,Use the method of completing the square to transform any quadratic equation in 𝑥 into an equation of the form (𝑥 – 𝑝)² = 𝑞 that has the same solutions. Derive the quadratic formula from this form.,G9-M4-L14,Solving Quadratic Equations by Completing the Square,lesson,FALSE,A1 M4 Lesson 14: Solving Quadratic Equations by Completing the Square,Connecticut grade 9 Alignment Guide.docx
ccss,9,standard,A-REI.B.4.a,Use the method of completing the square to transform any quadratic equation in 𝑥 into an equation of the form (𝑥 – 𝑝)² = 𝑞 that has the same solutions. Derive the quadratic formula from this form.,G9-M4-L15,Deriving the Quadratic Formula,lesson,FALSE,A1 M4 Lesson 15: Deriving the Quadratic Formula,Connecticut grade 9 Alignment Guide.docx
ccss,9,standard,A-REI.B.4.b,"Solve quadratic equations by inspection (e.g., for 𝑥² = 49), taking square roots, completing the square, the quadratic formula and factoring, as appropriate to the initial form of the equation. Recognize when the quadratic formula gives complex solutions and write them as 𝑎 ± 𝑏𝑖 for real numbers 𝑎 and 𝑏.",G9-M4-L13,Using Square Roots to Solve Quadratic Equations,lesson,FALSE,A1 M4 Lesson 13: Using Square Roots to Solve Quadratic Equations,Connecticut grade 9 Alignment Guide.docx
ccss,9,standard,A-REI.B.4.b,"Solve quadratic equations by inspection (e.g., for 𝑥² = 49), taking square roots, completing the square, the quadratic formula and factoring, as appropriate to the initial form of the equation. Recognize when the quadratic formula gives complex solutions and write them as 𝑎 ± 𝑏𝑖 for real numbers 𝑎 and 𝑏.",G9-M4-L14,Solving Quadratic Equations by Completing the Square,lesson,FALSE,A1 M4 Lesson 14: Solving Quadratic Equations by Completing the Square,Connecticut grade 9 Alignment Guide.docx
ccss,9,standard,A-REI.B.4.b,"Solve quadratic equations by inspection (e.g., for 𝑥² = 49), taking square roots, completing the square, the quadratic formula and factoring, as appropriate to the initial form of the equation. Recognize when the quadratic formula gives complex solutions and write them as 𝑎 ± 𝑏𝑖 for real numbers 𝑎 and 𝑏.",G9-M4-L15,Deriving the Quadratic Formula,lesson,FALSE,A1 M4 Lesson 15: Deriving the Quadratic Formula,Connecticut grade 9 Alignment Guide.docx
ccss,9,standard,A-REI.B.4.b,"Solve quadratic equations by inspection (e.g., for 𝑥² = 49), taking square roots, completing the square, the quadratic formula and factoring, as appropriate to the initial form of the equation. Recognize when the quadratic formula gives complex solutions and write them as 𝑎 ± 𝑏𝑖 for real numbers 𝑎 and 𝑏.",G9-M4-L16,Solving Quadratic Equations,lesson,FALSE,A1 M4 Lesson 16: Solving Quadratic Equations,Connecticut grade 9 Alignment Guide.docx
ccss,9,standard,A-REI.B.4.b,"Solve quadratic equations by inspection (e.g., for 𝑥² = 49), taking square roots, completing the square, the quadratic formula and factoring, as appropriate to the initial form of the equation. Recognize when the quadratic formula gives complex solutions and write them as 𝑎 ± 𝑏𝑖 for real numbers 𝑎 and 𝑏.",G9-M4-L18,The Quadratic Formula and Zeros of a Function,lesson,FALSE,A1 M4 Lesson 18: The Quadratic Formula and Zeros of a Function,Connecticut grade 9 Alignment Guide.docx
ccss,9,standard,A-REI.B.4.b,"Solve quadratic equations by inspection (e.g., for 𝑥² = 49), taking square roots, completing the square, the quadratic formula and factoring, as appropriate to the initial form of the equation. Recognize when the quadratic formula gives complex solutions and write them as 𝑎 ± 𝑏𝑖 for real numbers 𝑎 and 𝑏.",G9-M4-L5,Solving Equations That Contain Factored Expressions,lesson,FALSE,A1 M4 Lesson 5: Solving Equations That Contain Factored Expressions,Connecticut grade 9 Alignment Guide.docx
ccss,9,standard,A-REI.B.4.b,"Solve quadratic equations by inspection (e.g., for 𝑥² = 49), taking square roots, completing the square, the quadratic formula and factoring, as appropriate to the initial form of the equation. Recognize when the quadratic formula gives complex solutions and write them as 𝑎 ± 𝑏𝑖 for real numbers 𝑎 and 𝑏.",G9-M4-L6,Solving Quadratic Equations by Factoring: Identities and Guess and Check,lesson,FALSE,A1 M4 Lesson 6: Solving Quadratic Equations by Factoring: Identities and Guess and Check,Connecticut grade 9 Alignment Guide.docx
ccss,9,standard,A-REI.B.4.b,"Solve quadratic equations by inspection (e.g., for 𝑥² = 49), taking square roots, completing the square, the quadratic formula and factoring, as appropriate to the initial form of the equation. Recognize when the quadratic formula gives complex solutions and write them as 𝑎 ± 𝑏𝑖 for real numbers 𝑎 and 𝑏.",G9-M4-L7,Solving Quadratic Equations by Factoring: Splitting the Linear Term,lesson,FALSE,A1 M4 Lesson 7: Solving Quadratic Equations by Factoring: Splitting the Linear Term,Connecticut grade 9 Alignment Guide.docx
ccss,9,standard,A-REI.B.4.b,"Solve quadratic equations by inspection (e.g., for 𝑥² = 49), taking square roots, completing the square, the quadratic formula and factoring, as appropriate to the initial form of the equation. Recognize when the quadratic formula gives complex solutions and write them as 𝑎 ± 𝑏𝑖 for real numbers 𝑎 and 𝑏.",G9-M4-L8,A Summary of Solving Quadratic Equations by Factoring,lesson,FALSE,A1 M4 Lesson 8: A Summary of Solving Quadratic Equations by Factoring,Connecticut grade 9 Alignment Guide.docx
ccss,9,standard,A-REI.B.4.b,"Solve quadratic equations by inspection (e.g., for 𝑥² = 49), taking square roots, completing the square, the quadratic formula and factoring, as appropriate to the initial form of the equation. Recognize when the quadratic formula gives complex solutions and write them as 𝑎 ± 𝑏𝑖 for real numbers 𝑎 and 𝑏.",G9-M4-L9,Creating and Solving Quadratic Equations in One Variable,lesson,FALSE,A1 M4 Lesson 9: Creating and Solving Quadratic Equations in One Variable,Connecticut grade 9 Alignment Guide.docx
ccss,9,cluster,A-REI.C,Solve systems of equations,,,,,,Connecticut grade 9 Alignment Guide.docx
ccss,9,standard,A-REI.C.5,"Prove that, given a system of two equations in two variables, replacing one equation by the sum of that equation and a multiple of the other produces a system with the same solutions.",G9-M2-L9,A New Way to Solve Systems,lesson,FALSE,A1 M2 Lesson 9: A New Way to Solve Systems,Connecticut grade 9 Alignment Guide.docx
ccss,9,standard,A-REI.C.6,"Solve systems of linear equations exactly and approximately (e.g., with graphs), focusing on pairs of linear equations in two variables.",G9-M2-L10,The Elimination Method,lesson,FALSE,A1 M2 Lesson 10: The Elimination Method,Connecticut grade 9 Alignment Guide.docx
ccss,9,standard,A-REI.C.6,"Solve systems of linear equations exactly and approximately (e.g., with graphs), focusing on pairs of linear equations in two variables.",G9-M2-L11,Applications of Systems of Equations,lesson,FALSE,A1 M2 Lesson 11: Applications of Systems of Equations,Connecticut grade 9 Alignment Guide.docx
ccss,9,standard,A-REI.C.6,"Solve systems of linear equations exactly and approximately (e.g., with graphs), focusing on pairs of linear equations in two variables.",G9-M2-L7,Low-Flow Showerhead,lesson,FALSE,A1 M2 Lesson 7: Low-Flow Showerhead,Connecticut grade 9 Alignment Guide.docx
ccss,9,standard,A-REI.C.6,"Solve systems of linear equations exactly and approximately (e.g., with graphs), focusing on pairs of linear equations in two variables.",G9-M2-L8,Systems of Linear Equations in Two Variables,lesson,FALSE,A1 M2 Lesson 8: Systems of Linear Equations in Two Variables,Connecticut grade 9 Alignment Guide.docx
ccss,9,standard,A-REI.C.6,"Solve systems of linear equations exactly and approximately (e.g., with graphs), focusing on pairs of linear equations in two variables.",G9-M2-L9,A New Way to Solve Systems,lesson,FALSE,A1 M2 Lesson 9: A New Way to Solve Systems,Connecticut grade 9 Alignment Guide.docx
ccss,9,standard,A-REI.C.7,Solve a simple system consisting of a linear equation and a quadratic equation in two variables algebraically and graphically.,G9-M4-L24,Another Look at Systems of Equations,lesson,FALSE,A1 M4 Lesson 24: Another Look at Systems of Equations,Connecticut grade 9 Alignment Guide.docx
ccss,9,cluster,A-REI.D,Represent and solve equations and inequalities graphically,,,,,,Connecticut grade 9 Alignment Guide.docx
ccss,9,standard,A-REI.D.10,"Understand that the graph of an equation in two variables is the set of all its solutions plotted in the coordinate plane, often forming a curve (which could be a line).",G9-M2-L1,Solution Sets of Linear Equations in Two Variables,lesson,FALSE,A1 M2 Lesson 1: Solution Sets of Linear Equations in Two Variables,Connecticut grade 9 Alignment Guide.docx
ccss,9,standard,A-REI.D.10,"Understand that the graph of an equation in two variables is the set of all its solutions plotted in the coordinate plane, often forming a curve (which could be a line).",G9-M2-L2,Graphing Linear Equations in Two Variables,lesson,FALSE,A1 M2 Lesson 2: Graphing Linear Equations in Two Variables,Connecticut grade 9 Alignment Guide.docx
ccss,9,standard,A-REI.D.11,"Explain why the 𝑥-coordinates of the points where the graphs of the equations 𝑦 = 𝑓(𝑥) and 𝑦 = 𝑔(𝑥) intersect are the solutions of the equation 𝑓(𝑥) = 𝑔(𝑥); find the solutions approximately, e.g., using technology to graph the functions, make tables of values, or find successive approximations. Include cases where 𝑓(𝑥) and/or 𝑔(𝑥) are linear, polynomial, rational, absolute value, exponential, and logarithmic functions.",G9-M3-L10,Using Graphs to Solve Equations,lesson,FALSE,A1 M3 Lesson 10: Using Graphs to Solve Equations,Connecticut grade 9 Alignment Guide.docx
ccss,9,standard,A-REI.D.11,"Explain why the 𝑥-coordinates of the points where the graphs of the equations 𝑦 = 𝑓(𝑥) and 𝑦 = 𝑔(𝑥) intersect are the solutions of the equation 𝑓(𝑥) = 𝑔(𝑥); find the solutions approximately, e.g., using technology to graph the functions, make tables of values, or find successive approximations. Include cases where 𝑓(𝑥) and/or 𝑔(𝑥) are linear, polynomial, rational, absolute value, exponential, and logarithmic functions.",G9-M3-L15,The Absolute Value Function,lesson,FALSE,A1 M3 Lesson 15: The Absolute Value Function,Connecticut grade 9 Alignment Guide.docx
ccss,9,standard,A-REI.D.11,"Explain why the 𝑥-coordinates of the points where the graphs of the equations 𝑦 = 𝑓(𝑥) and 𝑦 = 𝑔(𝑥) intersect are the solutions of the equation 𝑓(𝑥) = 𝑔(𝑥); find the solutions approximately, e.g., using technology to graph the functions, make tables of values, or find successive approximations. Include cases where 𝑓(𝑥) and/or 𝑔(𝑥) are linear, polynomial, rational, absolute value, exponential, and logarithmic functions.",G9-M4-L24,Another Look at Systems of Equations,lesson,FALSE,A1 M4 Lesson 24: Another Look at Systems of Equations,Connecticut grade 9 Alignment Guide.docx
ccss,9,standard,A-REI.D.11,"Explain why the 𝑥-coordinates of the points where the graphs of the equations 𝑦 = 𝑓(𝑥) and 𝑦 = 𝑔(𝑥) intersect are the solutions of the equation 𝑓(𝑥) = 𝑔(𝑥); find the solutions approximately, e.g., using technology to graph the functions, make tables of values, or find successive approximations. Include cases where 𝑓(𝑥) and/or 𝑔(𝑥) are linear, polynomial, rational, absolute value, exponential, and logarithmic functions.",G9-M5-L13,Using Transformations to Graph Exponential Functions (Bases Between 0 and 1),lesson,FALSE,A1 M5 Lesson 13: Using Transformations to Graph Exponential Functions (Bases Between 0 and 1),Connecticut grade 9 Alignment Guide.docx
ccss,9,standard,A-REI.D.11,"Explain why the 𝑥-coordinates of the points where the graphs of the equations 𝑦 = 𝑓(𝑥) and 𝑦 = 𝑔(𝑥) intersect are the solutions of the equation 𝑓(𝑥) = 𝑔(𝑥); find the solutions approximately, e.g., using technology to graph the functions, make tables of values, or find successive approximations. Include cases where 𝑓(𝑥) and/or 𝑔(𝑥) are linear, polynomial, rational, absolute value, exponential, and logarithmic functions.",G9-M5-L20,Comparing Growth of Functions,lesson,FALSE,A1 M5 Lesson 20: Comparing Growth of Functions,Connecticut grade 9 Alignment Guide.docx
ccss,9,standard,A-REI.D.12,"Graph the solutions to a linear inequality in two variables as a half-plane (excluding the boundary in the case of a strict inequality), and graph the solution set to a system of linear inequalities in two variables as the intersection of the corresponding half-planes.",G9-M2-L12,Solution Sets of Systems of Linear Inequalities,lesson,FALSE,A1 M2 Lesson 12: Solution Sets of Systems of Linear Inequalities,Connecticut grade 9 Alignment Guide.docx
ccss,9,standard,A-REI.D.12,"Graph the solutions to a linear inequality in two variables as a half-plane (excluding the boundary in the case of a strict inequality), and graph the solution set to a system of linear inequalities in two variables as the intersection of the corresponding half-planes.",G9-M2-L13,Graphing Solution Sets of Systems of Linear Inequalities,lesson,FALSE,A1 M2 Lesson 13: Graphing Solution Sets of Systems of Linear Inequalities,Connecticut grade 9 Alignment Guide.docx
ccss,9,standard,A-REI.D.12,"Graph the solutions to a linear inequality in two variables as a half-plane (excluding the boundary in the case of a strict inequality), and graph the solution set to a system of linear inequalities in two variables as the intersection of the corresponding half-planes.",G9-M2-L14,Applications of Systems of Linear Inequalities,lesson,FALSE,A1 M2 Lesson 14: Applications of Systems of Linear Inequalities,Connecticut grade 9 Alignment Guide.docx
ccss,9,standard,A-REI.D.12,"Graph the solutions to a linear inequality in two variables as a half-plane (excluding the boundary in the case of a strict inequality), and graph the solution set to a system of linear inequalities in two variables as the intersection of the corresponding half-planes.",G9-M2-L4,Solution Sets of Linear Inequalities in Two Variables,lesson,FALSE,A1 M2 Lesson 4: Solution Sets of Linear Inequalities in Two Variables,Connecticut grade 9 Alignment Guide.docx
ccss,9,standard,A-REI.D.12,"Graph the solutions to a linear inequality in two variables as a half-plane (excluding the boundary in the case of a strict inequality), and graph the solution set to a system of linear inequalities in two variables as the intersection of the corresponding half-planes.",G9-M2-L5,Graphing Linear Inequalities in Two Variables,lesson,FALSE,A1 M2 Lesson 5: Graphing Linear Inequalities in Two Variables,Connecticut grade 9 Alignment Guide.docx
ccss,9,standard,A-REI.D.12,"Graph the solutions to a linear inequality in two variables as a half-plane (excluding the boundary in the case of a strict inequality), and graph the solution set to a system of linear inequalities in two variables as the intersection of the corresponding half-planes.",G9-M6-L5,Solar System Models,lesson,FALSE,A1 M6 Lesson 5: Solar System Models,Connecticut grade 9 Alignment Guide.docx
ccss,9,domain,A-SSE,Seeing Structure in Expressions,,,,,,Connecticut grade 9 Alignment Guide.docx
ccss,9,domain,A-SSE,Seeing Structure in Expressions,,,,,,Connecticut grade 9 Alignment Guide.docx
ccss,9,cluster,A-SSE.A,Interpret the structure of expressions,,,,,,Connecticut grade 9 Alignment Guide.docx
ccss,9,standard,A-SSE.A.1.a,"Interpret parts of an expression, such as terms, factors, and coefficients.",G9-M4-L3,Analyzing Functions That Model Projectile Motion,lesson,FALSE,A1 M4 Lesson 3: Analyzing Functions That Model Projectile Motion,Connecticut grade 9 Alignment Guide.docx
ccss,9,standard,A-SSE.A.1.b,Interpret complicated expressions by viewing one or more of their parts as a single entity.,G9-M5-L16,Exponential Growth,lesson,FALSE,A1 M5 Lesson 16: Exponential Growth,Connecticut grade 9 Alignment Guide.docx
ccss,9,standard,A-SSE.A.1.b,Interpret complicated expressions by viewing one or more of their parts as a single entity.,G9-M5-L17,Exponential Decay,lesson,FALSE,A1 M5 Lesson 17: Exponential Decay,Connecticut grade 9 Alignment Guide.docx
ccss,9,standard,A-SSE.A.1.b,Interpret complicated expressions by viewing one or more of their parts as a single entity.,G9-M5-L18,Modeling Populations,lesson,FALSE,A1 M5 Lesson 18: Modeling Populations,Connecticut grade 9 Alignment Guide.docx
ccss,9,standard,A-SSE.A.1.b,Interpret complicated expressions by viewing one or more of their parts as a single entity.,G9-M5-L23,Modeling the Temperature of Objects Cooling Over Time,lesson,FALSE,A1 M5 Lesson 23: Modeling the Temperature of Objects Cooling Over Time,Connecticut grade 9 Alignment Guide.docx
ccss,9,standard,A-SSE.A.1.b,Interpret complicated expressions by viewing one or more of their parts as a single entity.,G9-M5-L8,Exponential Functions,lesson,FALSE,A1 M5 Lesson 8: Exponential Functions,Connecticut grade 9 Alignment Guide.docx
ccss,9,standard,A-SSE.A.2,Use the structure of an expression to identify ways to rewrite it.,G9-M1-L1,The Growing Pattern of Ducks,lesson,FALSE,A1 M1 Lesson 1: The Growing Pattern of Ducks,Connecticut grade 9 Alignment Guide.docx
ccss,9,standard,A-SSE.A.2,Use the structure of an expression to identify ways to rewrite it.,G9-M1-L2,"The Commutative, Associative, and Distributive Properties",lesson,FALSE,"A1 M1 Lesson 2: The Commutative, Associative, and Distributive Properties",Connecticut grade 9 Alignment Guide.docx
ccss,9,standard,A-SSE.A.2,Use the structure of an expression to identify ways to rewrite it.,G9-M1-L3,Polynomial Expressions,lesson,FALSE,A1 M1 Lesson 3: Polynomial Expressions,Connecticut grade 9 Alignment Guide.docx
ccss,9,standard,A-SSE.A.2,Use the structure of an expression to identify ways to rewrite it.,G9-M4-L14,Solving Quadratic Equations by Completing the Square,lesson,FALSE,A1 M4 Lesson 14: Solving Quadratic Equations by Completing the Square,Connecticut grade 9 Alignment Guide.docx
ccss,9,standard,A-SSE.A.2,Use the structure of an expression to identify ways to rewrite it.,G9-M4-L15,Deriving the Quadratic Formula,lesson,FALSE,A1 M4 Lesson 15: Deriving the Quadratic Formula,Connecticut grade 9 Alignment Guide.docx
ccss,9,standard,A-SSE.A.2,Use the structure of an expression to identify ways to rewrite it.,G9-M4-L3,Analyzing Functions That Model Projectile Motion,lesson,FALSE,A1 M4 Lesson 3: Analyzing Functions That Model Projectile Motion,Connecticut grade 9 Alignment Guide.docx
ccss,9,standard,A-SSE.A.2,Use the structure of an expression to identify ways to rewrite it.,G9-M5-L11,Graphing Exponential Functions,lesson,FALSE,A1 M5 Lesson 11: Graphing Exponential Functions,Connecticut grade 9 Alignment Guide.docx
ccss,9,standard,A-SSE.A.2,Use the structure of an expression to identify ways to rewrite it.,G9-M5-L12,Using Transformations to Graph Exponential Functions (Bases Greater Than 1),lesson,FALSE,A1 M5 Lesson 12: Using Transformations to Graph Exponential Functions (Bases Greater Than 1),Connecticut grade 9 Alignment Guide.docx
ccss,9,standard,A-SSE.A.2,Use the structure of an expression to identify ways to rewrite it.,G9-M5-L18,Modeling Populations,lesson,FALSE,A1 M5 Lesson 18: Modeling Populations,Connecticut grade 9 Alignment Guide.docx
ccss,9,cluster,A-SSE.B,Write expressions in equivalent forms to solve problems,,,,,,Connecticut grade 9 Alignment Guide.docx
ccss,9,standard,A-SSE.B.3.a,Factor a quadratic expression to reveal the zeros of the function it defines.,G9-M4-L10,Zeros of Functions,lesson,FALSE,A1 M4 Lesson 10: Zeros of Functions,Connecticut grade 9 Alignment Guide.docx
ccss,9,standard,A-SSE.B.3.a,Factor a quadratic expression to reveal the zeros of the function it defines.,G9-M4-L11,Graphing Quadratic Functions from Factored Form,lesson,FALSE,A1 M4 Lesson 11: Graphing Quadratic Functions from Factored Form,Connecticut grade 9 Alignment Guide.docx
ccss,9,standard,A-SSE.B.3.a,Factor a quadratic expression to reveal the zeros of the function it defines.,G9-M4-L22,A Summary of Graphing Quadratic Functions,lesson,FALSE,A1 M4 Lesson 22: A Summary of Graphing Quadratic Functions,Connecticut grade 9 Alignment Guide.docx
ccss,9,standard,A-SSE.B.3.b,Complete the square in a quadratic expression to reveal the maximum or minimum value of the function it defines.,G9-M4-L21,Completing the Square to Graph Quadratic Functions,lesson,FALSE,A1 M4 Lesson 21: Completing the Square to Graph Quadratic Functions,Connecticut grade 9 Alignment Guide.docx
ccss,9,standard,A-SSE.B.3.b,Complete the square in a quadratic expression to reveal the maximum or minimum value of the function it defines.,G9-M4-L22,A Summary of Graphing Quadratic Functions,lesson,FALSE,A1 M4 Lesson 22: A Summary of Graphing Quadratic Functions,Connecticut grade 9 Alignment Guide.docx
ccss,9,standard,A-SSE.B.3.c,Use the properties of exponents to transform expressions for exponential functions.,G9-M5-L11,Graphing Exponential Functions,lesson,FALSE,A1 M5 Lesson 11: Graphing Exponential Functions,Connecticut grade 9 Alignment Guide.docx
ccss,9,standard,A-SSE.B.3.c,Use the properties of exponents to transform expressions for exponential functions.,G9-M5-L12,Using Transformations to Graph Exponential Functions (Bases Greater Than 1),lesson,FALSE,A1 M5 Lesson 12: Using Transformations to Graph Exponential Functions (Bases Greater Than 1),Connecticut grade 9 Alignment Guide.docx
ccss,9,standard,A-SSE.B.3.c,Use the properties of exponents to transform expressions for exponential functions.,G9-M5-L18,Modeling Populations,lesson,FALSE,A1 M5 Lesson 18: Modeling Populations,Connecticut grade 9 Alignment Guide.docx
ccss,9,domain,F-BF,Building Functions,,,,,,Connecticut grade 9 Alignment Guide.docx
ccss,9,domain,F-BF,Building Functions,,,,,,Connecticut grade 9 Alignment Guide.docx
ccss,9,cluster,F-BF.A,Build a function that models a relationship between two quantities,,,,,,Connecticut grade 9 Alignment Guide.docx
ccss,9,standard,F-BF.A.1,Write a function that describes a relationship between two quantities.,G9-M6-L5,Solar System Models,lesson,FALSE,A1 M6 Lesson 5: Solar System Models,Connecticut grade 9 Alignment Guide.docx
ccss,9,standard,F-BF.A.1.a,"Determine an explicit expression, a recursive process, or steps for calculation from a context.",G9-M3-L17,Piecewise Linear Functions in Context,lesson,FALSE,A1 M3 Lesson 17: Piecewise Linear Functions in Context,Connecticut grade 9 Alignment Guide.docx
ccss,9,standard,F-BF.A.1.a,"Determine an explicit expression, a recursive process, or steps for calculation from a context.",G9-M4-L23,Creating Equations of Quadratic Functions to Model Contexts,lesson,FALSE,A1 M4 Lesson 23: Creating Equations of Quadratic Functions to Model Contexts,Connecticut grade 9 Alignment Guide.docx
ccss,9,standard,F-BF.A.1.a,"Determine an explicit expression, a recursive process, or steps for calculation from a context.",G9-M4-L25,Maximizing Area,lesson,FALSE,A1 M4 Lesson 25: Maximizing Area,Connecticut grade 9 Alignment Guide.docx
ccss,9,standard,F-BF.A.1.a,"Determine an explicit expression, a recursive process, or steps for calculation from a context.",G9-M4-L26,Modeling Data with Quadratic Functions,lesson,FALSE,A1 M4 Lesson 26: Modeling Data with Quadratic Functions,Connecticut grade 9 Alignment Guide.docx
ccss,9,standard,F-BF.A.1.a,"Determine an explicit expression, a recursive process, or steps for calculation from a context.",G9-M4-L27,Search and Rescue Helicopter,lesson,FALSE,A1 M4 Lesson 27: Search and Rescue Helicopter,Connecticut grade 9 Alignment Guide.docx
ccss,9,standard,F-BF.A.1.a,"Determine an explicit expression, a recursive process, or steps for calculation from a context.",G9-M5-L15,Calculating Interest,lesson,FALSE,A1 M5 Lesson 15: Calculating Interest,Connecticut grade 9 Alignment Guide.docx
ccss,9,standard,F-BF.A.1.a,"Determine an explicit expression, a recursive process, or steps for calculation from a context.",G9-M5-L8,Exponential Functions,lesson,FALSE,A1 M5 Lesson 8: Exponential Functions,Connecticut grade 9 Alignment Guide.docx
ccss,9,standard,F-BF.A.1.b,Combine standard function types using arithmetic operations.,G9-M6-L4,The Deal,lesson,FALSE,A1 M6 Lesson 4: The Deal,Connecticut grade 9 Alignment Guide.docx
ccss,9,standard,F-BF.A.1.b,Combine standard function types using arithmetic operations.,G9-M6-L6,Designing a Fundraiser,lesson,FALSE,A1 M6 Lesson 6: Designing a Fundraiser,Connecticut grade 9 Alignment Guide.docx
ccss,9,standard,F-BF.A.1.b,Combine standard function types using arithmetic operations.,G9-M6-L7,World Record Doughnut,lesson,FALSE,A1 M6 Lesson 7: World Record Doughnut,Connecticut grade 9 Alignment Guide.docx
ccss,9,standard,F-BF.A.2,"Write arithmetic and geometric sequences both recursively and with an explicit formula, use them to model situations, and translate between the two forms.",G9-M5-L5,Arithmetic and Geometric Sequences,lesson,FALSE,A1 M5 Lesson 5: Arithmetic and Geometric Sequences,Connecticut grade 9 Alignment Guide.docx
ccss,9,standard,F-BF.A.2,"Write arithmetic and geometric sequences both recursively and with an explicit formula, use them to model situations, and translate between the two forms.",G9-M5-L6,Representations of Arithmetic and Geometric Sequences,lesson,FALSE,A1 M5 Lesson 6: Representations of Arithmetic and Geometric Sequences,Connecticut grade 9 Alignment Guide.docx
ccss,9,standard,F-BF.A.2,"Write arithmetic and geometric sequences both recursively and with an explicit formula, use them to model situations, and translate between the two forms.",G9-M5-L7,Sierpinski Triangle,lesson,FALSE,A1 M5 Lesson 7: Sierpinski Triangle,Connecticut grade 9 Alignment Guide.docx
ccss,9,cluster,F-BF.B,Build new functions from existing functions,,,,,,Connecticut grade 9 Alignment Guide.docx
ccss,9,standard,F-BF.B.3,"Identify the effect on the graph of replacing 𝑓(𝑥) by 𝑓(𝑥) + 𝑘, 𝑘 𝑓(𝑥), 𝑓(𝑘𝑥), and 𝑓(𝑥 + 𝑘) for specific values of 𝑘 (both positive and negative); find the value of 𝑘 given the graphs. Experiment with cases and illustrate an explanation of the effects on the graph using technology.",G9-M4-L20,Art with Transformations,lesson,FALSE,A1 M4 Lesson 20: Art with Transformations,Connecticut grade 9 Alignment Guide.docx
ccss,9,standard,F-BF.B.3,"Identify the effect on the graph of replacing 𝑓(𝑥) by 𝑓(𝑥) + 𝑘, 𝑘 𝑓(𝑥), 𝑓(𝑘𝑥), and 𝑓(𝑥 + 𝑘) for specific values of 𝑘 (both positive and negative); find the value of 𝑘 given the graphs. Experiment with cases and illustrate an explanation of the effects on the graph using technology.",G9-M5-L12,Using Transformations to Graph Exponential Functions (Bases Greater Than 1),lesson,FALSE,A1 M5 Lesson 12: Using Transformations to Graph Exponential Functions (Bases Greater Than 1),Connecticut grade 9 Alignment Guide.docx
ccss,9,standard,F-BF.B.3,"Identify the effect on the graph of replacing 𝑓(𝑥) by 𝑓(𝑥) + 𝑘, 𝑘 𝑓(𝑥), 𝑓(𝑘𝑥), and 𝑓(𝑥 + 𝑘) for specific values of 𝑘 (both positive and negative); find the value of 𝑘 given the graphs. Experiment with cases and illustrate an explanation of the effects on the graph using technology.",G9-M5-L13,Using Transformations to Graph Exponential Functions (Bases Between 0 and 1),lesson,FALSE,A1 M5 Lesson 13: Using Transformations to Graph Exponential Functions (Bases Between 0 and 1),Connecticut grade 9 Alignment Guide.docx
ccss,9,standard,F-BF.B.3,"Identify the effect on the graph of replacing 𝑓(𝑥) by 𝑓(𝑥) + 𝑘, 𝑘 𝑓(𝑥), 𝑓(𝑘𝑥), and 𝑓(𝑥 + 𝑘) for specific values of 𝑘 (both positive and negative); find the value of 𝑘 given the graphs. Experiment with cases and illustrate an explanation of the effects on the graph using technology.",G9-M5-L14,Writing Equations for Exponential Functions from Tables or Graphs,lesson,FALSE,A1 M5 Lesson 14: Writing Equations for Exponential Functions from Tables or Graphs,Connecticut grade 9 Alignment Guide.docx
ccss,9,standard,F-BF.B.3,"Identify the effect on the graph of replacing 𝑓(𝑥) by 𝑓(𝑥) + 𝑘, 𝑘 𝑓(𝑥), 𝑓(𝑘𝑥), and 𝑓(𝑥 + 𝑘) for specific values of 𝑘 (both positive and negative); find the value of 𝑘 given the graphs. Experiment with cases and illustrate an explanation of the effects on the graph using technology.",G9-M5-L23,Modeling the Temperature of Objects Cooling Over Time,lesson,FALSE,A1 M5 Lesson 23: Modeling the Temperature of Objects Cooling Over Time,Connecticut grade 9 Alignment Guide.docx
ccss,9,domain,F-IF,Interpreting Functions,,,,,,Connecticut grade 9 Alignment Guide.docx
ccss,9,domain,F-IF,Interpreting Functions,,,,,,Connecticut grade 9 Alignment Guide.docx
ccss,9,domain,F-IF,Interpreting Functions,,,,,,Connecticut grade 9 Alignment Guide.docx
ccss,9,cluster,F-IF.A,Understand the concept of a function and use function notation,,,,,,Connecticut grade 9 Alignment Guide.docx
ccss,9,standard,F-IF.A.2,"Use function notation, evaluate functions for inputs in their domains, and interpret statements that use function notation in terms of a context.",G9-M3-L1,The Definition of a Function,lesson,FALSE,A1 M3 Lesson 1: The Definition of a Function,Connecticut grade 9 Alignment Guide.docx
ccss,9,standard,F-IF.A.2,"Use function notation, evaluate functions for inputs in their domains, and interpret statements that use function notation in terms of a context.",G9-M3-L16,Step Functions,lesson,FALSE,A1 M3 Lesson 16: Step Functions,Connecticut grade 9 Alignment Guide.docx
ccss,9,standard,F-IF.A.2,"Use function notation, evaluate functions for inputs in their domains, and interpret statements that use function notation in terms of a context.",G9-M3-L2,"Representing, Naming, and Evaluating Functions",lesson,FALSE,"A1 M3 Lesson 2: Representing, Naming, and Evaluating Functions",Connecticut grade 9 Alignment Guide.docx
ccss,9,standard,F-IF.A.2,"Use function notation, evaluate functions for inputs in their domains, and interpret statements that use function notation in terms of a context.",G9-M3-L6,Representations of Functions,lesson,FALSE,A1 M3 Lesson 6: Representations of Functions,Connecticut grade 9 Alignment Guide.docx
ccss,9,standard,F-IF.A.2,"Use function notation, evaluate functions for inputs in their domains, and interpret statements that use function notation in terms of a context.",G9-M5-L1,Exploring Patterns,lesson,FALSE,A1 M5 Lesson 1: Exploring Patterns,Connecticut grade 9 Alignment Guide.docx
ccss,9,standard,F-IF.A.2,"Use function notation, evaluate functions for inputs in their domains, and interpret statements that use function notation in terms of a context.",G9-M5-L2,The Recursive Challenge,lesson,FALSE,A1 M5 Lesson 2: The Recursive Challenge,Connecticut grade 9 Alignment Guide.docx
ccss,9,standard,F-IF.A.2,"Use function notation, evaluate functions for inputs in their domains, and interpret statements that use function notation in terms of a context.",G9-M5-L3,Recursive Formulas for Sequences,lesson,FALSE,A1 M5 Lesson 3: Recursive Formulas for Sequences,Connecticut grade 9 Alignment Guide.docx
ccss,9,standard,F-IF.A.2,"Use function notation, evaluate functions for inputs in their domains, and interpret statements that use function notation in terms of a context.",G9-M5-L4,Explicit Formulas for Sequences,lesson,FALSE,A1 M5 Lesson 4: Explicit Formulas for Sequences,Connecticut grade 9 Alignment Guide.docx
ccss,9,standard,F-IF.A.2,"Use function notation, evaluate functions for inputs in their domains, and interpret statements that use function notation in terms of a context.",G9-M5-L7,Sierpinski Triangle,lesson,FALSE,A1 M5 Lesson 7: Sierpinski Triangle,Connecticut grade 9 Alignment Guide.docx
ccss,9,standard,F-IF.A.3,"Recognize that sequences are functions, sometimes defined recursively, whose domain is a subset of the integers.",G9-M5-L1,Exploring Patterns,lesson,FALSE,A1 M5 Lesson 1: Exploring Patterns,Connecticut grade 9 Alignment Guide.docx
ccss,9,standard,F-IF.A.3,"Recognize that sequences are functions, sometimes defined recursively, whose domain is a subset of the integers.",G9-M5-L2,The Recursive Challenge,lesson,FALSE,A1 M5 Lesson 2: The Recursive Challenge,Connecticut grade 9 Alignment Guide.docx
ccss,9,standard,F-IF.A.3,"Recognize that sequences are functions, sometimes defined recursively, whose domain is a subset of the integers.",G9-M5-L3,Recursive Formulas for Sequences,lesson,FALSE,A1 M5 Lesson 3: Recursive Formulas for Sequences,Connecticut grade 9 Alignment Guide.docx
ccss,9,standard,F-IF.A.3,"Recognize that sequences are functions, sometimes defined recursively, whose domain is a subset of the integers.",G9-M5-L4,Explicit Formulas for Sequences,lesson,FALSE,A1 M5 Lesson 4: Explicit Formulas for Sequences,Connecticut grade 9 Alignment Guide.docx
ccss,9,standard,F-IF.A.3,"Recognize that sequences are functions, sometimes defined recursively, whose domain is a subset of the integers.",G9-M5-L5,Arithmetic and Geometric Sequences,lesson,FALSE,A1 M5 Lesson 5: Arithmetic and Geometric Sequences,Connecticut grade 9 Alignment Guide.docx
ccss,9,standard,F-IF.A.3,"Recognize that sequences are functions, sometimes defined recursively, whose domain is a subset of the integers.",G9-M5-L6,Representations of Arithmetic and Geometric Sequences,lesson,FALSE,A1 M5 Lesson 6: Representations of Arithmetic and Geometric Sequences,Connecticut grade 9 Alignment Guide.docx
ccss,9,cluster,F-IF.B,Interpret functions that arise in applications in terms of the context,,,,,,Connecticut grade 9 Alignment Guide.docx
ccss,9,standard,F-IF.B.4,"For a function that models a relationship between two quantities, interpret key features of graphs and tables in terms of the quantities, and sketch graphs showing key features given a verbal description of the relationship.",G9-M3-L11,Comparing Functions,lesson,FALSE,A1 M3 Lesson 11: Comparing Functions,Connecticut grade 9 Alignment Guide.docx
ccss,9,standard,F-IF.B.4,"For a function that models a relationship between two quantities, interpret key features of graphs and tables in terms of the quantities, and sketch graphs showing key features given a verbal description of the relationship.",G9-M3-L12,Mars Curiosity Rover,lesson,FALSE,A1 M3 Lesson 12: Mars Curiosity Rover,Connecticut grade 9 Alignment Guide.docx
ccss,9,standard,F-IF.B.4,"For a function that models a relationship between two quantities, interpret key features of graphs and tables in terms of the quantities, and sketch graphs showing key features given a verbal description of the relationship.",G9-M3-L13,Modeling Elevation as a Function of Time,lesson,FALSE,A1 M3 Lesson 13: Modeling Elevation as a Function of Time,Connecticut grade 9 Alignment Guide.docx
ccss,9,standard,F-IF.B.4,"For a function that models a relationship between two quantities, interpret key features of graphs and tables in terms of the quantities, and sketch graphs showing key features given a verbal description of the relationship.",G9-M3-L7,Exploring Key Features of a Function and Its Graph,lesson,FALSE,A1 M3 Lesson 7: Exploring Key Features of a Function and Its Graph,Connecticut grade 9 Alignment Guide.docx
ccss,9,standard,F-IF.B.4,"For a function that models a relationship between two quantities, interpret key features of graphs and tables in terms of the quantities, and sketch graphs showing key features given a verbal description of the relationship.",G9-M3-L8,Identifying Key Features of a Function and Its Graph,lesson,FALSE,A1 M3 Lesson 8: Identifying Key Features of a Function and Its Graph,Connecticut grade 9 Alignment Guide.docx
ccss,9,standard,F-IF.B.4,"For a function that models a relationship between two quantities, interpret key features of graphs and tables in terms of the quantities, and sketch graphs showing key features given a verbal description of the relationship.",G9-M3-L9,Representing Functions from Verbal Descriptions,lesson,FALSE,A1 M3 Lesson 9: Representing Functions from Verbal Descriptions,Connecticut grade 9 Alignment Guide.docx
ccss,9,standard,F-IF.B.4,"For a function that models a relationship between two quantities, interpret key features of graphs and tables in terms of the quantities, and sketch graphs showing key features given a verbal description of the relationship.",G9-M4-L1,Falling Objects,lesson,FALSE,A1 M4 Lesson 1: Falling Objects,Connecticut grade 9 Alignment Guide.docx
ccss,9,standard,F-IF.B.4,"For a function that models a relationship between two quantities, interpret key features of graphs and tables in terms of the quantities, and sketch graphs showing key features given a verbal description of the relationship.",G9-M4-L11,Graphing Quadratic Functions from Factored Form,lesson,FALSE,A1 M4 Lesson 11: Graphing Quadratic Functions from Factored Form,Connecticut grade 9 Alignment Guide.docx
ccss,9,standard,F-IF.B.4,"For a function that models a relationship between two quantities, interpret key features of graphs and tables in terms of the quantities, and sketch graphs showing key features given a verbal description of the relationship.",G9-M4-L12,Using Symmetry to Graph Quadratic Functions from Standard Form,lesson,FALSE,A1 M4 Lesson 12: Using Symmetry to Graph Quadratic Functions from Standard Form,Connecticut grade 9 Alignment Guide.docx
ccss,9,standard,F-IF.B.4,"For a function that models a relationship between two quantities, interpret key features of graphs and tables in terms of the quantities, and sketch graphs showing key features given a verbal description of the relationship.",G9-M4-L2,Projectile Motion,lesson,FALSE,A1 M4 Lesson 2: Projectile Motion,Connecticut grade 9 Alignment Guide.docx
ccss,9,standard,F-IF.B.4,"For a function that models a relationship between two quantities, interpret key features of graphs and tables in terms of the quantities, and sketch graphs showing key features given a verbal description of the relationship.",G9-M4-L21,Completing the Square to Graph Quadratic Functions,lesson,FALSE,A1 M4 Lesson 21: Completing the Square to Graph Quadratic Functions,Connecticut grade 9 Alignment Guide.docx
ccss,9,standard,F-IF.B.4,"For a function that models a relationship between two quantities, interpret key features of graphs and tables in terms of the quantities, and sketch graphs showing key features given a verbal description of the relationship.",G9-M4-L23,Creating Equations of Quadratic Functions to Model Contexts,lesson,FALSE,A1 M4 Lesson 23: Creating Equations of Quadratic Functions to Model Contexts,Connecticut grade 9 Alignment Guide.docx
ccss,9,standard,F-IF.B.4,"For a function that models a relationship between two quantities, interpret key features of graphs and tables in terms of the quantities, and sketch graphs showing key features given a verbal description of the relationship.",G9-M4-L25,Maximizing Area,lesson,FALSE,A1 M4 Lesson 25: Maximizing Area,Connecticut grade 9 Alignment Guide.docx
ccss,9,standard,F-IF.B.4,"For a function that models a relationship between two quantities, interpret key features of graphs and tables in terms of the quantities, and sketch graphs showing key features given a verbal description of the relationship.",G9-M4-L3,Analyzing Functions That Model Projectile Motion,lesson,FALSE,A1 M4 Lesson 3: Analyzing Functions That Model Projectile Motion,Connecticut grade 9 Alignment Guide.docx
ccss,9,standard,F-IF.B.5,"Relate the domain of a function to its graph and, where applicable, to the quantitative relationship it describes.",G9-M3-L13,Modeling Elevation as a Function of Time,lesson,FALSE,A1 M3 Lesson 13: Modeling Elevation as a Function of Time,Connecticut grade 9 Alignment Guide.docx
ccss,9,standard,F-IF.B.5,"Relate the domain of a function to its graph and, where applicable, to the quantitative relationship it describes.",G9-M3-L16,Step Functions,lesson,FALSE,A1 M3 Lesson 16: Step Functions,Connecticut grade 9 Alignment Guide.docx
ccss,9,standard,F-IF.B.5,"Relate the domain of a function to its graph and, where applicable, to the quantitative relationship it describes.",G9-M3-L3,The Graph of a Function,lesson,FALSE,A1 M3 Lesson 3: The Graph of a Function,Connecticut grade 9 Alignment Guide.docx
ccss,9,standard,F-IF.B.5,"Relate the domain of a function to its graph and, where applicable, to the quantitative relationship it describes.",G9-M4-L2,Projectile Motion,lesson,FALSE,A1 M4 Lesson 2: Projectile Motion,Connecticut grade 9 Alignment Guide.docx
ccss,9,standard,F-IF.B.5,"Relate the domain of a function to its graph and, where applicable, to the quantitative relationship it describes.",G9-M4-L23,Creating Equations of Quadratic Functions to Model Contexts,lesson,FALSE,A1 M4 Lesson 23: Creating Equations of Quadratic Functions to Model Contexts,Connecticut grade 9 Alignment Guide.docx
ccss,9,standard,F-IF.B.5,"Relate the domain of a function to its graph and, where applicable, to the quantitative relationship it describes.",G9-M4-L3,Analyzing Functions That Model Projectile Motion,lesson,FALSE,A1 M4 Lesson 3: Analyzing Functions That Model Projectile Motion,Connecticut grade 9 Alignment Guide.docx
ccss,9,standard,F-IF.B.6,Calculate and interpret the average rate of change of a function (presented symbolically or as a table) over a specified interval. Estimate the rate of change from a graph.,G9-M4-L1,Falling Objects,lesson,FALSE,A1 M4 Lesson 1: Falling Objects,Connecticut grade 9 Alignment Guide.docx
ccss,9,standard,F-IF.B.6,Calculate and interpret the average rate of change of a function (presented symbolically or as a table) over a specified interval. Estimate the rate of change from a graph.,G9-M4-L12,Using Symmetry to Graph Quadratic Functions from Standard Form,lesson,FALSE,A1 M4 Lesson 12: Using Symmetry to Graph Quadratic Functions from Standard Form,Connecticut grade 9 Alignment Guide.docx
ccss,9,standard,F-IF.B.6,Calculate and interpret the average rate of change of a function (presented symbolically or as a table) over a specified interval. Estimate the rate of change from a graph.,G9-M4-L3,Analyzing Functions That Model Projectile Motion,lesson,FALSE,A1 M4 Lesson 3: Analyzing Functions That Model Projectile Motion,Connecticut grade 9 Alignment Guide.docx
ccss,9,standard,F-IF.B.6,Calculate and interpret the average rate of change of a function (presented symbolically or as a table) over a specified interval. Estimate the rate of change from a graph.,G9-M5-L19,Analyzing Exponential Growth,lesson,FALSE,A1 M5 Lesson 19: Analyzing Exponential Growth,Connecticut grade 9 Alignment Guide.docx
ccss,9,standard,F-IF.B.6,Calculate and interpret the average rate of change of a function (presented symbolically or as a table) over a specified interval. Estimate the rate of change from a graph.,G9-M5-L20,Comparing Growth of Functions,lesson,FALSE,A1 M5 Lesson 20: Comparing Growth of Functions,Connecticut grade 9 Alignment Guide.docx
ccss,9,standard,F-IF.B.6,Calculate and interpret the average rate of change of a function (presented symbolically or as a table) over a specified interval. Estimate the rate of change from a graph.,G9-M5-L24,Modeling an Invasive Species Population,lesson,FALSE,A1 M5 Lesson 24: Modeling an Invasive Species Population,Connecticut grade 9 Alignment Guide.docx
ccss,9,cluster,F-IF.C,Analyze functions using different representations,,,,,,Connecticut grade 9 Alignment Guide.docx
ccss,9,standard,F-IF.C.7.a,"Graph linear and quadratic functions and show intercepts, maxima, and minima.",G9-M3-L4,The Graph of the Equation y = f(x),lesson,FALSE,A1 M3 Lesson 4: The Graph of the Equation y = f(x),Connecticut grade 9 Alignment Guide.docx
ccss,9,standard,F-IF.C.7.a,"Graph linear and quadratic functions and show intercepts, maxima, and minima.",G9-M3-L5,Using Pseudocode to Compare Graphs of Functions and Graphs of Equations,lesson,FALSE,A1 M3 Lesson 5: Using Pseudocode to Compare Graphs of Functions and Graphs of Equations,Connecticut grade 9 Alignment Guide.docx
ccss,9,standard,F-IF.C.7.a,"Graph linear and quadratic functions and show intercepts, maxima, and minima.",G9-M3-L6,Representations of Functions,lesson,FALSE,A1 M3 Lesson 6: Representations of Functions,Connecticut grade 9 Alignment Guide.docx
ccss,9,standard,F-IF.C.7.a,"Graph linear and quadratic functions and show intercepts, maxima, and minima.",G9-M4-L11,Graphing Quadratic Functions from Factored Form,lesson,FALSE,A1 M4 Lesson 11: Graphing Quadratic Functions from Factored Form,Connecticut grade 9 Alignment Guide.docx
ccss,9,standard,F-IF.C.7.a,"Graph linear and quadratic functions and show intercepts, maxima, and minima.",G9-M4-L12,Using Symmetry to Graph Quadratic Functions from Standard Form,lesson,FALSE,A1 M4 Lesson 12: Using Symmetry to Graph Quadratic Functions from Standard Form,Connecticut grade 9 Alignment Guide.docx
ccss,9,standard,F-IF.C.7.a,"Graph linear and quadratic functions and show intercepts, maxima, and minima.",G9-M4-L19,Transforming the Graphs of Quadratic Functions,lesson,FALSE,A1 M4 Lesson 19: Transforming the Graphs of Quadratic Functions,Connecticut grade 9 Alignment Guide.docx
ccss,9,standard,F-IF.C.7.a,"Graph linear and quadratic functions and show intercepts, maxima, and minima.",G9-M4-L23,Creating Equations of Quadratic Functions to Model Contexts,lesson,FALSE,A1 M4 Lesson 23: Creating Equations of Quadratic Functions to Model Contexts,Connecticut grade 9 Alignment Guide.docx
ccss,9,standard,F-IF.C.7.a,"Graph linear and quadratic functions and show intercepts, maxima, and minima.",G9-M4-L4,Graphs of Quadratic Functions,lesson,FALSE,A1 M4 Lesson 4: Graphs of Quadratic Functions,Connecticut grade 9 Alignment Guide.docx
ccss,9,standard,F-IF.C.7.b,"Graph square root, cube root, and piecewise-defined functions, including step functions and absolute value functions.",G9-M3-L19,Building New Functions—Translations,lesson,FALSE,A1 M3 Lesson 19: Building New Functions—Translations,Connecticut grade 9 Alignment Guide.docx
ccss,9,standard,F-IF.C.7.b,"Graph square root, cube root, and piecewise-defined functions, including step functions and absolute value functions.",G9-M3-L23,A Summary of Transforming the Graph of a Function,lesson,FALSE,A1 M3 Lesson 23: A Summary of Transforming the Graph of a Function,Connecticut grade 9 Alignment Guide.docx
ccss,9,standard,F-IF.C.7.e,"Graph exponential and logarithmic functions, showing intercepts and end behavior, and trigonometric functions, showing period, midline, and amplitude.",G9-M5-L11,Graphing Exponential Functions,lesson,FALSE,A1 M5 Lesson 11: Graphing Exponential Functions,Connecticut grade 9 Alignment Guide.docx
ccss,9,standard,F-IF.C.7.e,"Graph exponential and logarithmic functions, showing intercepts and end behavior, and trigonometric functions, showing period, midline, and amplitude.",G9-M5-L12,Using Transformations to Graph Exponential Functions (Bases Greater Than 1),lesson,FALSE,A1 M5 Lesson 12: Using Transformations to Graph Exponential Functions (Bases Greater Than 1),Connecticut grade 9 Alignment Guide.docx
ccss,9,standard,F-IF.C.7.e,"Graph exponential and logarithmic functions, showing intercepts and end behavior, and trigonometric functions, showing period, midline, and amplitude.",G9-M5-L13,Using Transformations to Graph Exponential Functions (Bases Between 0 and 1),lesson,FALSE,A1 M5 Lesson 13: Using Transformations to Graph Exponential Functions (Bases Between 0 and 1),Connecticut grade 9 Alignment Guide.docx
ccss,9,standard,F-IF.C.8.a,"Use the process of factoring and completing the square in a quadratic function to show zeros, extreme values, and symmetry of the graph, and interpret these in terms of a context.",G9-M4-L10,Zeros of Functions,lesson,FALSE,A1 M4 Lesson 10: Zeros of Functions,Connecticut grade 9 Alignment Guide.docx
ccss,9,standard,F-IF.C.8.a,"Use the process of factoring and completing the square in a quadratic function to show zeros, extreme values, and symmetry of the graph, and interpret these in terms of a context.",G9-M4-L11,Graphing Quadratic Functions from Factored Form,lesson,FALSE,A1 M4 Lesson 11: Graphing Quadratic Functions from Factored Form,Connecticut grade 9 Alignment Guide.docx
ccss,9,standard,F-IF.C.8.a,"Use the process of factoring and completing the square in a quadratic function to show zeros, extreme values, and symmetry of the graph, and interpret these in terms of a context.",G9-M4-L22,A Summary of Graphing Quadratic Functions,lesson,FALSE,A1 M4 Lesson 22: A Summary of Graphing Quadratic Functions,Connecticut grade 9 Alignment Guide.docx
ccss,9,standard,F-IF.C.8.b,Use the properties of exponents to interpret expressions for exponential functions.,G9-M5-L11,Graphing Exponential Functions,lesson,FALSE,A1 M5 Lesson 11: Graphing Exponential Functions,Connecticut grade 9 Alignment Guide.docx
ccss,9,standard,F-IF.C.8.b,Use the properties of exponents to interpret expressions for exponential functions.,G9-M5-L12,Using Transformations to Graph Exponential Functions (Bases Greater Than 1),lesson,FALSE,A1 M5 Lesson 12: Using Transformations to Graph Exponential Functions (Bases Greater Than 1),Connecticut grade 9 Alignment Guide.docx
ccss,9,standard,F-IF.C.8.b,Use the properties of exponents to interpret expressions for exponential functions.,G9-M5-L18,Modeling Populations,lesson,FALSE,A1 M5 Lesson 18: Modeling Populations,Connecticut grade 9 Alignment Guide.docx
ccss,9,standard,F-IF.C.9,"Compare properties of two functions each represented in a different way (algebraically, graphically, numerically in tables, or by verbal descriptions).",G9-M3-L11,Comparing Functions,lesson,FALSE,A1 M3 Lesson 11: Comparing Functions,Connecticut grade 9 Alignment Guide.docx
ccss,9,standard,F-IF.C.9,"Compare properties of two functions each represented in a different way (algebraically, graphically, numerically in tables, or by verbal descriptions).",G9-M4-L12,Using Symmetry to Graph Quadratic Functions from Standard Form,lesson,FALSE,A1 M4 Lesson 12: Using Symmetry to Graph Quadratic Functions from Standard Form,Connecticut grade 9 Alignment Guide.docx
ccss,9,standard,F-IF.C.9,"Compare properties of two functions each represented in a different way (algebraically, graphically, numerically in tables, or by verbal descriptions).",G9-M4-L21,Completing the Square to Graph Quadratic Functions,lesson,FALSE,A1 M4 Lesson 21: Completing the Square to Graph Quadratic Functions,Connecticut grade 9 Alignment Guide.docx
ccss,9,domain,F-LE,"Linear, Quadratic, and Exponential Models",,,,,,Connecticut grade 9 Alignment Guide.docx
ccss,9,domain,F-LE,"Linear, Quadratic, and Exponential Models",,,,,,Connecticut grade 9 Alignment Guide.docx
ccss,9,cluster,F-LE.A,"Construct and compare linear, quadratic, and exponential models and solve problems",,,,,,Connecticut grade 9 Alignment Guide.docx
ccss,9,standard,F-LE.A.1,Distinguish between situations that can be modeled with linear functions and with exponential functions.,G9-M5-L15,Calculating Interest,lesson,FALSE,A1 M5 Lesson 15: Calculating Interest,Connecticut grade 9 Alignment Guide.docx
ccss,9,standard,F-LE.A.1,Distinguish between situations that can be modeled with linear functions and with exponential functions.,G9-M5-L18,Modeling Populations,lesson,FALSE,A1 M5 Lesson 18: Modeling Populations,Connecticut grade 9 Alignment Guide.docx
ccss,9,standard,F-LE.A.1,Distinguish between situations that can be modeled with linear functions and with exponential functions.,G9-M5-L21,World Population Prediction,lesson,FALSE,A1 M5 Lesson 21: World Population Prediction,Connecticut grade 9 Alignment Guide.docx
ccss,9,standard,F-LE.A.1,Distinguish between situations that can be modeled with linear functions and with exponential functions.,G9-M5-L22,A Closer Look at Populations,lesson,FALSE,A1 M5 Lesson 22: A Closer Look at Populations,Connecticut grade 9 Alignment Guide.docx
ccss,9,standard,F-LE.A.1,Distinguish between situations that can be modeled with linear functions and with exponential functions.,G9-M5-L24,Modeling an Invasive Species Population,lesson,FALSE,A1 M5 Lesson 24: Modeling an Invasive Species Population,Connecticut grade 9 Alignment Guide.docx
ccss,9,standard,F-LE.A.1.a,"Prove that linear functions grow by equal differences over equal intervals, and that exponential functions grow by equal factors over equal intervals.",G9-M5-L19,Analyzing Exponential Growth,lesson,FALSE,A1 M5 Lesson 19: Analyzing Exponential Growth,Connecticut grade 9 Alignment Guide.docx
ccss,9,standard,F-LE.A.1.b,Recognize situations in which one quantity changes at a constant rate per unit interval relative to another.,G9-M5-L15,Calculating Interest,lesson,FALSE,A1 M5 Lesson 15: Calculating Interest,Connecticut grade 9 Alignment Guide.docx
ccss,9,standard,F-LE.A.1.b,Recognize situations in which one quantity changes at a constant rate per unit interval relative to another.,G9-M5-L18,Modeling Populations,lesson,FALSE,A1 M5 Lesson 18: Modeling Populations,Connecticut grade 9 Alignment Guide.docx
ccss,9,standard,F-LE.A.1.b,Recognize situations in which one quantity changes at a constant rate per unit interval relative to another.,G9-M5-L21,World Population Prediction,lesson,FALSE,A1 M5 Lesson 21: World Population Prediction,Connecticut grade 9 Alignment Guide.docx
ccss,9,standard,F-LE.A.1.b,Recognize situations in which one quantity changes at a constant rate per unit interval relative to another.,G9-M5-L22,A Closer Look at Populations,lesson,FALSE,A1 M5 Lesson 22: A Closer Look at Populations,Connecticut grade 9 Alignment Guide.docx
ccss,9,standard,F-LE.A.1.b,Recognize situations in which one quantity changes at a constant rate per unit interval relative to another.,G9-M5-L24,Modeling an Invasive Species Population,lesson,FALSE,A1 M5 Lesson 24: Modeling an Invasive Species Population,Connecticut grade 9 Alignment Guide.docx
ccss,9,standard,F-LE.A.1.c,Recognize situations in which a quantity grows or decays by a constant percent rate per unit interval relative to another.,G9-M5-L15,Calculating Interest,lesson,FALSE,A1 M5 Lesson 15: Calculating Interest,Connecticut grade 9 Alignment Guide.docx
ccss,9,standard,F-LE.A.1.c,Recognize situations in which a quantity grows or decays by a constant percent rate per unit interval relative to another.,G9-M5-L18,Modeling Populations,lesson,FALSE,A1 M5 Lesson 18: Modeling Populations,Connecticut grade 9 Alignment Guide.docx
ccss,9,standard,F-LE.A.1.c,Recognize situations in which a quantity grows or decays by a constant percent rate per unit interval relative to another.,G9-M5-L21,World Population Prediction,lesson,FALSE,A1 M5 Lesson 21: World Population Prediction,Connecticut grade 9 Alignment Guide.docx
ccss,9,standard,F-LE.A.1.c,Recognize situations in which a quantity grows or decays by a constant percent rate per unit interval relative to another.,G9-M5-L22,A Closer Look at Populations,lesson,FALSE,A1 M5 Lesson 22: A Closer Look at Populations,Connecticut grade 9 Alignment Guide.docx
ccss,9,standard,F-LE.A.1.c,Recognize situations in which a quantity grows or decays by a constant percent rate per unit interval relative to another.,G9-M5-L24,Modeling an Invasive Species Population,lesson,FALSE,A1 M5 Lesson 24: Modeling an Invasive Species Population,Connecticut grade 9 Alignment Guide.docx
ccss,9,standard,F-LE.A.2,"Construct linear and exponential functions, including arithmetic and geometric sequences, given a graph, a description of a relationship, or two input-output pairs (include reading these from a table).",G9-M5-L14,Writing Equations for Exponential Functions from Tables or Graphs,lesson,FALSE,A1 M5 Lesson 14: Writing Equations for Exponential Functions from Tables or Graphs,Connecticut grade 9 Alignment Guide.docx
ccss,9,standard,F-LE.A.2,"Construct linear and exponential functions, including arithmetic and geometric sequences, given a graph, a description of a relationship, or two input-output pairs (include reading these from a table).",G9-M5-L16,Exponential Growth,lesson,FALSE,A1 M5 Lesson 16: Exponential Growth,Connecticut grade 9 Alignment Guide.docx
ccss,9,standard,F-LE.A.2,"Construct linear and exponential functions, including arithmetic and geometric sequences, given a graph, a description of a relationship, or two input-output pairs (include reading these from a table).",G9-M5-L17,Exponential Decay,lesson,FALSE,A1 M5 Lesson 17: Exponential Decay,Connecticut grade 9 Alignment Guide.docx
ccss,9,standard,F-LE.A.2,"Construct linear and exponential functions, including arithmetic and geometric sequences, given a graph, a description of a relationship, or two input-output pairs (include reading these from a table).",G9-M5-L8,Exponential Functions,lesson,FALSE,A1 M5 Lesson 8: Exponential Functions,Connecticut grade 9 Alignment Guide.docx
ccss,9,standard,F-LE.A.3,"Observe using graphs and tables that a quantity increasing exponentially eventually exceeds a quantity increasing linearly, quadratically, or (more generally) as a polynomial function.",G9-M5-L20,Comparing Growth of Functions,lesson,FALSE,A1 M5 Lesson 20: Comparing Growth of Functions,Connecticut grade 9 Alignment Guide.docx
ccss,9,cluster,F-LE.B,Interpret expressions for functions in terms of the situation they model,,,,,,Connecticut grade 9 Alignment Guide.docx
ccss,9,standard,F-LE.B.5,Interpret the parameters in a linear or exponential function in terms of a context.,G9-M5-L18,Modeling Populations,lesson,FALSE,A1 M5 Lesson 18: Modeling Populations,Connecticut grade 9 Alignment Guide.docx
ccss,9,standard,F-LE.B.5,Interpret the parameters in a linear or exponential function in terms of a context.,G9-M5-L19,Analyzing Exponential Growth,lesson,FALSE,A1 M5 Lesson 19: Analyzing Exponential Growth,Connecticut grade 9 Alignment Guide.docx
ccss,9,standard,F-LE.B.5,Interpret the parameters in a linear or exponential function in terms of a context.,G9-M5-L23,Modeling the Temperature of Objects Cooling Over Time,lesson,FALSE,A1 M5 Lesson 23: Modeling the Temperature of Objects Cooling Over Time,Connecticut grade 9 Alignment Guide.docx
ccss,9,standard,F-LE.B.5,Interpret the parameters in a linear or exponential function in terms of a context.,G9-M5-L24,Modeling an Invasive Species Population,lesson,FALSE,A1 M5 Lesson 24: Modeling an Invasive Species Population,Connecticut grade 9 Alignment Guide.docx
ccss,9,domain,N-Q,Quantities,,,,,,Connecticut grade 9 Alignment Guide.docx
ccss,9,cluster,N-Q.A,Reason quantitatively and use units to solve problems.,,,,,,Connecticut grade 9 Alignment Guide.docx
ccss,9,standard,N-Q.A.1,Use units as a way to understand problems and to guide the solution of multi-step problems; choose and interpret units consistently in formulas; choose and interpret the scale and the origin in graphs and data displays.,G9-M6-L5,Solar System Models,lesson,FALSE,A1 M6 Lesson 5: Solar System Models,Connecticut grade 9 Alignment Guide.docx
ccss,9,standard,N-Q.A.2,Define appropriate quantities for the purpose of descriptive modeling.,G9-M4-L25,Maximizing Area,lesson,FALSE,A1 M4 Lesson 25: Maximizing Area,Connecticut grade 9 Alignment Guide.docx
ccss,9,standard,N-Q.A.2,Define appropriate quantities for the purpose of descriptive modeling.,G9-M6-L5,Solar System Models,lesson,FALSE,A1 M6 Lesson 5: Solar System Models,Connecticut grade 9 Alignment Guide.docx
ccss,9,standard,N-Q.A.3,Choose a level of accuracy appropriate to limitations on measurement when reporting quantities.,G9-M6-L5,Solar System Models,lesson,FALSE,A1 M6 Lesson 5: Solar System Models,Connecticut grade 9 Alignment Guide.docx
ccss,9,domain,N-RN,The Real Number System,,,,,,Connecticut grade 9 Alignment Guide.docx
ccss,9,domain,N-RN,The Real Number System,,,,,,Connecticut grade 9 Alignment Guide.docx
ccss,9,cluster,N-RN.A,Extend the properties of exponents to rational exponents.,,,,,,Connecticut grade 9 Alignment Guide.docx
ccss,9,standard,N-RN.A.1,"Explain how the definition of the meaning of rational exponents follows from extending the properties of integer exponents to those values, allowing for a notation for radicals in terms of rational exponents.",G9-M5-L10,Rational Exponents,lesson,FALSE,A1 M5 Lesson 10: Rational Exponents,Connecticut grade 9 Alignment Guide.docx
ccss,9,standard,N-RN.A.1,"Explain how the definition of the meaning of rational exponents follows from extending the properties of integer exponents to those values, allowing for a notation for radicals in terms of rational exponents.",G9-M5-L9,Unit Fraction Exponents,lesson,FALSE,A1 M5 Lesson 9: Unit Fraction Exponents,Connecticut grade 9 Alignment Guide.docx
ccss,9,standard,N-RN.A.2,Rewrite expressions involving radicals and rational exponents using the properties of exponents.,G9-M5-L10,Rational Exponents,lesson,FALSE,A1 M5 Lesson 10: Rational Exponents,Connecticut grade 9 Alignment Guide.docx
ccss,9,standard,N-RN.A.2,Rewrite expressions involving radicals and rational exponents using the properties of exponents.,G9-M5-L9,Unit Fraction Exponents,lesson,FALSE,A1 M5 Lesson 9: Unit Fraction Exponents,Connecticut grade 9 Alignment Guide.docx
ccss,9,cluster,N-RN.B,Use properties of rational and irrational numbers.,,,,,,Connecticut grade 9 Alignment Guide.docx
ccss,9,standard,N-RN.B.3,Explain why the sum or product of two rational numbers is rational; that the sum of a rational number and an irrational number is irrational; and that the product of a nonzero rational number and an irrational number is irrational.,G9-M4-L13,Using Square Roots to Solve Quadratic Equations,lesson,FALSE,A1 M4 Lesson 13: Using Square Roots to Solve Quadratic Equations,Connecticut grade 9 Alignment Guide.docx
ccss,9,standard,N-RN.B.3,Explain why the sum or product of two rational numbers is rational; that the sum of a rational number and an irrational number is irrational; and that the product of a nonzero rational number and an irrational number is irrational.,G9-M4-L17,Rewriting Square Roots,lesson,FALSE,A1 M4 Lesson 17: Rewriting Square Roots,Connecticut grade 9 Alignment Guide.docx
ccss,9,domain,S-ID,Interpreting Categorical and Quantitative Data,,,,,,Connecticut grade 9 Alignment Guide.docx
ccss,9,domain,S-ID,Interpreting Categorical and Quantitative Data,,,,,,Connecticut grade 9 Alignment Guide.docx
ccss,9,domain,S-ID,Interpreting Categorical and Quantitative Data,,,,,,Connecticut grade 9 Alignment Guide.docx
ccss,9,cluster,S-ID.A,"Summarize, represent, and interpret data on a single count or measurement variable",,,,,,Connecticut grade 9 Alignment Guide.docx
ccss,9,standard,S-ID.A.1,"Represent data with plots on the real number line (dot plots, histograms, and box plots).",G9-M1-L18,Distributions and Their Shapes,lesson,FALSE,A1 M1 Lesson 18: Distributions and Their Shapes,Connecticut grade 9 Alignment Guide.docx
ccss,9,standard,S-ID.A.1,"Represent data with plots on the real number line (dot plots, histograms, and box plots).",G9-M1-L19,Describing the Center of a Distribution,lesson,FALSE,A1 M1 Lesson 19: Describing the Center of a Distribution,Connecticut grade 9 Alignment Guide.docx
ccss,9,standard,S-ID.A.1,"Represent data with plots on the real number line (dot plots, histograms, and box plots).",G9-M1-L20,Using Center to Compare Data Distributions,lesson,FALSE,A1 M1 Lesson 20: Using Center to Compare Data Distributions,Connecticut grade 9 Alignment Guide.docx
ccss,9,cluster,S-ID.B,"Summarize, represent, and interpret data on two categorical and quantitative variables",,,,,,Connecticut grade 9 Alignment Guide.docx
ccss,9,standard,S-ID.B.6,"Represent data on two quantitative variables on a scatter plot, and describe how the variables are related.",G9-M2-L15,Relationships Between Quantitative Variables,lesson,FALSE,A1 M2 Lesson 15: Relationships Between Quantitative Variables,Connecticut grade 9 Alignment Guide.docx
ccss,9,standard,S-ID.B.6,"Represent data on two quantitative variables on a scatter plot, and describe how the variables are related.",G9-M2-L21,Analyzing Bivariate Quantitative Data,lesson,FALSE,A1 M2 Lesson 21: Analyzing Bivariate Quantitative Data,Connecticut grade 9 Alignment Guide.docx
ccss,9,standard,S-ID.B.6.a,Fit a function to the data; use functions fitted to data to solve problems in the context of the data.,G9-M2-L16,Using Lines to Model Bivariate Quantitative Data,lesson,FALSE,A1 M2 Lesson 16: Using Lines to Model Bivariate Quantitative Data,Connecticut grade 9 Alignment Guide.docx
ccss,9,standard,S-ID.B.6.a,Fit a function to the data; use functions fitted to data to solve problems in the context of the data.,G9-M2-L17,Modeling Relationships with a Line,lesson,FALSE,A1 M2 Lesson 17: Modeling Relationships with a Line,Connecticut grade 9 Alignment Guide.docx
ccss,9,standard,S-ID.B.6.a,Fit a function to the data; use functions fitted to data to solve problems in the context of the data.,G9-M4-L23,Creating Equations of Quadratic Functions to Model Contexts,lesson,FALSE,A1 M4 Lesson 23: Creating Equations of Quadratic Functions to Model Contexts,Connecticut grade 9 Alignment Guide.docx
ccss,9,standard,S-ID.B.6.a,Fit a function to the data; use functions fitted to data to solve problems in the context of the data.,G9-M4-L26,Modeling Data with Quadratic Functions,lesson,FALSE,A1 M4 Lesson 26: Modeling Data with Quadratic Functions,Connecticut grade 9 Alignment Guide.docx
ccss,9,standard,S-ID.B.6.a,Fit a function to the data; use functions fitted to data to solve problems in the context of the data.,G9-M4-L27,Search and Rescue Helicopter,lesson,FALSE,A1 M4 Lesson 27: Search and Rescue Helicopter,Connecticut grade 9 Alignment Guide.docx
ccss,9,standard,S-ID.B.6.b,Informally assess the fit of a function by plotting and analyzing residuals.,G9-M2-L18,Calculating and Analyzing Residuals,lesson,FALSE,A1 M2 Lesson 18: Calculating and Analyzing Residuals,Connecticut grade 9 Alignment Guide.docx
ccss,9,standard,S-ID.B.6.b,Informally assess the fit of a function by plotting and analyzing residuals.,G9-M2-L19,Analyzing Residuals,lesson,FALSE,A1 M2 Lesson 19: Analyzing Residuals,Connecticut grade 9 Alignment Guide.docx
ccss,9,standard,S-ID.B.6.c,Fit a linear function for a scatter plot that suggests a linear association.,G9-M2-L17,Modeling Relationships with a Line,lesson,FALSE,A1 M2 Lesson 17: Modeling Relationships with a Line,Connecticut grade 9 Alignment Guide.docx
ccss,9,standard,S-ID.B.6.c,Fit a linear function for a scatter plot that suggests a linear association.,G9-M2-L18,Calculating and Analyzing Residuals,lesson,FALSE,A1 M2 Lesson 18: Calculating and Analyzing Residuals,Connecticut grade 9 Alignment Guide.docx
ccss,9,standard,S-ID.B.6.c,Fit a linear function for a scatter plot that suggests a linear association.,G9-M2-L20,Interpreting Correlation,lesson,FALSE,A1 M2 Lesson 20: Interpreting Correlation,Connecticut grade 9 Alignment Guide.docx
ccss,9,cluster,S-ID.C,Interpret linear models,,,,,,Connecticut grade 9 Alignment Guide.docx
ccss,9,standard,S-ID.C.7,Interpret the slope (rate of change) and the intercept (constant term) of a linear model in the context of the data.,G9-M2-L16,Using Lines to Model Bivariate Quantitative Data,lesson,FALSE,A1 M2 Lesson 16: Using Lines to Model Bivariate Quantitative Data,Connecticut grade 9 Alignment Guide.docx
ccss,9,standard,S-ID.C.7,Interpret the slope (rate of change) and the intercept (constant term) of a linear model in the context of the data.,G9-M2-L21,Analyzing Bivariate Quantitative Data,lesson,FALSE,A1 M2 Lesson 21: Analyzing Bivariate Quantitative Data,Connecticut grade 9 Alignment Guide.docx
ccss,9,standard,S-ID.C.8,Compute (using technology) and interpret the correlation coefficient of a linear fit.,G9-M2-L20,Interpreting Correlation,lesson,FALSE,A1 M2 Lesson 20: Interpreting Correlation,Connecticut grade 9 Alignment Guide.docx
ccss,9,standard,S-ID.C.8,Compute (using technology) and interpret the correlation coefficient of a linear fit.,G9-M2-L21,Analyzing Bivariate Quantitative Data,lesson,FALSE,A1 M2 Lesson 21: Analyzing Bivariate Quantitative Data,Connecticut grade 9 Alignment Guide.docx
ccss,9,standard,S-ID.C.9,Distinguish between correlation and causation.,G9-M2-L20,Interpreting Correlation,lesson,FALSE,A1 M2 Lesson 20: Interpreting Correlation,Connecticut grade 9 Alignment Guide.docx
ccss,9,standard,S-ID.C.9,Distinguish between correlation and causation.,G9-M2-L21,Analyzing Bivariate Quantitative Data,lesson,FALSE,A1 M2 Lesson 21: Analyzing Bivariate Quantitative Data,Connecticut grade 9 Alignment Guide.docx
ccss,K,domain,K.CC,Counting and Cardinality,,,,,,Connecticut grade K Alignment Guide.docx
ccss,K,domain,K.CC,Counting and Cardinality,,,,,,Connecticut grade K Alignment Guide.docx
ccss,K,domain,K.CC,Counting and Cardinality,,,,,,Connecticut grade K Alignment Guide.docx
ccss,K,cluster,K.CC.A,Know number names and the count sequence.,,,,,,Connecticut grade K Alignment Guide.docx
ccss,K,standard,K.CC.A.1,Count to 100 by ones and by tens.,GK-M1-L12,Write numerals 4 and 5 to answer how many questions.,lesson,FALSE,K M1 Lesson 12: Write numerals 4 and 5 to answer how many questions.,Connecticut grade K Alignment Guide.docx
ccss,K,standard,K.CC.A.1,Count to 100 by ones and by tens.,GK-M1-L19,"Organize, count, and represent a collection of objects.",lesson,FALSE,"K M1 Lesson 19: Organize, count, and represent a collection of objects.",Connecticut grade K Alignment Guide.docx
ccss,K,standard,K.CC.A.1,Count to 100 by ones and by tens.,GK-M1-L26,Write numeral 8.,lesson,FALSE,K M1 Lesson 26: Write numeral 8.,Connecticut grade K Alignment Guide.docx
ccss,K,standard,K.CC.A.1,Count to 100 by ones and by tens.,GK-M1-L28,Order numerals 1–10 and reason about an unknown number in the number sequence.,lesson,FALSE,K M1 Lesson 28: Order numerals 1–10 and reason about an unknown number in the number sequence.,Connecticut grade K Alignment Guide.docx
ccss,K,standard,K.CC.A.1,Count to 100 by ones and by tens.,GK-M1-L33,"Organize, count, and represent a collection of objects.",lesson,FALSE,"K M1 Lesson 33: Organize, count, and represent a collection of objects.",Connecticut grade K Alignment Guide.docx
ccss,K,standard,K.CC.A.1,Count to 100 by ones and by tens.,GK-M1-L4,Classify objects into three categories and count.,lesson,FALSE,K M1 Lesson 4: Classify objects into three categories and count.,Connecticut grade K Alignment Guide.docx
ccss,K,standard,K.CC.A.1,Count to 100 by ones and by tens.,GK-M1-L6,"Organize, count, and represent a collection of objects.",lesson,FALSE,"K M1 Lesson 6: Organize, count, and represent a collection of objects.",Connecticut grade K Alignment Guide.docx
ccss,K,standard,K.CC.A.1,Count to 100 by ones and by tens.,GK-M2-L16,"Organize, count, and represent a collection of objects.",lesson,FALSE,"K M2 Lesson 16: Organize, count, and represent a collection of objects.",Connecticut grade K Alignment Guide.docx
ccss,K,standard,K.CC.A.1,Count to 100 by ones and by tens.,GK-M3-L22,"Organize, count, and represent a collection of objects.",lesson,FALSE,"K M3 Lesson 22: Organize, count, and represent a collection of objects.",Connecticut grade K Alignment Guide.docx
ccss,K,standard,K.CC.A.1,Count to 100 by ones and by tens.,GK-M4-L17,"Organize, count, and represent a collection of objects.",lesson,FALSE,"K M4 Lesson 17: Organize, count, and represent a collection of objects.",Connecticut grade K Alignment Guide.docx
ccss,K,standard,K.CC.A.1,Count to 100 by ones and by tens.,GK-M5-L27,"Organize, count, and represent a collection of objects.",lesson,FALSE,"K M5 Lesson 27: Organize, count, and represent a collection of objects.",Connecticut grade K Alignment Guide.docx
ccss,K,standard,K.CC.A.1,Count to 100 by ones and by tens.,GK-M6-L13,"Organize, count, and represent a collection of objects.",lesson,FALSE,"K M6 Lesson 13: Organize, count, and represent a collection of objects.",Connecticut grade K Alignment Guide.docx
ccss,K,standard,K.CC.A.1,Count to 100 by ones and by tens.,GK-M6-L14,Count by tens.,lesson,FALSE,K M6 Lesson 14: Count by tens.,Connecticut grade K Alignment Guide.docx
ccss,K,standard,K.CC.A.1,Count to 100 by ones and by tens.,GK-M6-L15,Count by tens by using math tools.,lesson,FALSE,K M6 Lesson 15: Count by tens by using math tools.,Connecticut grade K Alignment Guide.docx
ccss,K,standard,K.CC.A.1,Count to 100 by ones and by tens.,GK-M6-L16,Use the structure of ten to count to 100.,lesson,FALSE,K M6 Lesson 16: Use the structure of ten to count to 100.,Connecticut grade K Alignment Guide.docx
ccss,K,standard,K.CC.A.1,Count to 100 by ones and by tens.,GK-M6-L17,Use patterns in the number sequence to count by ones within 100.,lesson,FALSE,K M6 Lesson 17: Use patterns in the number sequence to count by ones within 100.,Connecticut grade K Alignment Guide.docx
ccss,K,standard,K.CC.A.1,Count to 100 by ones and by tens.,GK-M6-L18,"Count within and across decades when counting by ones, part 1.",lesson,FALSE,"K M6 Lesson 18: Count within and across decades when counting by ones, part 1.",Connecticut grade K Alignment Guide.docx
ccss,K,standard,K.CC.A.1,Count to 100 by ones and by tens.,GK-M6-L19,"Count within and across decades when counting by ones, part 2.",lesson,FALSE,"K M6 Lesson 19: Count within and across decades when counting by ones, part 2.",Connecticut grade K Alignment Guide.docx
ccss,K,standard,K.CC.A.1,Count to 100 by ones and by tens.,GK-M6-L2,Find 10 ones in a teen number.,lesson,FALSE,K M6 Lesson 2: Find 10 ones in a teen number.,Connecticut grade K Alignment Guide.docx
ccss,K,standard,K.CC.A.1,Count to 100 by ones and by tens.,GK-M6-L24,"Organize, count, and represent a collection of objects.",lesson,FALSE,"K M6 Lesson 24: Organize, count, and represent a collection of objects.",Connecticut grade K Alignment Guide.docx
ccss,K,standard,K.CC.A.1,Count to 100 by ones and by tens.,GK-M6-L5,Reason about a number's position in the number sequence.,lesson,FALSE,K M6 Lesson 5: Reason about a number's position in the number sequence.,Connecticut grade K Alignment Guide.docx
ccss,K,standard,K.CC.A.2,Count forward beginning from a given number within the known sequence (instead of having to begin at 1).,GK-M2-L16,"Organize, count, and represent a collection of objects.",lesson,FALSE,"K M2 Lesson 16: Organize, count, and represent a collection of objects.",Connecticut grade K Alignment Guide.docx
ccss,K,standard,K.CC.A.2,Count forward beginning from a given number within the known sequence (instead of having to begin at 1).,GK-M3-L22,"Organize, count, and represent a collection of objects.",lesson,FALSE,"K M3 Lesson 22: Organize, count, and represent a collection of objects.",Connecticut grade K Alignment Guide.docx
ccss,K,standard,K.CC.A.2,Count forward beginning from a given number within the known sequence (instead of having to begin at 1).,GK-M4-L17,"Organize, count, and represent a collection of objects.",lesson,FALSE,"K M4 Lesson 17: Organize, count, and represent a collection of objects.",Connecticut grade K Alignment Guide.docx
ccss,K,standard,K.CC.A.2,Count forward beginning from a given number within the known sequence (instead of having to begin at 1).,GK-M5-L18,Count starting from a number other than 1 to find the total.,lesson,FALSE,K M5 Lesson 18: Count starting from a number other than 1 to find the total.,Connecticut grade K Alignment Guide.docx
ccss,K,standard,K.CC.A.2,Count forward beginning from a given number within the known sequence (instead of having to begin at 1).,GK-M5-L22,Identify and extend linear patterns.,lesson,FALSE,K M5 Lesson 22: Identify and extend linear patterns.,Connecticut grade K Alignment Guide.docx
ccss,K,standard,K.CC.A.2,Count forward beginning from a given number within the known sequence (instead of having to begin at 1).,GK-M5-L23,Use a pattern to make a prediction.,lesson,FALSE,K M5 Lesson 23: Use a pattern to make a prediction.,Connecticut grade K Alignment Guide.docx
ccss,K,standard,K.CC.A.2,Count forward beginning from a given number within the known sequence (instead of having to begin at 1).,GK-M5-L27,"Organize, count, and represent a collection of objects.",lesson,FALSE,"K M5 Lesson 27: Organize, count, and represent a collection of objects.",Connecticut grade K Alignment Guide.docx
ccss,K,standard,K.CC.A.2,Count forward beginning from a given number within the known sequence (instead of having to begin at 1).,GK-M6-L13,"Organize, count, and represent a collection of objects.",lesson,FALSE,"K M6 Lesson 13: Organize, count, and represent a collection of objects.",Connecticut grade K Alignment Guide.docx
ccss,K,standard,K.CC.A.2,Count forward beginning from a given number within the known sequence (instead of having to begin at 1).,GK-M6-L16,Use the structure of ten to count to 100.,lesson,FALSE,K M6 Lesson 16: Use the structure of ten to count to 100.,Connecticut grade K Alignment Guide.docx
ccss,K,standard,K.CC.A.2,Count forward beginning from a given number within the known sequence (instead of having to begin at 1).,GK-M6-L17,Use patterns in the number sequence to count by ones within 100.,lesson,FALSE,K M6 Lesson 17: Use patterns in the number sequence to count by ones within 100.,Connecticut grade K Alignment Guide.docx
ccss,K,standard,K.CC.A.2,Count forward beginning from a given number within the known sequence (instead of having to begin at 1).,GK-M6-L18,"Count within and across decades when counting by ones, part 1.",lesson,FALSE,"K M6 Lesson 18: Count within and across decades when counting by ones, part 1.",Connecticut grade K Alignment Guide.docx
ccss,K,standard,K.CC.A.2,Count forward beginning from a given number within the known sequence (instead of having to begin at 1).,GK-M6-L19,"Count within and across decades when counting by ones, part 2.",lesson,FALSE,"K M6 Lesson 19: Count within and across decades when counting by ones, part 2.",Connecticut grade K Alignment Guide.docx
ccss,K,standard,K.CC.A.2,Count forward beginning from a given number within the known sequence (instead of having to begin at 1).,GK-M6-L24,"Organize, count, and represent a collection of objects.",lesson,FALSE,"K M6 Lesson 24: Organize, count, and represent a collection of objects.",Connecticut grade K Alignment Guide.docx
ccss,K,standard,K.CC.A.2,Count forward beginning from a given number within the known sequence (instead of having to begin at 1).,GK-M6-L5,Reason about a number's position in the number sequence.,lesson,FALSE,K M6 Lesson 5: Reason about a number's position in the number sequence.,Connecticut grade K Alignment Guide.docx
ccss,K,standard,K.CC.A.3,Write numbers from 0 to 20. Represent a number of objects with a written numeral 0–20 (with 0 representing a count of no objects).,GK-M1-L11,Write numerals 1–3 to answer how many questions.,lesson,FALSE,K M1 Lesson 11: Write numerals 1–3 to answer how many questions.,Connecticut grade K Alignment Guide.docx
ccss,K,standard,K.CC.A.3,Write numbers from 0 to 20. Represent a number of objects with a written numeral 0–20 (with 0 representing a count of no objects).,GK-M1-L12,Write numerals 4 and 5 to answer how many questions.,lesson,FALSE,K M1 Lesson 12: Write numerals 4 and 5 to answer how many questions.,Connecticut grade K Alignment Guide.docx
ccss,K,standard,K.CC.A.3,Write numbers from 0 to 20. Represent a number of objects with a written numeral 0–20 (with 0 representing a count of no objects).,GK-M1-L14,Understand the meaning of zero and write the numeral.,lesson,FALSE,K M1 Lesson 14: Understand the meaning of zero and write the numeral.,Connecticut grade K Alignment Guide.docx
ccss,K,standard,K.CC.A.3,Write numbers from 0 to 20. Represent a number of objects with a written numeral 0–20 (with 0 representing a count of no objects).,GK-M1-L21,Count sets in circular configurations and match to a numeral.,lesson,FALSE,K M1 Lesson 21: Count sets in circular configurations and match to a numeral.,Connecticut grade K Alignment Guide.docx
ccss,K,standard,K.CC.A.3,Write numbers from 0 to 20. Represent a number of objects with a written numeral 0–20 (with 0 representing a count of no objects).,GK-M1-L22,Count sets in scattered configurations and match to a numeral.,lesson,FALSE,K M1 Lesson 22: Count sets in scattered configurations and match to a numeral.,Connecticut grade K Alignment Guide.docx
ccss,K,standard,K.CC.A.3,Write numbers from 0 to 20. Represent a number of objects with a written numeral 0–20 (with 0 representing a count of no objects).,GK-M1-L25,Write numerals 6 and 7.,lesson,FALSE,K M1 Lesson 25: Write numerals 6 and 7.,Connecticut grade K Alignment Guide.docx
ccss,K,standard,K.CC.A.3,Write numbers from 0 to 20. Represent a number of objects with a written numeral 0–20 (with 0 representing a count of no objects).,GK-M1-L26,Write numeral 8.,lesson,FALSE,K M1 Lesson 26: Write numeral 8.,Connecticut grade K Alignment Guide.docx
ccss,K,standard,K.CC.A.3,Write numbers from 0 to 20. Represent a number of objects with a written numeral 0–20 (with 0 representing a count of no objects).,GK-M1-L27,Write numerals 9 and 10.,lesson,FALSE,K M1 Lesson 27: Write numerals 9 and 10.,Connecticut grade K Alignment Guide.docx
ccss,K,standard,K.CC.A.3,Write numbers from 0 to 20. Represent a number of objects with a written numeral 0–20 (with 0 representing a count of no objects).,GK-M1-L5,"Classify objects into three categories, count, and match to a numeral.",lesson,FALSE,"K M1 Lesson 5: Classify objects into three categories, count, and match to a numeral.",Connecticut grade K Alignment Guide.docx
ccss,K,standard,K.CC.A.3,Write numbers from 0 to 20. Represent a number of objects with a written numeral 0–20 (with 0 representing a count of no objects).,GK-M1-L7,Practice counting accurately.,lesson,FALSE,K M1 Lesson 7: Practice counting accurately.,Connecticut grade K Alignment Guide.docx
ccss,K,standard,K.CC.A.3,Write numbers from 0 to 20. Represent a number of objects with a written numeral 0–20 (with 0 representing a count of no objects).,GK-M2-L16,"Organize, count, and represent a collection of objects.",lesson,FALSE,"K M2 Lesson 16: Organize, count, and represent a collection of objects.",Connecticut grade K Alignment Guide.docx
ccss,K,standard,K.CC.A.3,Write numbers from 0 to 20. Represent a number of objects with a written numeral 0–20 (with 0 representing a count of no objects).,GK-M3-L22,"Organize, count, and represent a collection of objects.",lesson,FALSE,"K M3 Lesson 22: Organize, count, and represent a collection of objects.",Connecticut grade K Alignment Guide.docx
ccss,K,standard,K.CC.A.3,Write numbers from 0 to 20. Represent a number of objects with a written numeral 0–20 (with 0 representing a count of no objects).,GK-M4-L17,"Organize, count, and represent a collection of objects.",lesson,FALSE,"K M4 Lesson 17: Organize, count, and represent a collection of objects.",Connecticut grade K Alignment Guide.docx
ccss,K,standard,K.CC.A.3,Write numbers from 0 to 20. Represent a number of objects with a written numeral 0–20 (with 0 representing a count of no objects).,GK-M5-L27,"Organize, count, and represent a collection of objects.",lesson,FALSE,"K M5 Lesson 27: Organize, count, and represent a collection of objects.",Connecticut grade K Alignment Guide.docx
ccss,K,standard,K.CC.A.3,Write numbers from 0 to 20. Represent a number of objects with a written numeral 0–20 (with 0 representing a count of no objects).,GK-M6-L13,"Organize, count, and represent a collection of objects.",lesson,FALSE,"K M6 Lesson 13: Organize, count, and represent a collection of objects.",Connecticut grade K Alignment Guide.docx
ccss,K,standard,K.CC.A.3,Write numbers from 0 to 20. Represent a number of objects with a written numeral 0–20 (with 0 representing a count of no objects).,GK-M6-L17,Use patterns in the number sequence to count by ones within 100.,lesson,FALSE,K M6 Lesson 17: Use patterns in the number sequence to count by ones within 100.,Connecticut grade K Alignment Guide.docx
ccss,K,standard,K.CC.A.3,Write numbers from 0 to 20. Represent a number of objects with a written numeral 0–20 (with 0 representing a count of no objects).,GK-M6-L24,"Organize, count, and represent a collection of objects.",lesson,FALSE,"K M6 Lesson 24: Organize, count, and represent a collection of objects.",Connecticut grade K Alignment Guide.docx
ccss,K,standard,K.CC.A.3,Write numbers from 0 to 20. Represent a number of objects with a written numeral 0–20 (with 0 representing a count of no objects).,GK-M6-L3,Write numerals 11–20.,lesson,FALSE,K M6 Lesson 3: Write numerals 11–20.,Connecticut grade K Alignment Guide.docx
ccss,K,cluster,K.CC.B,Count to tell the number of objects.,,,,,,Connecticut grade K Alignment Guide.docx
ccss,K,standard,K.CC.B.4.a,"When counting objects, say the number names in the standard order, pairing each object with one and only one number name and each number name with one and only one object.",GK-M1-L13,Count out enough objects and write the numeral.,lesson,FALSE,K M1 Lesson 13: Count out enough objects and write the numeral.,Connecticut grade K Alignment Guide.docx
ccss,K,standard,K.CC.B.4.a,"When counting objects, say the number names in the standard order, pairing each object with one and only one number name and each number name with one and only one object.",GK-M1-L19,"Organize, count, and represent a collection of objects.",lesson,FALSE,"K M1 Lesson 19: Organize, count, and represent a collection of objects.",Connecticut grade K Alignment Guide.docx
ccss,K,standard,K.CC.B.4.a,"When counting objects, say the number names in the standard order, pairing each object with one and only one number name and each number name with one and only one object.",GK-M1-L33,"Organize, count, and represent a collection of objects.",lesson,FALSE,"K M1 Lesson 33: Organize, count, and represent a collection of objects.",Connecticut grade K Alignment Guide.docx
ccss,K,standard,K.CC.B.4.a,"When counting objects, say the number names in the standard order, pairing each object with one and only one number name and each number name with one and only one object.",GK-M1-L6,"Organize, count, and represent a collection of objects.",lesson,FALSE,"K M1 Lesson 6: Organize, count, and represent a collection of objects.",Connecticut grade K Alignment Guide.docx
ccss,K,standard,K.CC.B.4.a,"When counting objects, say the number names in the standard order, pairing each object with one and only one number name and each number name with one and only one object.",GK-M1-L7,Practice counting accurately.,lesson,FALSE,K M1 Lesson 7: Practice counting accurately.,Connecticut grade K Alignment Guide.docx
ccss,K,standard,K.CC.B.4.a,"When counting objects, say the number names in the standard order, pairing each object with one and only one number name and each number name with one and only one object.",GK-M2-L16,"Organize, count, and represent a collection of objects.",lesson,FALSE,"K M2 Lesson 16: Organize, count, and represent a collection of objects.",Connecticut grade K Alignment Guide.docx
ccss,K,standard,K.CC.B.4.a,"When counting objects, say the number names in the standard order, pairing each object with one and only one number name and each number name with one and only one object.",GK-M3-L22,"Organize, count, and represent a collection of objects.",lesson,FALSE,"K M3 Lesson 22: Organize, count, and represent a collection of objects.",Connecticut grade K Alignment Guide.docx
ccss,K,standard,K.CC.B.4.a,"When counting objects, say the number names in the standard order, pairing each object with one and only one number name and each number name with one and only one object.",GK-M4-L17,"Organize, count, and represent a collection of objects.",lesson,FALSE,"K M4 Lesson 17: Organize, count, and represent a collection of objects.",Connecticut grade K Alignment Guide.docx
ccss,K,standard,K.CC.B.4.a,"When counting objects, say the number names in the standard order, pairing each object with one and only one number name and each number name with one and only one object.",GK-M5-L27,"Organize, count, and represent a collection of objects.",lesson,FALSE,"K M5 Lesson 27: Organize, count, and represent a collection of objects.",Connecticut grade K Alignment Guide.docx
ccss,K,standard,K.CC.B.4.a,"When counting objects, say the number names in the standard order, pairing each object with one and only one number name and each number name with one and only one object.",GK-M6-L13,"Organize, count, and represent a collection of objects.",lesson,FALSE,"K M6 Lesson 13: Organize, count, and represent a collection of objects.",Connecticut grade K Alignment Guide.docx
ccss,K,standard,K.CC.B.4.a,"When counting objects, say the number names in the standard order, pairing each object with one and only one number name and each number name with one and only one object.",GK-M6-L24,"Organize, count, and represent a collection of objects.",lesson,FALSE,"K M6 Lesson 24: Organize, count, and represent a collection of objects.",Connecticut grade K Alignment Guide.docx
ccss,K,standard,K.CC.B.4.b,Understand that the last number name said tells the number of objects counted. The number of objects is the same regardless of their arrangement or the order in which they were counted.,GK-M1-L13,Count out enough objects and write the numeral.,lesson,FALSE,K M1 Lesson 13: Count out enough objects and write the numeral.,Connecticut grade K Alignment Guide.docx
ccss,K,standard,K.CC.B.4.b,Understand that the last number name said tells the number of objects counted. The number of objects is the same regardless of their arrangement or the order in which they were counted.,GK-M1-L19,"Organize, count, and represent a collection of objects.",lesson,FALSE,"K M1 Lesson 19: Organize, count, and represent a collection of objects.",Connecticut grade K Alignment Guide.docx
ccss,K,standard,K.CC.B.4.b,Understand that the last number name said tells the number of objects counted. The number of objects is the same regardless of their arrangement or the order in which they were counted.,GK-M1-L20,Count objects in 5-group and array configurations and match to a numeral.,lesson,FALSE,K M1 Lesson 20: Count objects in 5-group and array configurations and match to a numeral.,Connecticut grade K Alignment Guide.docx
ccss,K,standard,K.CC.B.4.b,Understand that the last number name said tells the number of objects counted. The number of objects is the same regardless of their arrangement or the order in which they were counted.,GK-M1-L23,Conserve number regardless of the order in which objects are counted.,lesson,FALSE,K M1 Lesson 23: Conserve number regardless of the order in which objects are counted.,Connecticut grade K Alignment Guide.docx
ccss,K,standard,K.CC.B.4.b,Understand that the last number name said tells the number of objects counted. The number of objects is the same regardless of their arrangement or the order in which they were counted.,GK-M1-L33,"Organize, count, and represent a collection of objects.",lesson,FALSE,"K M1 Lesson 33: Organize, count, and represent a collection of objects.",Connecticut grade K Alignment Guide.docx
ccss,K,standard,K.CC.B.4.b,Understand that the last number name said tells the number of objects counted. The number of objects is the same regardless of their arrangement or the order in which they were counted.,GK-M1-L6,"Organize, count, and represent a collection of objects.",lesson,FALSE,"K M1 Lesson 6: Organize, count, and represent a collection of objects.",Connecticut grade K Alignment Guide.docx
ccss,K,standard,K.CC.B.4.b,Understand that the last number name said tells the number of objects counted. The number of objects is the same regardless of their arrangement or the order in which they were counted.,GK-M1-L7,Practice counting accurately.,lesson,FALSE,K M1 Lesson 7: Practice counting accurately.,Connecticut grade K Alignment Guide.docx
ccss,K,standard,K.CC.B.4.b,Understand that the last number name said tells the number of objects counted. The number of objects is the same regardless of their arrangement or the order in which they were counted.,GK-M1-L9,Conserve number regardless of the arrangement of objects.,lesson,FALSE,K M1 Lesson 9: Conserve number regardless of the arrangement of objects.,Connecticut grade K Alignment Guide.docx
ccss,K,standard,K.CC.B.4.b,Understand that the last number name said tells the number of objects counted. The number of objects is the same regardless of their arrangement or the order in which they were counted.,GK-M2-L16,"Organize, count, and represent a collection of objects.",lesson,FALSE,"K M2 Lesson 16: Organize, count, and represent a collection of objects.",Connecticut grade K Alignment Guide.docx
ccss,K,standard,K.CC.B.4.b,Understand that the last number name said tells the number of objects counted. The number of objects is the same regardless of their arrangement or the order in which they were counted.,GK-M3-L22,"Organize, count, and represent a collection of objects.",lesson,FALSE,"K M3 Lesson 22: Organize, count, and represent a collection of objects.",Connecticut grade K Alignment Guide.docx
ccss,K,standard,K.CC.B.4.b,Understand that the last number name said tells the number of objects counted. The number of objects is the same regardless of their arrangement or the order in which they were counted.,GK-M4-L17,"Organize, count, and represent a collection of objects.",lesson,FALSE,"K M4 Lesson 17: Organize, count, and represent a collection of objects.",Connecticut grade K Alignment Guide.docx
ccss,K,standard,K.CC.B.4.b,Understand that the last number name said tells the number of objects counted. The number of objects is the same regardless of their arrangement or the order in which they were counted.,GK-M5-L27,"Organize, count, and represent a collection of objects.",lesson,FALSE,"K M5 Lesson 27: Organize, count, and represent a collection of objects.",Connecticut grade K Alignment Guide.docx
ccss,K,standard,K.CC.B.4.b,Understand that the last number name said tells the number of objects counted. The number of objects is the same regardless of their arrangement or the order in which they were counted.,GK-M6-L13,"Organize, count, and represent a collection of objects.",lesson,FALSE,"K M6 Lesson 13: Organize, count, and represent a collection of objects.",Connecticut grade K Alignment Guide.docx
ccss,K,standard,K.CC.B.4.b,Understand that the last number name said tells the number of objects counted. The number of objects is the same regardless of their arrangement or the order in which they were counted.,GK-M6-L24,"Organize, count, and represent a collection of objects.",lesson,FALSE,"K M6 Lesson 24: Organize, count, and represent a collection of objects.",Connecticut grade K Alignment Guide.docx
ccss,K,standard,K.CC.B.4.c,Understand that each successive number name refers to a quantity that is one larger.,GK-M1-L29,Model the pattern of 1 more in the forward count sequence.,lesson,FALSE,K M1 Lesson 29: Model the pattern of 1 more in the forward count sequence.,Connecticut grade K Alignment Guide.docx
ccss,K,standard,K.CC.B.4.c,Understand that each successive number name refers to a quantity that is one larger.,GK-M1-L30,Build number stairs to show the pattern of 1 more in the forward count sequence.,lesson,FALSE,K M1 Lesson 30: Build number stairs to show the pattern of 1 more in the forward count sequence.,Connecticut grade K Alignment Guide.docx
ccss,K,standard,K.CC.B.4.c,Understand that each successive number name refers to a quantity that is one larger.,GK-M1-L31,Model the pattern of 1 less in the backward count sequence.,lesson,FALSE,K M1 Lesson 31: Model the pattern of 1 less in the backward count sequence.,Connecticut grade K Alignment Guide.docx
ccss,K,standard,K.CC.B.4.c,Understand that each successive number name refers to a quantity that is one larger.,GK-M1-L32,Build number stairs to show the pattern of 1 less in the backward count sequence.,lesson,FALSE,K M1 Lesson 32: Build number stairs to show the pattern of 1 less in the backward count sequence.,Connecticut grade K Alignment Guide.docx
ccss,K,standard,K.CC.B.4.c,Understand that each successive number name refers to a quantity that is one larger.,GK-M2-L16,"Organize, count, and represent a collection of objects.",lesson,FALSE,"K M2 Lesson 16: Organize, count, and represent a collection of objects.",Connecticut grade K Alignment Guide.docx
ccss,K,standard,K.CC.B.4.c,Understand that each successive number name refers to a quantity that is one larger.,GK-M3-L22,"Organize, count, and represent a collection of objects.",lesson,FALSE,"K M3 Lesson 22: Organize, count, and represent a collection of objects.",Connecticut grade K Alignment Guide.docx
ccss,K,standard,K.CC.B.4.c,Understand that each successive number name refers to a quantity that is one larger.,GK-M4-L17,"Organize, count, and represent a collection of objects.",lesson,FALSE,"K M4 Lesson 17: Organize, count, and represent a collection of objects.",Connecticut grade K Alignment Guide.docx
ccss,K,standard,K.CC.B.4.c,Understand that each successive number name refers to a quantity that is one larger.,GK-M5-L27,"Organize, count, and represent a collection of objects.",lesson,FALSE,"K M5 Lesson 27: Organize, count, and represent a collection of objects.",Connecticut grade K Alignment Guide.docx
ccss,K,standard,K.CC.B.4.c,Understand that each successive number name refers to a quantity that is one larger.,GK-M6-L13,"Organize, count, and represent a collection of objects.",lesson,FALSE,"K M6 Lesson 13: Organize, count, and represent a collection of objects.",Connecticut grade K Alignment Guide.docx
ccss,K,standard,K.CC.B.4.c,Understand that each successive number name refers to a quantity that is one larger.,GK-M6-L24,"Organize, count, and represent a collection of objects.",lesson,FALSE,"K M6 Lesson 24: Organize, count, and represent a collection of objects.",Connecticut grade K Alignment Guide.docx
ccss,K,standard,K.CC.B.4.c,Understand that each successive number name refers to a quantity that is one larger.,GK-M6-L4,Order numerals 0–20.,lesson,FALSE,K M6 Lesson 4: Order numerals 0–20.,Connecticut grade K Alignment Guide.docx
ccss,K,standard,K.CC.B.5,"Count to answer “how many?” questions about as many as 20 things arranged in a line, a rectangular array, or a circle, or as many as 10 things in a scattered configuration; given a number from 1–20, count out that many objects.",GK-M1-L10,Count out a group of objects to match a numeral.,lesson,FALSE,K M1 Lesson 10: Count out a group of objects to match a numeral.,Connecticut grade K Alignment Guide.docx
ccss,K,standard,K.CC.B.5,"Count to answer “how many?” questions about as many as 20 things arranged in a line, a rectangular array, or a circle, or as many as 10 things in a scattered configuration; given a number from 1–20, count out that many objects.",GK-M1-L19,"Organize, count, and represent a collection of objects.",lesson,FALSE,"K M1 Lesson 19: Organize, count, and represent a collection of objects.",Connecticut grade K Alignment Guide.docx
ccss,K,standard,K.CC.B.5,"Count to answer “how many?” questions about as many as 20 things arranged in a line, a rectangular array, or a circle, or as many as 10 things in a scattered configuration; given a number from 1–20, count out that many objects.",GK-M1-L20,Count objects in 5-group and array configurations and match to a numeral.,lesson,FALSE,K M1 Lesson 20: Count objects in 5-group and array configurations and match to a numeral.,Connecticut grade K Alignment Guide.docx
ccss,K,standard,K.CC.B.5,"Count to answer “how many?” questions about as many as 20 things arranged in a line, a rectangular array, or a circle, or as many as 10 things in a scattered configuration; given a number from 1–20, count out that many objects.",GK-M1-L21,Count sets in circular configurations and match to a numeral.,lesson,FALSE,K M1 Lesson 21: Count sets in circular configurations and match to a numeral.,Connecticut grade K Alignment Guide.docx
ccss,K,standard,K.CC.B.5,"Count to answer “how many?” questions about as many as 20 things arranged in a line, a rectangular array, or a circle, or as many as 10 things in a scattered configuration; given a number from 1–20, count out that many objects.",GK-M1-L22,Count sets in scattered configurations and match to a numeral.,lesson,FALSE,K M1 Lesson 22: Count sets in scattered configurations and match to a numeral.,Connecticut grade K Alignment Guide.docx
ccss,K,standard,K.CC.B.5,"Count to answer “how many?” questions about as many as 20 things arranged in a line, a rectangular array, or a circle, or as many as 10 things in a scattered configuration; given a number from 1–20, count out that many objects.",GK-M1-L24,Count out a group of objects to match a numeral.,lesson,FALSE,K M1 Lesson 24: Count out a group of objects to match a numeral.,Connecticut grade K Alignment Guide.docx
ccss,K,standard,K.CC.B.5,"Count to answer “how many?” questions about as many as 20 things arranged in a line, a rectangular array, or a circle, or as many as 10 things in a scattered configuration; given a number from 1–20, count out that many objects.",GK-M1-L3,Classify objects into two categories and count.,lesson,FALSE,K M1 Lesson 3: Classify objects into two categories and count.,Connecticut grade K Alignment Guide.docx
ccss,K,standard,K.CC.B.5,"Count to answer “how many?” questions about as many as 20 things arranged in a line, a rectangular array, or a circle, or as many as 10 things in a scattered configuration; given a number from 1–20, count out that many objects.",GK-M1-L33,"Organize, count, and represent a collection of objects.",lesson,FALSE,"K M1 Lesson 33: Organize, count, and represent a collection of objects.",Connecticut grade K Alignment Guide.docx
ccss,K,standard,K.CC.B.5,"Count to answer “how many?” questions about as many as 20 things arranged in a line, a rectangular array, or a circle, or as many as 10 things in a scattered configuration; given a number from 1–20, count out that many objects.",GK-M1-L6,"Organize, count, and represent a collection of objects.",lesson,FALSE,"K M1 Lesson 6: Organize, count, and represent a collection of objects.",Connecticut grade K Alignment Guide.docx
ccss,K,standard,K.CC.B.5,"Count to answer “how many?” questions about as many as 20 things arranged in a line, a rectangular array, or a circle, or as many as 10 things in a scattered configuration; given a number from 1–20, count out that many objects.",GK-M1-L7,Practice counting accurately.,lesson,FALSE,K M1 Lesson 7: Practice counting accurately.,Connecticut grade K Alignment Guide.docx
ccss,K,standard,K.CC.B.5,"Count to answer “how many?” questions about as many as 20 things arranged in a line, a rectangular array, or a circle, or as many as 10 things in a scattered configuration; given a number from 1–20, count out that many objects.",GK-M1-L8,"Count sets in linear, array, and scattered configurations.",lesson,FALSE,"K M1 Lesson 8: Count sets in linear, array, and scattered configurations.",Connecticut grade K Alignment Guide.docx
ccss,K,standard,K.CC.B.5,"Count to answer “how many?” questions about as many as 20 things arranged in a line, a rectangular array, or a circle, or as many as 10 things in a scattered configuration; given a number from 1–20, count out that many objects.",GK-M2-L16,"Organize, count, and represent a collection of objects.",lesson,FALSE,"K M2 Lesson 16: Organize, count, and represent a collection of objects.",Connecticut grade K Alignment Guide.docx
ccss,K,standard,K.CC.B.5,"Count to answer “how many?” questions about as many as 20 things arranged in a line, a rectangular array, or a circle, or as many as 10 things in a scattered configuration; given a number from 1–20, count out that many objects.",GK-M3-L22,"Organize, count, and represent a collection of objects.",lesson,FALSE,"K M3 Lesson 22: Organize, count, and represent a collection of objects.",Connecticut grade K Alignment Guide.docx
ccss,K,standard,K.CC.B.5,"Count to answer “how many?” questions about as many as 20 things arranged in a line, a rectangular array, or a circle, or as many as 10 things in a scattered configuration; given a number from 1–20, count out that many objects.",GK-M4-L17,"Organize, count, and represent a collection of objects.",lesson,FALSE,"K M4 Lesson 17: Organize, count, and represent a collection of objects.",Connecticut grade K Alignment Guide.docx
ccss,K,standard,K.CC.B.5,"Count to answer “how many?” questions about as many as 20 things arranged in a line, a rectangular array, or a circle, or as many as 10 things in a scattered configuration; given a number from 1–20, count out that many objects.",GK-M5-L27,"Organize, count, and represent a collection of objects.",lesson,FALSE,"K M5 Lesson 27: Organize, count, and represent a collection of objects.",Connecticut grade K Alignment Guide.docx
ccss,K,standard,K.CC.B.5,"Count to answer “how many?” questions about as many as 20 things arranged in a line, a rectangular array, or a circle, or as many as 10 things in a scattered configuration; given a number from 1–20, count out that many objects.",GK-M6-L1,Describe teen numbers as 10 ones and __ ones.,lesson,FALSE,K M6 Lesson 1: Describe teen numbers as 10 ones and __ ones.,Connecticut grade K Alignment Guide.docx
ccss,K,standard,K.CC.B.5,"Count to answer “how many?” questions about as many as 20 things arranged in a line, a rectangular array, or a circle, or as many as 10 things in a scattered configuration; given a number from 1–20, count out that many objects.",GK-M6-L12,Investigate different ways to decompose teen numbers.,lesson,FALSE,K M6 Lesson 12: Investigate different ways to decompose teen numbers.,Connecticut grade K Alignment Guide.docx
ccss,K,standard,K.CC.B.5,"Count to answer “how many?” questions about as many as 20 things arranged in a line, a rectangular array, or a circle, or as many as 10 things in a scattered configuration; given a number from 1–20, count out that many objects.",GK-M6-L13,"Organize, count, and represent a collection of objects.",lesson,FALSE,"K M6 Lesson 13: Organize, count, and represent a collection of objects.",Connecticut grade K Alignment Guide.docx
ccss,K,standard,K.CC.B.5,"Count to answer “how many?” questions about as many as 20 things arranged in a line, a rectangular array, or a circle, or as many as 10 things in a scattered configuration; given a number from 1–20, count out that many objects.",GK-M6-L24,"Organize, count, and represent a collection of objects.",lesson,FALSE,"K M6 Lesson 24: Organize, count, and represent a collection of objects.",Connecticut grade K Alignment Guide.docx
ccss,K,standard,K.CC.B.5,"Count to answer “how many?” questions about as many as 20 things arranged in a line, a rectangular array, or a circle, or as many as 10 things in a scattered configuration; given a number from 1–20, count out that many objects.",GK-M6-L6,Count out a group of objects to match a numeral.,lesson,FALSE,K M6 Lesson 6: Count out a group of objects to match a numeral.,Connecticut grade K Alignment Guide.docx
ccss,K,standard,K.CC.B.5,"Count to answer “how many?” questions about as many as 20 things arranged in a line, a rectangular array, or a circle, or as many as 10 things in a scattered configuration; given a number from 1–20, count out that many objects.",GK-M6-L7,Decompose numbers 10–20 with 10 as a part.,lesson,FALSE,K M6 Lesson 7: Decompose numbers 10–20 with 10 as a part.,Connecticut grade K Alignment Guide.docx
ccss,K,cluster,K.CC.C,Compare numbers.,,,,,,Connecticut grade K Alignment Guide.docx
ccss,K,standard,K.CC.C.6,"Identify whether the number of objects in one group is greater than, less than, or equal to the number of objects in another group, e.g., by using matching and counting strategies.",GK-M3-L12,Relate more and fewer to length.,lesson,FALSE,K M3 Lesson 12: Relate more and fewer to length.,Connecticut grade K Alignment Guide.docx
ccss,K,standard,K.CC.C.6,"Identify whether the number of objects in one group is greater than, less than, or equal to the number of objects in another group, e.g., by using matching and counting strategies.",GK-M3-L13,"Compare sets by using more than, fewer than, and the same number as.",lesson,FALSE,"K M3 Lesson 13: Compare sets by using more than, fewer than, and the same number as.",Connecticut grade K Alignment Guide.docx
ccss,K,standard,K.CC.C.6,"Identify whether the number of objects in one group is greater than, less than, or equal to the number of objects in another group, e.g., by using matching and counting strategies.",GK-M3-L14,Use number to compare sets with like units.,lesson,FALSE,K M3 Lesson 14: Use number to compare sets with like units.,Connecticut grade K Alignment Guide.docx
ccss,K,standard,K.CC.C.6,"Identify whether the number of objects in one group is greater than, less than, or equal to the number of objects in another group, e.g., by using matching and counting strategies.",GK-M3-L16,Count and compare sets with unlike units.,lesson,FALSE,K M3 Lesson 16: Count and compare sets with unlike units.,Connecticut grade K Alignment Guide.docx
ccss,K,standard,K.CC.C.6,"Identify whether the number of objects in one group is greater than, less than, or equal to the number of objects in another group, e.g., by using matching and counting strategies.",GK-M3-L17,Count and compare sets in pictures.,lesson,FALSE,K M3 Lesson 17: Count and compare sets in pictures.,Connecticut grade K Alignment Guide.docx
ccss,K,standard,K.CC.C.6,"Identify whether the number of objects in one group is greater than, less than, or equal to the number of objects in another group, e.g., by using matching and counting strategies.",GK-M3-L21,Describe and compare several measurable attributes of objects and sets.,lesson,FALSE,K M3 Lesson 21: Describe and compare several measurable attributes of objects and sets.,Connecticut grade K Alignment Guide.docx
ccss,K,standard,K.CC.C.6,"Identify whether the number of objects in one group is greater than, less than, or equal to the number of objects in another group, e.g., by using matching and counting strategies.",GK-M6-L20,Compare totals in story situations.,lesson,FALSE,K M6 Lesson 20: Compare totals in story situations.,Connecticut grade K Alignment Guide.docx
ccss,K,standard,K.CC.C.6,"Identify whether the number of objects in one group is greater than, less than, or equal to the number of objects in another group, e.g., by using matching and counting strategies.",GK-M6-L21,Count and compare sets with more than 10 objects.,lesson,FALSE,K M6 Lesson 21: Count and compare sets with more than 10 objects.,Connecticut grade K Alignment Guide.docx
ccss,K,standard,K.CC.C.6,"Identify whether the number of objects in one group is greater than, less than, or equal to the number of objects in another group, e.g., by using matching and counting strategies.",GK-M6-L22,Compare area by comparing number.,lesson,FALSE,K M6 Lesson 22: Compare area by comparing number.,Connecticut grade K Alignment Guide.docx
ccss,K,standard,K.CC.C.6,"Identify whether the number of objects in one group is greater than, less than, or equal to the number of objects in another group, e.g., by using matching and counting strategies.",GK-M6-L23,Compare lengths of objects by using 10-sticks and individual cubes.,lesson,FALSE,K M6 Lesson 23: Compare lengths of objects by using 10-sticks and individual cubes.,Connecticut grade K Alignment Guide.docx
ccss,K,standard,K.CC.C.7,Compare two numbers between 1 and 10 presented as written numerals.,GK-M3-L18,Compare the capacity of containers by using numerals.,lesson,FALSE,K M3 Lesson 18: Compare the capacity of containers by using numerals.,Connecticut grade K Alignment Guide.docx
ccss,K,standard,K.CC.C.7,Compare two numbers between 1 and 10 presented as written numerals.,GK-M3-L19,"Compare numbers by using greater than, less than, and equal to.",lesson,FALSE,"K M3 Lesson 19: Compare numbers by using greater than, less than, and equal to.",Connecticut grade K Alignment Guide.docx
ccss,K,standard,K.CC.C.7,Compare two numbers between 1 and 10 presented as written numerals.,GK-M3-L20,Compare two numbers in story situations.,lesson,FALSE,K M3 Lesson 20: Compare two numbers in story situations.,Connecticut grade K Alignment Guide.docx
ccss,K,domain,K.G,Geometry,,,,,,Connecticut grade K Alignment Guide.docx
ccss,K,domain,K.G,Geometry,,,,,,Connecticut grade K Alignment Guide.docx
ccss,K,cluster,K.G.A,"Identify and describe shapes (squares, circles, triangles, rectangles, hexagons, cubes, cones, cylinders, and spheres).",,,,,,Connecticut grade K Alignment Guide.docx
ccss,K,standard,K.G.A.1,"Describe objects in the environment using names of shapes, and describe the relative positions of these objects using terms such as above, below, beside, in front of, behind, and next to.",GK-M2-L14,Compose flat shapes.,lesson,FALSE,K M2 Lesson 14: Compose flat shapes.,Connecticut grade K Alignment Guide.docx
ccss,K,standard,K.G.A.1,"Describe objects in the environment using names of shapes, and describe the relative positions of these objects using terms such as above, below, beside, in front of, behind, and next to.",GK-M2-L2,Classify shapes as triangles or nontriangles.,lesson,FALSE,K M2 Lesson 2: Classify shapes as triangles or nontriangles.,Connecticut grade K Alignment Guide.docx
ccss,K,standard,K.G.A.1,"Describe objects in the environment using names of shapes, and describe the relative positions of these objects using terms such as above, below, beside, in front of, behind, and next to.",GK-M2-L3,"Classify shapes as circles, hexagons, or neither.",lesson,FALSE,"K M2 Lesson 3: Classify shapes as circles, hexagons, or neither.",Connecticut grade K Alignment Guide.docx
ccss,K,standard,K.G.A.1,"Describe objects in the environment using names of shapes, and describe the relative positions of these objects using terms such as above, below, beside, in front of, behind, and next to.",GK-M2-L4,"Classify shapes as rectangles or nonrectangles, with square rectangles as a special case.",lesson,FALSE,"K M2 Lesson 4: Classify shapes as rectangles or nonrectangles, with square rectangles as a special case.",Connecticut grade K Alignment Guide.docx
ccss,K,standard,K.G.A.1,"Describe objects in the environment using names of shapes, and describe the relative positions of these objects using terms such as above, below, beside, in front of, behind, and next to.",GK-M2-L5,Communicate the position of flat shapes by using position words.,lesson,FALSE,K M2 Lesson 5: Communicate the position of flat shapes by using position words.,Connecticut grade K Alignment Guide.docx
ccss,K,standard,K.G.A.2,Correctly name shapes regardless of their orientations or overall size.,GK-M2-L11,Construct and classify polygons.,lesson,FALSE,K M2 Lesson 11: Construct and classify polygons.,Connecticut grade K Alignment Guide.docx
ccss,K,standard,K.G.A.2,Correctly name shapes regardless of their orientations or overall size.,GK-M2-L14,Compose flat shapes.,lesson,FALSE,K M2 Lesson 14: Compose flat shapes.,Connecticut grade K Alignment Guide.docx
ccss,K,standard,K.G.A.2,Correctly name shapes regardless of their orientations or overall size.,GK-M2-L2,Classify shapes as triangles or nontriangles.,lesson,FALSE,K M2 Lesson 2: Classify shapes as triangles or nontriangles.,Connecticut grade K Alignment Guide.docx
ccss,K,standard,K.G.A.2,Correctly name shapes regardless of their orientations or overall size.,GK-M2-L3,"Classify shapes as circles, hexagons, or neither.",lesson,FALSE,"K M2 Lesson 3: Classify shapes as circles, hexagons, or neither.",Connecticut grade K Alignment Guide.docx
ccss,K,standard,K.G.A.2,Correctly name shapes regardless of their orientations or overall size.,GK-M2-L4,"Classify shapes as rectangles or nonrectangles, with square rectangles as a special case.",lesson,FALSE,"K M2 Lesson 4: Classify shapes as rectangles or nonrectangles, with square rectangles as a special case.",Connecticut grade K Alignment Guide.docx
ccss,K,standard,K.G.A.2,Correctly name shapes regardless of their orientations or overall size.,GK-M2-L7,Name solid shapes and discuss their attributes.,lesson,FALSE,K M2 Lesson 7: Name solid shapes and discuss their attributes.,Connecticut grade K Alignment Guide.docx
ccss,K,standard,K.G.A.3,"Identify shapes as two-dimensional (lying in a plane, “flat”) or three-dimensional (“solid”).",GK-M2-L6,Distinguish between flat and solid shapes.,lesson,FALSE,K M2 Lesson 6: Distinguish between flat and solid shapes.,Connecticut grade K Alignment Guide.docx
ccss,K,standard,K.G.A.3,"Identify shapes as two-dimensional (lying in a plane, “flat”) or three-dimensional (“solid”).",GK-M2-L9,Match solid shapes to their two-dimensional faces.,lesson,FALSE,K M2 Lesson 9: Match solid shapes to their two-dimensional faces.,Connecticut grade K Alignment Guide.docx
ccss,K,cluster,K.G.B,"Analyze, compare, create, and compose shapes.",,,,,,Connecticut grade K Alignment Guide.docx
ccss,K,standard,K.G.B.4,"Analyze and compare two- and three-dimensional shapes, in different sizes and orientations, using informal language to describe their similarities, differences, parts (e.g., number of sides and vertices/“corners”) and other attributes (e.g., having sides of equal length).",GK-M2-L1,Find and describe attributes of flat shapes.,lesson,FALSE,K M2 Lesson 1: Find and describe attributes of flat shapes.,Connecticut grade K Alignment Guide.docx
ccss,K,standard,K.G.B.4,"Analyze and compare two- and three-dimensional shapes, in different sizes and orientations, using informal language to describe their similarities, differences, parts (e.g., number of sides and vertices/“corners”) and other attributes (e.g., having sides of equal length).",GK-M2-L10,Construct a circle.,lesson,FALSE,K M2 Lesson 10: Construct a circle.,Connecticut grade K Alignment Guide.docx
ccss,K,standard,K.G.B.4,"Analyze and compare two- and three-dimensional shapes, in different sizes and orientations, using informal language to describe their similarities, differences, parts (e.g., number of sides and vertices/“corners”) and other attributes (e.g., having sides of equal length).",GK-M2-L12,Construct solid shapes by using a square base.,lesson,FALSE,K M2 Lesson 12: Construct solid shapes by using a square base.,Connecticut grade K Alignment Guide.docx
ccss,K,standard,K.G.B.4,"Analyze and compare two- and three-dimensional shapes, in different sizes and orientations, using informal language to describe their similarities, differences, parts (e.g., number of sides and vertices/“corners”) and other attributes (e.g., having sides of equal length).",GK-M2-L13,Draw flat shapes.,lesson,FALSE,K M2 Lesson 13: Draw flat shapes.,Connecticut grade K Alignment Guide.docx
ccss,K,standard,K.G.B.4,"Analyze and compare two- and three-dimensional shapes, in different sizes and orientations, using informal language to describe their similarities, differences, parts (e.g., number of sides and vertices/“corners”) and other attributes (e.g., having sides of equal length).",GK-M2-L15,Compose solid shapes to create a structure that can fit a toy inside.,lesson,FALSE,K M2 Lesson 15: Compose solid shapes to create a structure that can fit a toy inside.,Connecticut grade K Alignment Guide.docx
ccss,K,standard,K.G.B.4,"Analyze and compare two- and three-dimensional shapes, in different sizes and orientations, using informal language to describe their similarities, differences, parts (e.g., number of sides and vertices/“corners”) and other attributes (e.g., having sides of equal length).",GK-M2-L2,Classify shapes as triangles or nontriangles.,lesson,FALSE,K M2 Lesson 2: Classify shapes as triangles or nontriangles.,Connecticut grade K Alignment Guide.docx
ccss,K,standard,K.G.B.4,"Analyze and compare two- and three-dimensional shapes, in different sizes and orientations, using informal language to describe their similarities, differences, parts (e.g., number of sides and vertices/“corners”) and other attributes (e.g., having sides of equal length).",GK-M2-L3,"Classify shapes as circles, hexagons, or neither.",lesson,FALSE,"K M2 Lesson 3: Classify shapes as circles, hexagons, or neither.",Connecticut grade K Alignment Guide.docx
ccss,K,standard,K.G.B.4,"Analyze and compare two- and three-dimensional shapes, in different sizes and orientations, using informal language to describe their similarities, differences, parts (e.g., number of sides and vertices/“corners”) and other attributes (e.g., having sides of equal length).",GK-M2-L4,"Classify shapes as rectangles or nonrectangles, with square rectangles as a special case.",lesson,FALSE,"K M2 Lesson 4: Classify shapes as rectangles or nonrectangles, with square rectangles as a special case.",Connecticut grade K Alignment Guide.docx
ccss,K,standard,K.G.B.4,"Analyze and compare two- and three-dimensional shapes, in different sizes and orientations, using informal language to describe their similarities, differences, parts (e.g., number of sides and vertices/“corners”) and other attributes (e.g., having sides of equal length).",GK-M2-L8,Classify solid shapes based on the ways they can be moved.,lesson,FALSE,K M2 Lesson 8: Classify solid shapes based on the ways they can be moved.,Connecticut grade K Alignment Guide.docx
ccss,K,standard,K.G.B.4,"Analyze and compare two- and three-dimensional shapes, in different sizes and orientations, using informal language to describe their similarities, differences, parts (e.g., number of sides and vertices/“corners”) and other attributes (e.g., having sides of equal length).",GK-M2-L9,Match solid shapes to their two-dimensional faces.,lesson,FALSE,K M2 Lesson 9: Match solid shapes to their two-dimensional faces.,Connecticut grade K Alignment Guide.docx
ccss,K,standard,K.G.B.5,"Model shapes in the world by building shapes from components (e.g., sticks and clay balls) and drawing shapes.",GK-M2-L10,Construct a circle.,lesson,FALSE,K M2 Lesson 10: Construct a circle.,Connecticut grade K Alignment Guide.docx
ccss,K,standard,K.G.B.5,"Model shapes in the world by building shapes from components (e.g., sticks and clay balls) and drawing shapes.",GK-M2-L11,Construct and classify polygons.,lesson,FALSE,K M2 Lesson 11: Construct and classify polygons.,Connecticut grade K Alignment Guide.docx
ccss,K,standard,K.G.B.5,"Model shapes in the world by building shapes from components (e.g., sticks and clay balls) and drawing shapes.",GK-M2-L12,Construct solid shapes by using a square base.,lesson,FALSE,K M2 Lesson 12: Construct solid shapes by using a square base.,Connecticut grade K Alignment Guide.docx
ccss,K,standard,K.G.B.5,"Model shapes in the world by building shapes from components (e.g., sticks and clay balls) and drawing shapes.",GK-M2-L13,Draw flat shapes.,lesson,FALSE,K M2 Lesson 13: Draw flat shapes.,Connecticut grade K Alignment Guide.docx
ccss,K,standard,K.G.B.6,Compose simple shapes to form larger shapes.,GK-M4-L1,Compose flat shapes and count the parts.,lesson,FALSE,K M4 Lesson 1: Compose flat shapes and count the parts.,Connecticut grade K Alignment Guide.docx
ccss,K,standard,K.G.B.6,Compose simple shapes to form larger shapes.,GK-M4-L2,Decompose flat shapes and count the parts.,lesson,FALSE,K M4 Lesson 2: Decompose flat shapes and count the parts.,Connecticut grade K Alignment Guide.docx
ccss,K,standard,K.G.B.6,Compose simple shapes to form larger shapes.,GK-M4-L9,Compose shapes in more than one way.,lesson,FALSE,K M4 Lesson 9: Compose shapes in more than one way.,Connecticut grade K Alignment Guide.docx
ccss,K,standard,K.G.B.6,Compose simple shapes to form larger shapes.,GK-M5-L25,Extend growing patterns.,lesson,FALSE,K M5 Lesson 25: Extend growing patterns.,Connecticut grade K Alignment Guide.docx
ccss,K,domain,K.MD,Measurement and Data,,,,,,Connecticut grade K Alignment Guide.docx
ccss,K,domain,K.MD,Measurement and Data,,,,,,Connecticut grade K Alignment Guide.docx
ccss,K,cluster,K.MD.A,Describe and compare measurable attributes.,,,,,,Connecticut grade K Alignment Guide.docx
ccss,K,standard,K.MD.A.1,"Describe measurable attributes of objects, such as length or weight. Describe several measurable attributes of a single object.",GK-M3-L12,Relate more and fewer to length.,lesson,FALSE,K M3 Lesson 12: Relate more and fewer to length.,Connecticut grade K Alignment Guide.docx
ccss,K,standard,K.MD.A.1,"Describe measurable attributes of objects, such as length or weight. Describe several measurable attributes of a single object.",GK-M3-L2,"Compare lengths of simple straight objects by using longer than, shorter than, and about the same length as.",lesson,FALSE,"K M3 Lesson 2: Compare lengths of simple straight objects by using longer than, shorter than, and about the same length as.",Connecticut grade K Alignment Guide.docx
ccss,K,standard,K.MD.A.1,"Describe measurable attributes of objects, such as length or weight. Describe several measurable attributes of a single object.",GK-M3-L21,Describe and compare several measurable attributes of objects and sets.,lesson,FALSE,K M3 Lesson 21: Describe and compare several measurable attributes of objects and sets.,Connecticut grade K Alignment Guide.docx
ccss,K,standard,K.MD.A.1,"Describe measurable attributes of objects, such as length or weight. Describe several measurable attributes of a single object.",GK-M3-L7,"Compare weights by using heavier than, lighter than, and about the same weight as.",lesson,FALSE,"K M3 Lesson 7: Compare weights by using heavier than, lighter than, and about the same weight as.",Connecticut grade K Alignment Guide.docx
ccss,K,standard,K.MD.A.2,"Directly compare two objects with a measurable attribute in common, to see which object has “more of”/“less of” the attribute, and describe the difference.",GK-M3-L21,Describe and compare several measurable attributes of objects and sets.,lesson,FALSE,K M3 Lesson 21: Describe and compare several measurable attributes of objects and sets.,Connecticut grade K Alignment Guide.docx
ccss,K,cluster,K.MD.B,Classify objects and count the number of objects in each category.,,,,,,Connecticut grade K Alignment Guide.docx
ccss,K,standard,K.MD.B.3,Classify objects into given categories; count the numbers of objects in each category and sort the categories by count.,GK-M1-L15,Sort the same group of objects in more than one way and count.,lesson,FALSE,K M1 Lesson 15: Sort the same group of objects in more than one way and count.,Connecticut grade K Alignment Guide.docx
ccss,K,standard,K.MD.B.3,Classify objects into given categories; count the numbers of objects in each category and sort the categories by count.,GK-M1-L16,Decompose a set shown in a picture.,lesson,FALSE,K M1 Lesson 16: Decompose a set shown in a picture.,Connecticut grade K Alignment Guide.docx
ccss,K,standard,K.MD.B.3,Classify objects into given categories; count the numbers of objects in each category and sort the categories by count.,GK-M3-L15,Classify flat shapes into groups and compare the number of shapes in each group.,lesson,FALSE,K M3 Lesson 15: Classify flat shapes into groups and compare the number of shapes in each group.,Connecticut grade K Alignment Guide.docx
ccss,K,domain,K.NBT,Number and Operations in Base Ten,,,,,,Connecticut grade K Alignment Guide.docx
ccss,K,cluster,K.NBT.A,Work with numbers 11–19 to gain foundations for place value.,,,,,,Connecticut grade K Alignment Guide.docx
ccss,K,standard,K.NBT.A.1,"Compose and decompose numbers from 11 to 19 into ten ones and some further ones, e.g., by using objects or drawings, and record each composition or decomposition by a drawing or equation (e.g., 18 = 10 + 8); understand that these numbers are composed of ten ones and one, two, three, four, five, six, seven, eight, or nine ones.",GK-M6-L1,Describe teen numbers as 10 ones and __ ones.,lesson,FALSE,K M6 Lesson 1: Describe teen numbers as 10 ones and __ ones.,Connecticut grade K Alignment Guide.docx
ccss,K,standard,K.NBT.A.1,"Compose and decompose numbers from 11 to 19 into ten ones and some further ones, e.g., by using objects or drawings, and record each composition or decomposition by a drawing or equation (e.g., 18 = 10 + 8); understand that these numbers are composed of ten ones and one, two, three, four, five, six, seven, eight, or nine ones.",GK-M6-L10,Make sense of word problems involving teen numbers.,lesson,FALSE,K M6 Lesson 10: Make sense of word problems involving teen numbers.,Connecticut grade K Alignment Guide.docx
ccss,K,standard,K.NBT.A.1,"Compose and decompose numbers from 11 to 19 into ten ones and some further ones, e.g., by using objects or drawings, and record each composition or decomposition by a drawing or equation (e.g., 18 = 10 + 8); understand that these numbers are composed of ten ones and one, two, three, four, five, six, seven, eight, or nine ones.",GK-M6-L11,Represent teen number decompositions as 10 ones and some ones and find a hidden part.,lesson,FALSE,K M6 Lesson 11: Represent teen number decompositions as 10 ones and some ones and find a hidden part.,Connecticut grade K Alignment Guide.docx
ccss,K,standard,K.NBT.A.1,"Compose and decompose numbers from 11 to 19 into ten ones and some further ones, e.g., by using objects or drawings, and record each composition or decomposition by a drawing or equation (e.g., 18 = 10 + 8); understand that these numbers are composed of ten ones and one, two, three, four, five, six, seven, eight, or nine ones.",GK-M6-L2,Find 10 ones in a teen number.,lesson,FALSE,K M6 Lesson 2: Find 10 ones in a teen number.,Connecticut grade K Alignment Guide.docx
ccss,K,standard,K.NBT.A.1,"Compose and decompose numbers from 11 to 19 into ten ones and some further ones, e.g., by using objects or drawings, and record each composition or decomposition by a drawing or equation (e.g., 18 = 10 + 8); understand that these numbers are composed of ten ones and one, two, three, four, five, six, seven, eight, or nine ones.",GK-M6-L3,Write numerals 11–20.,lesson,FALSE,K M6 Lesson 3: Write numerals 11–20.,Connecticut grade K Alignment Guide.docx
ccss,K,standard,K.NBT.A.1,"Compose and decompose numbers from 11 to 19 into ten ones and some further ones, e.g., by using objects or drawings, and record each composition or decomposition by a drawing or equation (e.g., 18 = 10 + 8); understand that these numbers are composed of ten ones and one, two, three, four, five, six, seven, eight, or nine ones.",GK-M6-L4,Order numerals 0–20.,lesson,FALSE,K M6 Lesson 4: Order numerals 0–20.,Connecticut grade K Alignment Guide.docx
ccss,K,standard,K.NBT.A.1,"Compose and decompose numbers from 11 to 19 into ten ones and some further ones, e.g., by using objects or drawings, and record each composition or decomposition by a drawing or equation (e.g., 18 = 10 + 8); understand that these numbers are composed of ten ones and one, two, three, four, five, six, seven, eight, or nine ones.",GK-M6-L6,Count out a group of objects to match a numeral.,lesson,FALSE,K M6 Lesson 6: Count out a group of objects to match a numeral.,Connecticut grade K Alignment Guide.docx
ccss,K,standard,K.NBT.A.1,"Compose and decompose numbers from 11 to 19 into ten ones and some further ones, e.g., by using objects or drawings, and record each composition or decomposition by a drawing or equation (e.g., 18 = 10 + 8); understand that these numbers are composed of ten ones and one, two, three, four, five, six, seven, eight, or nine ones.",GK-M6-L7,Decompose numbers 10–20 with 10 as a part.,lesson,FALSE,K M6 Lesson 7: Decompose numbers 10–20 with 10 as a part.,Connecticut grade K Alignment Guide.docx
ccss,K,standard,K.NBT.A.1,"Compose and decompose numbers from 11 to 19 into ten ones and some further ones, e.g., by using objects or drawings, and record each composition or decomposition by a drawing or equation (e.g., 18 = 10 + 8); understand that these numbers are composed of ten ones and one, two, three, four, five, six, seven, eight, or nine ones.",GK-M6-L8,Represent teen number compositions and decompositions as addition sentences.,lesson,FALSE,K M6 Lesson 8: Represent teen number compositions and decompositions as addition sentences.,Connecticut grade K Alignment Guide.docx
ccss,K,standard,K.NBT.A.1,"Compose and decompose numbers from 11 to 19 into ten ones and some further ones, e.g., by using objects or drawings, and record each composition or decomposition by a drawing or equation (e.g., 18 = 10 + 8); understand that these numbers are composed of ten ones and one, two, three, four, five, six, seven, eight, or nine ones.",GK-M6-L9,Represent teen number decompositions as subtraction sentences.,lesson,FALSE,K M6 Lesson 9: Represent teen number decompositions as subtraction sentences.,Connecticut grade K Alignment Guide.docx
ccss,K,domain,K.OA,Operations and Algebraic Thinking,,,,,,Connecticut grade K Alignment Guide.docx
ccss,K,cluster,K.OA.A,"Understand addition as putting together and adding to, and understand subtraction as taking apart and taking from.",,,,,,Connecticut grade K Alignment Guide.docx
ccss,K,standard,K.OA.A.1,"Represent addition and subtraction with objects, fingers, mental images, drawings, sounds (e.g., claps), acting out situations, verbal explanations, expressions, or equations.",GK-M4-L10,Sort and record the decomposition with a number bond.,lesson,FALSE,K M4 Lesson 10: Sort and record the decomposition with a number bond.,Connecticut grade K Alignment Guide.docx
ccss,K,standard,K.OA.A.1,"Represent addition and subtraction with objects, fingers, mental images, drawings, sounds (e.g., claps), acting out situations, verbal explanations, expressions, or equations.",GK-M4-L11,Model put together with total unknown story problems.,lesson,FALSE,K M4 Lesson 11: Model put together with total unknown story problems.,Connecticut grade K Alignment Guide.docx
ccss,K,standard,K.OA.A.1,"Represent addition and subtraction with objects, fingers, mental images, drawings, sounds (e.g., claps), acting out situations, verbal explanations, expressions, or equations.",GK-M4-L15,Choose a math tool to solve take apart with both addends unknown situations.,lesson,FALSE,K M4 Lesson 15: Choose a math tool to solve take apart with both addends unknown situations.,Connecticut grade K Alignment Guide.docx
ccss,K,standard,K.OA.A.1,"Represent addition and subtraction with objects, fingers, mental images, drawings, sounds (e.g., claps), acting out situations, verbal explanations, expressions, or equations.",GK-M4-L3,Decompose a group to identify parts and total.,lesson,FALSE,K M4 Lesson 3: Decompose a group to identify parts and total.,Connecticut grade K Alignment Guide.docx
ccss,K,standard,K.OA.A.1,"Represent addition and subtraction with objects, fingers, mental images, drawings, sounds (e.g., claps), acting out situations, verbal explanations, expressions, or equations.",GK-M4-L4,Decompose a group and record parts and total by using a number bond.,lesson,FALSE,K M4 Lesson 4: Decompose a group and record parts and total by using a number bond.,Connecticut grade K Alignment Guide.docx
ccss,K,standard,K.OA.A.1,"Represent addition and subtraction with objects, fingers, mental images, drawings, sounds (e.g., claps), acting out situations, verbal explanations, expressions, or equations.",GK-M4-L5,Sort to decompose a total in more than one way.,lesson,FALSE,K M4 Lesson 5: Sort to decompose a total in more than one way.,Connecticut grade K Alignment Guide.docx
ccss,K,standard,K.OA.A.1,"Represent addition and subtraction with objects, fingers, mental images, drawings, sounds (e.g., claps), acting out situations, verbal explanations, expressions, or equations.",GK-M4-L6,Decompose a number in more than one way and record.,lesson,FALSE,K M4 Lesson 6: Decompose a number in more than one way and record.,Connecticut grade K Alignment Guide.docx
ccss,K,standard,K.OA.A.1,"Represent addition and subtraction with objects, fingers, mental images, drawings, sounds (e.g., claps), acting out situations, verbal explanations, expressions, or equations.",GK-M4-L7,Find partners to 5.,lesson,FALSE,K M4 Lesson 7: Find partners to 5.,Connecticut grade K Alignment Guide.docx
ccss,K,standard,K.OA.A.1,"Represent addition and subtraction with objects, fingers, mental images, drawings, sounds (e.g., claps), acting out situations, verbal explanations, expressions, or equations.",GK-M5-L15,Identify the action in a problem to represent and solve it.,lesson,FALSE,K M5 Lesson 15: Identify the action in a problem to represent and solve it.,Connecticut grade K Alignment Guide.docx
ccss,K,standard,K.OA.A.1,"Represent addition and subtraction with objects, fingers, mental images, drawings, sounds (e.g., claps), acting out situations, verbal explanations, expressions, or equations.",GK-M5-L16,Relate addition and subtraction through word problems.,lesson,FALSE,K M5 Lesson 16: Relate addition and subtraction through word problems.,Connecticut grade K Alignment Guide.docx
ccss,K,standard,K.OA.A.1,"Represent addition and subtraction with objects, fingers, mental images, drawings, sounds (e.g., claps), acting out situations, verbal explanations, expressions, or equations.",GK-M5-L19,Represent and solve take from with change unknown problems.,lesson,FALSE,K M5 Lesson 19: Represent and solve take from with change unknown problems.,Connecticut grade K Alignment Guide.docx
ccss,K,standard,K.OA.A.1,"Represent addition and subtraction with objects, fingers, mental images, drawings, sounds (e.g., claps), acting out situations, verbal explanations, expressions, or equations.",GK-M5-L21,Organize drawings to solve problems efficiently.,lesson,FALSE,K M5 Lesson 21: Organize drawings to solve problems efficiently.,Connecticut grade K Alignment Guide.docx
ccss,K,standard,K.OA.A.1,"Represent addition and subtraction with objects, fingers, mental images, drawings, sounds (e.g., claps), acting out situations, verbal explanations, expressions, or equations.",GK-M5-L24,Solve story problems by using repeated reasoning.,lesson,FALSE,K M5 Lesson 24: Solve story problems by using repeated reasoning.,Connecticut grade K Alignment Guide.docx
ccss,K,standard,K.OA.A.1,"Represent addition and subtraction with objects, fingers, mental images, drawings, sounds (e.g., claps), acting out situations, verbal explanations, expressions, or equations.",GK-M5-L26,Reason about numbers to add and subtract.,lesson,FALSE,K M5 Lesson 26: Reason about numbers to add and subtract.,Connecticut grade K Alignment Guide.docx
ccss,K,standard,K.OA.A.2,"Solve addition and subtraction word problems, and add and subtract within 10, e.g., by using objects or drawings to represent the problem.",GK-M4-L11,Model put together with total unknown story problems.,lesson,FALSE,K M4 Lesson 11: Model put together with total unknown story problems.,Connecticut grade K Alignment Guide.docx
ccss,K,standard,K.OA.A.2,"Solve addition and subtraction word problems, and add and subtract within 10, e.g., by using objects or drawings to represent the problem.",GK-M4-L12,Draw to represent put together with total unknown story problems.,lesson,FALSE,K M4 Lesson 12: Draw to represent put together with total unknown story problems.,Connecticut grade K Alignment Guide.docx
ccss,K,standard,K.OA.A.2,"Solve addition and subtraction word problems, and add and subtract within 10, e.g., by using objects or drawings to represent the problem.",GK-M4-L13,Choose a math tool to solve put together with total unknown story problems.,lesson,FALSE,K M4 Lesson 13: Choose a math tool to solve put together with total unknown story problems.,Connecticut grade K Alignment Guide.docx
ccss,K,standard,K.OA.A.2,"Solve addition and subtraction word problems, and add and subtract within 10, e.g., by using objects or drawings to represent the problem.",GK-M4-L14,Model take apart with both addends unknown situations.,lesson,FALSE,K M4 Lesson 14: Model take apart with both addends unknown situations.,Connecticut grade K Alignment Guide.docx
ccss,K,standard,K.OA.A.2,"Solve addition and subtraction word problems, and add and subtract within 10, e.g., by using objects or drawings to represent the problem.",GK-M4-L15,Choose a math tool to solve take apart with both addends unknown situations.,lesson,FALSE,K M4 Lesson 15: Choose a math tool to solve take apart with both addends unknown situations.,Connecticut grade K Alignment Guide.docx
ccss,K,standard,K.OA.A.2,"Solve addition and subtraction word problems, and add and subtract within 10, e.g., by using objects or drawings to represent the problem.",GK-M4-L16,Compose and decompose numbers and shapes.,lesson,FALSE,K M4 Lesson 16: Compose and decompose numbers and shapes.,Connecticut grade K Alignment Guide.docx
ccss,K,standard,K.OA.A.2,"Solve addition and subtraction word problems, and add and subtract within 10, e.g., by using objects or drawings to represent the problem.",GK-M5-L10,Represent and solve take from with result unknown story problems.,lesson,FALSE,K M5 Lesson 10: Represent and solve take from with result unknown story problems.,Connecticut grade K Alignment Guide.docx
ccss,K,standard,K.OA.A.2,"Solve addition and subtraction word problems, and add and subtract within 10, e.g., by using objects or drawings to represent the problem.",GK-M5-L12,Relate parts to total in subtraction situations.,lesson,FALSE,K M5 Lesson 12: Relate parts to total in subtraction situations.,Connecticut grade K Alignment Guide.docx
ccss,K,standard,K.OA.A.2,"Solve addition and subtraction word problems, and add and subtract within 10, e.g., by using objects or drawings to represent the problem.",GK-M5-L15,Identify the action in a problem to represent and solve it.,lesson,FALSE,K M5 Lesson 15: Identify the action in a problem to represent and solve it.,Connecticut grade K Alignment Guide.docx
ccss,K,standard,K.OA.A.2,"Solve addition and subtraction word problems, and add and subtract within 10, e.g., by using objects or drawings to represent the problem.",GK-M5-L16,Relate addition and subtraction through word problems.,lesson,FALSE,K M5 Lesson 16: Relate addition and subtraction through word problems.,Connecticut grade K Alignment Guide.docx
ccss,K,standard,K.OA.A.2,"Solve addition and subtraction word problems, and add and subtract within 10, e.g., by using objects or drawings to represent the problem.",GK-M5-L17,Reason about different units to solve story problems.,lesson,FALSE,K M5 Lesson 17: Reason about different units to solve story problems.,Connecticut grade K Alignment Guide.docx
ccss,K,standard,K.OA.A.2,"Solve addition and subtraction word problems, and add and subtract within 10, e.g., by using objects or drawings to represent the problem.",GK-M5-L3,Represent and solve add to with result unknown story problems.,lesson,FALSE,K M5 Lesson 3: Represent and solve add to with result unknown story problems.,Connecticut grade K Alignment Guide.docx
ccss,K,standard,K.OA.A.2,"Solve addition and subtraction word problems, and add and subtract within 10, e.g., by using objects or drawings to represent the problem.",GK-M6-L10,Make sense of word problems involving teen numbers.,lesson,FALSE,K M6 Lesson 10: Make sense of word problems involving teen numbers.,Connecticut grade K Alignment Guide.docx
ccss,K,standard,K.OA.A.2,"Solve addition and subtraction word problems, and add and subtract within 10, e.g., by using objects or drawings to represent the problem.",GK-M6-L11,Represent teen number decompositions as 10 ones and some ones and find a hidden part.,lesson,FALSE,K M6 Lesson 11: Represent teen number decompositions as 10 ones and some ones and find a hidden part.,Connecticut grade K Alignment Guide.docx
ccss,K,standard,K.OA.A.2,"Solve addition and subtraction word problems, and add and subtract within 10, e.g., by using objects or drawings to represent the problem.",GK-M6-L8,Represent teen number compositions and decompositions as addition sentences.,lesson,FALSE,K M6 Lesson 8: Represent teen number compositions and decompositions as addition sentences.,Connecticut grade K Alignment Guide.docx
ccss,K,standard,K.OA.A.2,"Solve addition and subtraction word problems, and add and subtract within 10, e.g., by using objects or drawings to represent the problem.",GK-M6-L9,Represent teen number decompositions as subtraction sentences.,lesson,FALSE,K M6 Lesson 9: Represent teen number decompositions as subtraction sentences.,Connecticut grade K Alignment Guide.docx
ccss,K,standard,K.OA.A.3,"Decompose numbers less than or equal to 10 into pairs in more than one way, e.g., by using objects or drawings, and record each decomposition by a drawing or equation (e.g., 5 = 2 + 3 and 5 = 4 + 1).",GK-M4-L18,Use the structure of 5 and 10 to build a rekenrek.,lesson,FALSE,K M4 Lesson 18: Use the structure of 5 and 10 to build a rekenrek.,Connecticut grade K Alignment Guide.docx
ccss,K,standard,K.OA.A.3,"Decompose numbers less than or equal to 10 into pairs in more than one way, e.g., by using objects or drawings, and record each decomposition by a drawing or equation (e.g., 5 = 2 + 3 and 5 = 4 + 1).",GK-M4-L6,Decompose a number in more than one way and record.,lesson,FALSE,K M4 Lesson 6: Decompose a number in more than one way and record.,Connecticut grade K Alignment Guide.docx
ccss,K,standard,K.OA.A.3,"Decompose numbers less than or equal to 10 into pairs in more than one way, e.g., by using objects or drawings, and record each decomposition by a drawing or equation (e.g., 5 = 2 + 3 and 5 = 4 + 1).",GK-M4-L7,Find partners to 5.,lesson,FALSE,K M4 Lesson 7: Find partners to 5.,Connecticut grade K Alignment Guide.docx
ccss,K,standard,K.OA.A.3,"Decompose numbers less than or equal to 10 into pairs in more than one way, e.g., by using objects or drawings, and record each decomposition by a drawing or equation (e.g., 5 = 2 + 3 and 5 = 4 + 1).",GK-M4-L8,Find partners to 10.,lesson,FALSE,K M4 Lesson 8: Find partners to 10.,Connecticut grade K Alignment Guide.docx
ccss,K,standard,K.OA.A.3,"Decompose numbers less than or equal to 10 into pairs in more than one way, e.g., by using objects or drawings, and record each decomposition by a drawing or equation (e.g., 5 = 2 + 3 and 5 = 4 + 1).",GK-M5-L4,Represent decomposition situations by using number bonds and addition sentences.,lesson,FALSE,K M5 Lesson 4: Represent decomposition situations by using number bonds and addition sentences.,Connecticut grade K Alignment Guide.docx
ccss,K,standard,K.OA.A.4,"For any number from 1 to 9, find the number that makes 10 when added to the given number, e.g., by using objects or drawings, and record the answer with a drawing or equation.",GK-M5-L20,Find the number that makes 10 and record with a number sentence.,lesson,FALSE,K M5 Lesson 20: Find the number that makes 10 and record with a number sentence.,Connecticut grade K Alignment Guide.docx
ccss,K,standard,K.OA.A.4,"For any number from 1 to 9, find the number that makes 10 when added to the given number, e.g., by using objects or drawings, and record the answer with a drawing or equation.",GK-M5-L26,Reason about numbers to add and subtract.,lesson,FALSE,K M5 Lesson 26: Reason about numbers to add and subtract.,Connecticut grade K Alignment Guide.docx
ccss,K,standard,K.OA.A.5,Fluently add and subtract within 5.,GK-M5-L14,Find the difference in a subtraction sentence.,lesson,FALSE,K M5 Lesson 14: Find the difference in a subtraction sentence.,Connecticut grade K Alignment Guide.docx
ccss,K,standard,K.OA.A.5,Fluently add and subtract within 5.,GK-M5-L7,Find the total in an addition sentence.,lesson,FALSE,K M5 Lesson 7: Find the total in an addition sentence.,Connecticut grade K Alignment Guide.docx
ccss,1,standard,1.G.A.1,"Distinguish between defining attributes (e.g., triangles are closed and three-sided) versus non-defining attributes (e.g., color, orientation, overall size); build and draw shapes to possess defining attributes.",G1-M6-L1,Name two-dimensional shapes based on the number of sides.,lesson,FALSE,1 M6 Topic A: Attributes of Shapes,Connecticut grade 1 Alignment Guide.docx
ccss,1,standard,1.G.A.1,"Distinguish between defining attributes (e.g., triangles are closed and three-sided) versus non-defining attributes (e.g., color, orientation, overall size); build and draw shapes to possess defining attributes.",G1-M6-L2,Sort and name two-dimensional shapes based on attributes.,lesson,FALSE,1 M6 Topic A: Attributes of Shapes,Connecticut grade 1 Alignment Guide.docx
ccss,1,standard,1.G.A.1,"Distinguish between defining attributes (e.g., triangles are closed and three-sided) versus non-defining attributes (e.g., color, orientation, overall size); build and draw shapes to possess defining attributes.",G1-M6-L3,Draw two-dimensional shapes and identify defining attributes.,lesson,FALSE,1 M6 Topic A: Attributes of Shapes,Connecticut grade 1 Alignment Guide.docx
ccss,1,standard,1.G.A.1,"Distinguish between defining attributes (e.g., triangles are closed and three-sided) versus non-defining attributes (e.g., color, orientation, overall size); build and draw shapes to possess defining attributes.",G1-M6-L4,Name solid shapes and describe their attributes.,lesson,FALSE,1 M6 Topic A: Attributes of Shapes,Connecticut grade 1 Alignment Guide.docx
ccss,1,standard,1.G.A.1,"Distinguish between defining attributes (e.g., triangles are closed and three-sided) versus non-defining attributes (e.g., color, orientation, overall size); build and draw shapes to possess defining attributes.",G1-M6-L5,Reason about the functionality of three‑dimensional shapes based on their attributes.,lesson,FALSE,1 M6 Topic A: Attributes of Shapes,Connecticut grade 1 Alignment Guide.docx
ccss,1,standard,1.G.A.2,"Compose two-dimensional shapes (rectangles, squares, trapezoids, triangles, half-circles, and quarter-circles) or three-dimensional shapes (cubes, right rectangular prisms, right circular cones, and right circular cylinders) to create a composite shape, and compose new shapes from the composite shape.",G1-M6-L6,shapes within two- and three-dimensional composite shapes.,lesson,FALSE,1 M6 Topic B: Composition of Shapes,Connecticut grade 1 Alignment Guide.docx
ccss,1,standard,1.G.A.2,"Compose two-dimensional shapes (rectangles, squares, trapezoids, triangles, half-circles, and quarter-circles) or three-dimensional shapes (cubes, right rectangular prisms, right circular cones, and right circular cylinders) to create a composite shape, and compose new shapes from the composite shape.",G1-M6-L7,Create new composite shapes by adding a shape.,lesson,FALSE,1 M6 Topic B: Composition of Shapes,Connecticut grade 1 Alignment Guide.docx
ccss,1,standard,1.G.A.2,"Compose two-dimensional shapes (rectangles, squares, trapezoids, triangles, half-circles, and quarter-circles) or three-dimensional shapes (cubes, right rectangular prisms, right circular cones, and right circular cylinders) to create a composite shape, and compose new shapes from the composite shape.",G1-M6-L8,Combine identical composite shapes.,lesson,FALSE,1 M6 Topic B: Composition of Shapes,Connecticut grade 1 Alignment Guide.docx
ccss,1,standard,1.G.A.2,"Compose two-dimensional shapes (rectangles, squares, trapezoids, triangles, half-circles, and quarter-circles) or three-dimensional shapes (cubes, right rectangular prisms, right circular cones, and right circular cylinders) to create a composite shape, and compose new shapes from the composite shape.",G1-M6-L9,Relate the size of a shape to how many are needed to compose a new shape.,lesson,FALSE,1 M6 Topic B: Composition of Shapes,Connecticut grade 1 Alignment Guide.docx
ccss,1,standard,1.MD.A.1,Order three objects by length; compare the lengths of two objects indirectly by using a third object.,G1-M4-L1,Compare and order objects by length.,lesson,FALSE,1 M4 Topic A: Direct and Indirect Length Comparison,Connecticut grade 1 Alignment Guide.docx
ccss,1,standard,1.MD.A.1,Order three objects by length; compare the lengths of two objects indirectly by using a third object.,G1-M4-L2,Reason to order and compare heights.,lesson,FALSE,1 M4 Topic A: Direct and Indirect Length Comparison,Connecticut grade 1 Alignment Guide.docx
ccss,1,standard,1.MD.A.1,Order three objects by length; compare the lengths of two objects indirectly by using a third object.,G1-M4-L3,Compare the lengths of two objects indirectly by using a third object.,lesson,FALSE,1 M4 Topic A: Direct and Indirect Length Comparison,Connecticut grade 1 Alignment Guide.docx
ccss,1,standard,1.MD.A.2,"Express the length of an object as a whole number of length units, by laying multiple copies of a shorter object (the length unit) end to end; understand that the length measurement of an object is the number of same-size length units that span it with no gaps or overlaps.",G1-M4-L4,Measure accurately with centimeter cubes.,lesson,FALSE,1 M4 Topic B: Length Measurement and Comparison,Connecticut grade 1 Alignment Guide.docx
ccss,1,standard,1.MD.A.2,"Express the length of an object as a whole number of length units, by laying multiple copies of a shorter object (the length unit) end to end; understand that the length measurement of an object is the number of same-size length units that span it with no gaps or overlaps.",G1-M4-L5,Measure and compare lengths.,lesson,FALSE,1 M4 Topic B: Length Measurement and Comparison,Connecticut grade 1 Alignment Guide.docx
ccss,1,standard,1.MD.A.2,"Express the length of an object as a whole number of length units, by laying multiple copies of a shorter object (the length unit) end to end; understand that the length measurement of an object is the number of same-size length units that span it with no gaps or overlaps.",G1-M4-L6,Measure and order lengths.,lesson,FALSE,1 M4 Topic B: Length Measurement and Comparison,Connecticut grade 1 Alignment Guide.docx
ccss,1,standard,1.MD.A.2,"Express the length of an object as a whole number of length units, by laying multiple copies of a shorter object (the length unit) end to end; understand that the length measurement of an object is the number of same-size length units that span it with no gaps or overlaps.",G1-M4-L7,Use 10-centimeter sticks and centimeter cubes to measure.,lesson,FALSE,1 M4 Topic B: Length Measurement and Comparison,Connecticut grade 1 Alignment Guide.docx
ccss,1,standard,1.MD.A.2,"Express the length of an object as a whole number of length units, by laying multiple copies of a shorter object (the length unit) end to end; understand that the length measurement of an object is the number of same-size length units that span it with no gaps or overlaps.",G1-M4-L8,Draw to represent a length measurement.,lesson,FALSE,1 M4 Topic B: Length Measurement and Comparison,Connecticut grade 1 Alignment Guide.docx
ccss,1,standard,1.MD.A.2,"Express the length of an object as a whole number of length units, by laying multiple copies of a shorter object (the length unit) end to end; understand that the length measurement of an object is the number of same-size length units that span it with no gaps or overlaps.",G1-M4-L9,Represent a total length as units of tens and ones.,lesson,FALSE,1 M4 Topic B: Length Measurement and Comparison,Connecticut grade 1 Alignment Guide.docx
ccss,1,standard,1.NBT.A.1,"Count to 120, starting at any number less than 120. In this range, read and write numerals and represent a number of objects with a written numeral.",G1-M6-L16,Count and record totals for collections greater than 100.,lesson,FALSE,1 M6 Topic D: Count and Represent Numbers Beyond 100,Connecticut grade 1 Alignment Guide.docx
ccss,1,standard,1.NBT.A.1,"Count to 120, starting at any number less than 120. In this range, read and write numerals and represent a number of objects with a written numeral.",G1-M6-L17,"Read, write, and represent numbers greater than 100.",lesson,FALSE,1 M6 Topic D: Count and Represent Numbers Beyond 100,Connecticut grade 1 Alignment Guide.docx
ccss,1,standard,1.NBT.A.1,"Count to 120, starting at any number less than 120. In this range, read and write numerals and represent a number of objects with a written numeral.",G1-M6-L18,Count up and down across 100.,lesson,FALSE,1 M6 Topic D: Count and Represent Numbers Beyond 100,Connecticut grade 1 Alignment Guide.docx
ccss,1,standard,1.NBT.A.1,"Count to 120, starting at any number less than 120. In this range, read and write numerals and represent a number of objects with a written numeral.",G1-M6-L19,Write totals for collections larger than 100 shown in various groups of tens and ones.,lesson,FALSE,1 M6 Topic D: Count and Represent Numbers Beyond 100,Connecticut grade 1 Alignment Guide.docx
ccss,1,standard,1.NBT.B.2,Understand that the two digits of a two-digit number represent amounts of tens and ones. Understand the following as special cases:,G1-M3-L15,Count and record a collection of objects.,lesson,FALSE,1 M3 Topic D: Reason about Ten as a Unit to Add or Subtract,Connecticut grade 1 Alignment Guide.docx
ccss,1,standard,1.NBT.B.2,Understand that the two digits of a two-digit number represent amounts of tens and ones. Understand the following as special cases:,G1-M3-L16,Identify ten as a unit.,lesson,FALSE,1 M3 Topic D: Reason about Ten as a Unit to Add or Subtract,Connecticut grade 1 Alignment Guide.docx
ccss,1,standard,1.NBT.B.2,Understand that the two digits of a two-digit number represent amounts of tens and ones. Understand the following as special cases:,G1-M3-L17,Add a two-digit number and a one-digit number.,lesson,FALSE,1 M3 Topic D: Reason about Ten as a Unit to Add or Subtract,Connecticut grade 1 Alignment Guide.docx
ccss,1,standard,1.NBT.B.2,Understand that the two digits of a two-digit number represent amounts of tens and ones. Understand the following as special cases:,G1-M3-L18,Subtract a one-digit number from a two-digit number.,lesson,FALSE,1 M3 Topic D: Reason about Ten as a Unit to Add or Subtract,Connecticut grade 1 Alignment Guide.docx
ccss,1,standard,1.NBT.B.2,Understand that the two digits of a two-digit number represent amounts of tens and ones. Understand the following as special cases:,G1-M3-L19,Solve take from with change unknown problems with totals in the teens.,lesson,FALSE,1 M3 Topic D: Reason about Ten as a Unit to Add or Subtract,Connecticut grade 1 Alignment Guide.docx
ccss,1,standard,1.NBT.B.3,"Compare two two-digit numbers based on meanings of the tens and ones digits, recording the results of comparisons with the symbols >, =, and <.",G1-M5-L7,Use place value reasoning to compare two quantities.,lesson,FALSE,1 M5 Topic B: Use Place Value to Compare,Connecticut grade 1 Alignment Guide.docx
ccss,1,standard,1.NBT.B.3,"Compare two two-digit numbers based on meanings of the tens and ones digits, recording the results of comparisons with the symbols >, =, and <.",G1-M5-L8,Use place value reasoning to write and compare 2 two-digit numbers.,lesson,FALSE,1 M5 Topic B: Use Place Value to Compare,Connecticut grade 1 Alignment Guide.docx
ccss,1,standard,1.NBT.B.3,"Compare two two-digit numbers based on meanings of the tens and ones digits, recording the results of comparisons with the symbols >, =, and <.",G1-M5-L9,Compare two quantities and make them equal.,lesson,FALSE,1 M5 Topic B: Use Place Value to Compare,Connecticut grade 1 Alignment Guide.docx
ccss,1,standard,1.NBT.C.4,"Add within 100, including adding a two-digit number and a one-digit number, and adding a two-digit number and a multiple of 10, using concrete models or drawings and strategies based on place value, properties of operations, and/or the relationship between addition and subtraction; relate the strategy to a written method and explain the reasoning used. Understand that in adding two-digit numbers, one adds tens and tens, ones and ones; and sometimes it is necessary to compose a ten.",G1-M5-L10,Add the ones first.,lesson,FALSE,1 M5 Topic C: Addition of One-Digit and Two-Digit Numbers,Connecticut grade 1 Alignment Guide.docx
ccss,1,standard,1.NBT.C.4,"Add within 100, including adding a two-digit number and a one-digit number, and adding a two-digit number and a multiple of 10, using concrete models or drawings and strategies based on place value, properties of operations, and/or the relationship between addition and subtraction; relate the strategy to a written method and explain the reasoning used. Understand that in adding two-digit numbers, one adds tens and tens, ones and ones; and sometimes it is necessary to compose a ten.",G1-M5-L11,Add the ones to make the next ten.,lesson,FALSE,1 M5 Topic C: Addition of One-Digit and Two-Digit Numbers,Connecticut grade 1 Alignment Guide.docx
ccss,1,standard,1.NBT.C.4,"Add within 100, including adding a two-digit number and a one-digit number, and adding a two-digit number and a multiple of 10, using concrete models or drawings and strategies based on place value, properties of operations, and/or the relationship between addition and subtraction; relate the strategy to a written method and explain the reasoning used. Understand that in adding two-digit numbers, one adds tens and tens, ones and ones; and sometimes it is necessary to compose a ten.",G1-M5-L12,Decompose an addend to make the next ten.,lesson,FALSE,1 M5 Topic C: Addition of One-Digit and Two-Digit Numbers,Connecticut grade 1 Alignment Guide.docx
ccss,1,standard,1.NBT.C.4,"Add within 100, including adding a two-digit number and a one-digit number, and adding a two-digit number and a multiple of 10, using concrete models or drawings and strategies based on place value, properties of operations, and/or the relationship between addition and subtraction; relate the strategy to a written method and explain the reasoning used. Understand that in adding two-digit numbers, one adds tens and tens, ones and ones; and sometimes it is necessary to compose a ten.",G1-M5-L13,Reason about related problems that make the next ten.,lesson,FALSE,1 M5 Topic C: Addition of One-Digit and Two-Digit Numbers,Connecticut grade 1 Alignment Guide.docx
ccss,1,standard,1.NBT.C.4,"Add within 100, including adding a two-digit number and a one-digit number, and adding a two-digit number and a multiple of 10, using concrete models or drawings and strategies based on place value, properties of operations, and/or the relationship between addition and subtraction; relate the strategy to a written method and explain the reasoning used. Understand that in adding two-digit numbers, one adds tens and tens, ones and ones; and sometimes it is necessary to compose a ten.",G1-M5-L14,Determine which equations make the next ten.,lesson,FALSE,1 M5 Topic C: Addition of One-Digit and Two-Digit Numbers,Connecticut grade 1 Alignment Guide.docx
ccss,1,standard,1.NBT.C.4,"Add within 100, including adding a two-digit number and a one-digit number, and adding a two-digit number and a multiple of 10, using concrete models or drawings and strategies based on place value, properties of operations, and/or the relationship between addition and subtraction; relate the strategy to a written method and explain the reasoning used. Understand that in adding two-digit numbers, one adds tens and tens, ones and ones; and sometimes it is necessary to compose a ten.",G1-M5-L15,Count on and back by tens to add and subtract.,lesson,FALSE,1 M5 Topic D: Addition and Subtraction of Tens,Connecticut grade 1 Alignment Guide.docx
ccss,1,standard,1.NBT.C.4,"Add within 100, including adding a two-digit number and a one-digit number, and adding a two-digit number and a multiple of 10, using concrete models or drawings and strategies based on place value, properties of operations, and/or the relationship between addition and subtraction; relate the strategy to a written method and explain the reasoning used. Understand that in adding two-digit numbers, one adds tens and tens, ones and ones; and sometimes it is necessary to compose a ten.",G1-M5-L16,Use related single-digit facts to add and subtract multiples of ten.,lesson,FALSE,1 M5 Topic D: Addition and Subtraction of Tens,Connecticut grade 1 Alignment Guide.docx
ccss,1,standard,1.NBT.C.4,"Add within 100, including adding a two-digit number and a one-digit number, and adding a two-digit number and a multiple of 10, using concrete models or drawings and strategies based on place value, properties of operations, and/or the relationship between addition and subtraction; relate the strategy to a written method and explain the reasoning used. Understand that in adding two-digit numbers, one adds tens and tens, ones and ones; and sometimes it is necessary to compose a ten.",G1-M5-L17,Use tens to find an unknown part.,lesson,FALSE,1 M5 Topic D: Addition and Subtraction of Tens,Connecticut grade 1 Alignment Guide.docx
ccss,1,standard,1.NBT.C.4,"Add within 100, including adding a two-digit number and a one-digit number, and adding a two-digit number and a multiple of 10, using concrete models or drawings and strategies based on place value, properties of operations, and/or the relationship between addition and subtraction; relate the strategy to a written method and explain the reasoning used. Understand that in adding two-digit numbers, one adds tens and tens, ones and ones; and sometimes it is necessary to compose a ten.",G1-M5-L18,Determine if number sentences involving addition and subtraction are true or false.,lesson,FALSE,1 M5 Topic D: Addition and Subtraction of Tens,Connecticut grade 1 Alignment Guide.docx
ccss,1,standard,1.NBT.C.4,"Add within 100, including adding a two-digit number and a one-digit number, and adding a two-digit number and a multiple of 10, using concrete models or drawings and strategies based on place value, properties of operations, and/or the relationship between addition and subtraction; relate the strategy to a written method and explain the reasoning used. Understand that in adding two-digit numbers, one adds tens and tens, ones and ones; and sometimes it is necessary to compose a ten.",G1-M5-L19,Add tens to a two-digit number.,lesson,FALSE,1 M5 Topic D: Addition and Subtraction of Tens,Connecticut grade 1 Alignment Guide.docx
ccss,1,standard,1.NBT.C.4,"Add within 100, including adding a two-digit number and a one-digit number, and adding a two-digit number and a multiple of 10, using concrete models or drawings and strategies based on place value, properties of operations, and/or the relationship between addition and subtraction; relate the strategy to a written method and explain the reasoning used. Understand that in adding two-digit numbers, one adds tens and tens, ones and ones; and sometimes it is necessary to compose a ten.",G1-M5-L20,Add ones and multiples of ten to any number.,lesson,FALSE,1 M5 Topic D: Addition and Subtraction of Tens,Connecticut grade 1 Alignment Guide.docx
ccss,1,standard,1.NBT.C.4,"Add within 100, including adding a two-digit number and a one-digit number, and adding a two-digit number and a multiple of 10, using concrete models or drawings and strategies based on place value, properties of operations, and/or the relationship between addition and subtraction; relate the strategy to a written method and explain the reasoning used. Understand that in adding two-digit numbers, one adds tens and tens, ones and ones; and sometimes it is necessary to compose a ten.",G1-M5-L21,Use varied strategies to add 2 two-digit addends.,lesson,FALSE,1 M5 Topic E: Addition of Two-Digit Numbers,Connecticut grade 1 Alignment Guide.docx
ccss,1,standard,1.NBT.C.4,"Add within 100, including adding a two-digit number and a one-digit number, and adding a two-digit number and a multiple of 10, using concrete models or drawings and strategies based on place value, properties of operations, and/or the relationship between addition and subtraction; relate the strategy to a written method and explain the reasoning used. Understand that in adding two-digit numbers, one adds tens and tens, ones and ones; and sometimes it is necessary to compose a ten.",G1-M5-L22,Decompose both addends and add like units.,lesson,FALSE,1 M5 Topic E: Addition of Two-Digit Numbers,Connecticut grade 1 Alignment Guide.docx
ccss,1,standard,1.NBT.C.4,"Add within 100, including adding a two-digit number and a one-digit number, and adding a two-digit number and a multiple of 10, using concrete models or drawings and strategies based on place value, properties of operations, and/or the relationship between addition and subtraction; relate the strategy to a written method and explain the reasoning used. Understand that in adding two-digit numbers, one adds tens and tens, ones and ones; and sometimes it is necessary to compose a ten.",G1-M5-L23,Decompose an addend and add tens first.,lesson,FALSE,1 M5 Topic E: Addition of Two-Digit Numbers,Connecticut grade 1 Alignment Guide.docx
ccss,1,standard,1.NBT.C.4,"Add within 100, including adding a two-digit number and a one-digit number, and adding a two-digit number and a multiple of 10, using concrete models or drawings and strategies based on place value, properties of operations, and/or the relationship between addition and subtraction; relate the strategy to a written method and explain the reasoning used. Understand that in adding two-digit numbers, one adds tens and tens, ones and ones; and sometimes it is necessary to compose a ten.",G1-M5-L24,Decompose an addend to make the next ten.,lesson,FALSE,1 M5 Topic E: Addition of Two-Digit Numbers,Connecticut grade 1 Alignment Guide.docx
ccss,1,standard,1.NBT.C.4,"Add within 100, including adding a two-digit number and a one-digit number, and adding a two-digit number and a multiple of 10, using concrete models or drawings and strategies based on place value, properties of operations, and/or the relationship between addition and subtraction; relate the strategy to a written method and explain the reasoning used. Understand that in adding two-digit numbers, one adds tens and tens, ones and ones; and sometimes it is necessary to compose a ten.",G1-M5-L25,Compare equivalent expressions used to solve two-digit addition equations.,lesson,FALSE,1 M5 Topic E: Addition of Two-Digit Numbers,Connecticut grade 1 Alignment Guide.docx
ccss,1,standard,1.NBT.C.4,"Add within 100, including adding a two-digit number and a one-digit number, and adding a two-digit number and a multiple of 10, using concrete models or drawings and strategies based on place value, properties of operations, and/or the relationship between addition and subtraction; relate the strategy to a written method and explain the reasoning used. Understand that in adding two-digit numbers, one adds tens and tens, ones and ones; and sometimes it is necessary to compose a ten.",G1-M6-L26,Make a total in more than one way.,lesson,FALSE,1 M6 Topic F: Extending Addition to 100,Connecticut grade 1 Alignment Guide.docx
ccss,1,standard,1.NBT.C.4,"Add within 100, including adding a two-digit number and a one-digit number, and adding a two-digit number and a multiple of 10, using concrete models or drawings and strategies based on place value, properties of operations, and/or the relationship between addition and subtraction; relate the strategy to a written method and explain the reasoning used. Understand that in adding two-digit numbers, one adds tens and tens, ones and ones; and sometimes it is necessary to compose a ten.",G1-M6-L27,"Add two-digit numbers in various ways, part 1.",lesson,FALSE,1 M6 Topic F: Extending Addition to 100,Connecticut grade 1 Alignment Guide.docx
ccss,1,standard,1.NBT.C.4,"Add within 100, including adding a two-digit number and a one-digit number, and adding a two-digit number and a multiple of 10, using concrete models or drawings and strategies based on place value, properties of operations, and/or the relationship between addition and subtraction; relate the strategy to a written method and explain the reasoning used. Understand that in adding two-digit numbers, one adds tens and tens, ones and ones; and sometimes it is necessary to compose a ten.",G1-M6-L28,"Add two-digit numbers in various ways, part 2.",lesson,FALSE,1 M6 Topic F: Extending Addition to 100,Connecticut grade 1 Alignment Guide.docx
ccss,1,standard,1.NBT.C.4,"Add within 100, including adding a two-digit number and a one-digit number, and adding a two-digit number and a multiple of 10, using concrete models or drawings and strategies based on place value, properties of operations, and/or the relationship between addition and subtraction; relate the strategy to a written method and explain the reasoning used. Understand that in adding two-digit numbers, one adds tens and tens, ones and ones; and sometimes it is necessary to compose a ten.",G1-M6-L29,Add tens to make 100.,lesson,FALSE,1 M6 Topic F: Extending Addition to 100,Connecticut grade 1 Alignment Guide.docx
ccss,1,standard,1.NBT.C.4,"Add within 100, including adding a two-digit number and a one-digit number, and adding a two-digit number and a multiple of 10, using concrete models or drawings and strategies based on place value, properties of operations, and/or the relationship between addition and subtraction; relate the strategy to a written method and explain the reasoning used. Understand that in adding two-digit numbers, one adds tens and tens, ones and ones; and sometimes it is necessary to compose a ten.",G1-M6-L30,Make the next ten and add tens to make 100.,lesson,FALSE,1 M6 Topic F: Extending Addition to 100,Connecticut grade 1 Alignment Guide.docx
ccss,1,standard,1.NBT.C.4,"Add within 100, including adding a two-digit number and a one-digit number, and adding a two-digit number and a multiple of 10, using concrete models or drawings and strategies based on place value, properties of operations, and/or the relationship between addition and subtraction; relate the strategy to a written method and explain the reasoning used. Understand that in adding two-digit numbers, one adds tens and tens, ones and ones; and sometimes it is necessary to compose a ten.",G1-M6-L31,Add to make 100.,lesson,FALSE,1 M6 Topic F: Extending Addition to 100,Connecticut grade 1 Alignment Guide.docx
ccss,1,standard,1.OA.A.1,"Use addition and subtraction within 20 to solve word problems involving situations of adding to, taking from, putting together, taking apart, and comparing, with unknowns in all positions, e.g., by using objects, drawings, and equations with a symbol for the unknown number to represent the problem.",G1-M2-L5,Use the Read–Draw–Write process to solve result unknown problems.,lesson,FALSE,1 M2 Topic B: Relate and Distinguish Addition and Subtraction,Connecticut grade 1 Alignment Guide.docx
ccss,1,standard,1.OA.A.1,"Use addition and subtraction within 20 to solve word problems involving situations of adding to, taking from, putting together, taking apart, and comparing, with unknowns in all positions, e.g., by using objects, drawings, and equations with a symbol for the unknown number to represent the problem.",G1-M2-L6,Represent and solve related addition and subtraction result unknown problems.,lesson,FALSE,1 M2 Topic B: Relate and Distinguish Addition and Subtraction,Connecticut grade 1 Alignment Guide.docx
ccss,1,standard,1.OA.A.1,"Use addition and subtraction within 20 to solve word problems involving situations of adding to, taking from, putting together, taking apart, and comparing, with unknowns in all positions, e.g., by using objects, drawings, and equations with a symbol for the unknown number to represent the problem.",G1-M2-L7,Count on or count back to solve related addition and subtraction problems.,lesson,FALSE,1 M2 Topic B: Relate and Distinguish Addition and Subtraction,Connecticut grade 1 Alignment Guide.docx
ccss,1,standard,1.OA.A.1,"Use addition and subtraction within 20 to solve word problems involving situations of adding to, taking from, putting together, taking apart, and comparing, with unknowns in all positions, e.g., by using objects, drawings, and equations with a symbol for the unknown number to represent the problem.",G1-M6-L20,Represent and solve put together and take apart word problems.,lesson,FALSE,1 M6 Topic E: Deepening Problem Solving,Connecticut grade 1 Alignment Guide.docx
ccss,1,standard,1.OA.A.1,"Use addition and subtraction within 20 to solve word problems involving situations of adding to, taking from, putting together, taking apart, and comparing, with unknowns in all positions, e.g., by using objects, drawings, and equations with a symbol for the unknown number to represent the problem.",G1-M6-L21,Represent and solve add to and take from word problems.,lesson,FALSE,1 M6 Topic E: Deepening Problem Solving,Connecticut grade 1 Alignment Guide.docx
ccss,1,standard,1.OA.A.1,"Use addition and subtraction within 20 to solve word problems involving situations of adding to, taking from, putting together, taking apart, and comparing, with unknowns in all positions, e.g., by using objects, drawings, and equations with a symbol for the unknown number to represent the problem.",G1-M6-L22,Represent and solve add to and take from with start unknown word problems.,lesson,FALSE,1 M6 Topic E: Deepening Problem Solving,Connecticut grade 1 Alignment Guide.docx
ccss,1,standard,1.OA.A.1,"Use addition and subtraction within 20 to solve word problems involving situations of adding to, taking from, putting together, taking apart, and comparing, with unknowns in all positions, e.g., by using objects, drawings, and equations with a symbol for the unknown number to represent the problem.",G1-M6-L23,Represent and solve comparison word problems.,lesson,FALSE,1 M6 Topic E: Deepening Problem Solving,Connecticut grade 1 Alignment Guide.docx
ccss,1,standard,1.OA.A.1,"Use addition and subtraction within 20 to solve word problems involving situations of adding to, taking from, putting together, taking apart, and comparing, with unknowns in all positions, e.g., by using objects, drawings, and equations with a symbol for the unknown number to represent the problem.",G1-M6-L24,Reason with nonstandard measurement units.,lesson,FALSE,1 M6 Topic E: Deepening Problem Solving,Connecticut grade 1 Alignment Guide.docx
ccss,1,standard,1.OA.A.1,"Use addition and subtraction within 20 to solve word problems involving situations of adding to, taking from, putting together, taking apart, and comparing, with unknowns in all positions, e.g., by using objects, drawings, and equations with a symbol for the unknown number to represent the problem.",G1-M6-L25,Solve nonroutine problems.,lesson,FALSE,1 M6 Topic E: Deepening Problem Solving,Connecticut grade 1 Alignment Guide.docx
ccss,1,standard,1.OA.B.3,Apply properties of operations as strategies to add and subtract.,G1-M3-L1,Group to make ten when there are three parts.,lesson,FALSE,1 M3 Topic A: Make Easier Problems with Three Addends,Connecticut grade 1 Alignment Guide.docx
ccss,1,standard,1.OA.B.3,Apply properties of operations as strategies to add and subtract.,G1-M3-L2,Make ten with three addends.,lesson,FALSE,1 M3 Topic A: Make Easier Problems with Three Addends,Connecticut grade 1 Alignment Guide.docx
ccss,1,standard,1.OA.B.3,Apply properties of operations as strategies to add and subtract.,G1-M3-L3,Represent and solve three-addend word problems.,lesson,FALSE,1 M3 Topic A: Make Easier Problems with Three Addends,Connecticut grade 1 Alignment Guide.docx
ccss,1,standard,1.OA.B.3,Apply properties of operations as strategies to add and subtract.,G1-M3-L4,Use properties of addition to make three‑addend expressions easier.,lesson,FALSE,1 M3 Topic A: Make Easier Problems with Three Addends,Connecticut grade 1 Alignment Guide.docx
ccss,1,standard,1.OA.B.3,Apply properties of operations as strategies to add and subtract.,G1-M3-L5,Make ten when an addend is 5.,lesson,FALSE,1 M3 Topic B: Make Easier Problems to Add,Connecticut grade 1 Alignment Guide.docx
ccss,1,standard,1.OA.B.3,Apply properties of operations as strategies to add and subtract.,G1-M3-L6,Make ten when the first addend is 9.,lesson,FALSE,1 M3 Topic B: Make Easier Problems to Add,Connecticut grade 1 Alignment Guide.docx
ccss,1,standard,1.OA.B.3,Apply properties of operations as strategies to add and subtract.,G1-M3-L7,Make ten when the first addend is 8 or 9.,lesson,FALSE,1 M3 Topic B: Make Easier Problems to Add,Connecticut grade 1 Alignment Guide.docx
ccss,1,standard,1.OA.B.3,Apply properties of operations as strategies to add and subtract.,G1-M3-L8,Make ten when the second addend is 8 or 9.,lesson,FALSE,1 M3 Topic B: Make Easier Problems to Add,Connecticut grade 1 Alignment Guide.docx
ccss,1,standard,1.OA.B.3,Apply properties of operations as strategies to add and subtract.,G1-M3-L9,Make ten with either addend.,lesson,FALSE,1 M3 Topic B: Make Easier Problems to Add,Connecticut grade 1 Alignment Guide.docx
ccss,1,standard,1.OA.B.3,Apply properties of operations as strategies to add and subtract.,G1-M3-L10,Make ten when there are three addends.,lesson,FALSE,1 M3 Topic B: Make Easier Problems to Add,Connecticut grade 1 Alignment Guide.docx
ccss,1,standard,1.OA.B.3,Apply properties of operations as strategies to add and subtract.,G1-M3-L11,"Represent and compare related situation equations, part 1.",lesson,FALSE,1 M3 Topic C: Make Easier Addition Problems with a Linear Model,Connecticut grade 1 Alignment Guide.docx
ccss,1,standard,1.OA.B.3,Apply properties of operations as strategies to add and subtract.,G1-M3-L12,"Represent and compare related situation equations, part 2.",lesson,FALSE,1 M3 Topic C: Make Easier Addition Problems with a Linear Model,Connecticut grade 1 Alignment Guide.docx
ccss,1,standard,1.OA.B.3,Apply properties of operations as strategies to add and subtract.,G1-M3-L13,Count on to make ten within 20.,lesson,FALSE,1 M3 Topic C: Make Easier Addition Problems with a Linear Model,Connecticut grade 1 Alignment Guide.docx
ccss,1,standard,1.OA.B.3,Apply properties of operations as strategies to add and subtract.,G1-M3-L14,Count on to make the next ten within 100.,lesson,FALSE,1 M3 Topic C: Make Easier Addition Problems with a Linear Model,Connecticut grade 1 Alignment Guide.docx
ccss,1,standard,1.OA.C.5,"Relate counting to addition and subtraction (e.g., by counting on 2 to add 2).",G1-M1-L7,Count all or count on to solve put together with total unknown situations.,lesson,FALSE,1 M1 Topic B: Count On from a Visible Part,Connecticut grade 1 Alignment Guide.docx
ccss,1,standard,1.OA.C.5,"Relate counting to addition and subtraction (e.g., by counting on 2 to add 2).",G1-M1-L8,Count on from a known part and identify both parts in a total.,lesson,FALSE,1 M1 Topic B: Count On from a Visible Part,Connecticut grade 1 Alignment Guide.docx
ccss,1,standard,1.OA.C.5,"Relate counting to addition and subtraction (e.g., by counting on 2 to add 2).",G1-M1-L9,Count on from both parts and record part–total relationships.,lesson,FALSE,1 M1 Topic B: Count On from a Visible Part,Connecticut grade 1 Alignment Guide.docx
ccss,1,standard,1.OA.C.5,"Relate counting to addition and subtraction (e.g., by counting on 2 to add 2).",G1-M1-L10,Count on from 5 within a set.,lesson,FALSE,1 M1 Topic B: Count On from a Visible Part,Connecticut grade 1 Alignment Guide.docx
ccss,1,standard,1.OA.C.5,"Relate counting to addition and subtraction (e.g., by counting on 2 to add 2).",G1-M1-L11,See any part in a set and count on.,lesson,FALSE,1 M1 Topic B: Count On from a Visible Part,Connecticut grade 1 Alignment Guide.docx
ccss,1,standard,1.OA.C.5,"Relate counting to addition and subtraction (e.g., by counting on 2 to add 2).",G1-M1-L12,Count on from 10 to find an unknown total.,lesson,FALSE,1 M1 Topic B: Count On from a Visible Part,Connecticut grade 1 Alignment Guide.docx
ccss,1,standard,1.OA.C.6,"Add and subtract within 20, demonstrating fluency for addition and subtraction within 10. Use strategies such as counting on; making ten (e.g., 8 + 6 = 8 + 2 + 4 = 10 + 4 = 14); decomposing a number leading to a ten (e.g., 13 – 4 = 13 – 3 – 1 = 10 – 1 = 9); using the relationship between addition and subtraction (e.g., knowing that 8 + 4 = 12, one knows 12 – 8 = 4); and creating equivalent but easier or known sums (e.g., adding 6 + 7 by creating the known equivalent 6 + 6 + 1 = 12 + 1 = 13).",G1-M3-L5,Make ten when an addend is 5.,lesson,FALSE,1 M3 Topic B: Make Easier Problems to Add,Connecticut grade 1 Alignment Guide.docx
ccss,1,standard,1.OA.C.6,"Add and subtract within 20, demonstrating fluency for addition and subtraction within 10. Use strategies such as counting on; making ten (e.g., 8 + 6 = 8 + 2 + 4 = 10 + 4 = 14); decomposing a number leading to a ten (e.g., 13 – 4 = 13 – 3 – 1 = 10 – 1 = 9); using the relationship between addition and subtraction (e.g., knowing that 8 + 4 = 12, one knows 12 – 8 = 4); and creating equivalent but easier or known sums (e.g., adding 6 + 7 by creating the known equivalent 6 + 6 + 1 = 12 + 1 = 13).",G1-M3-L6,Make ten when the first addend is 9.,lesson,FALSE,1 M3 Topic B: Make Easier Problems to Add,Connecticut grade 1 Alignment Guide.docx
ccss,1,standard,1.OA.C.6,"Add and subtract within 20, demonstrating fluency for addition and subtraction within 10. Use strategies such as counting on; making ten (e.g., 8 + 6 = 8 + 2 + 4 = 10 + 4 = 14); decomposing a number leading to a ten (e.g., 13 – 4 = 13 – 3 – 1 = 10 – 1 = 9); using the relationship between addition and subtraction (e.g., knowing that 8 + 4 = 12, one knows 12 – 8 = 4); and creating equivalent but easier or known sums (e.g., adding 6 + 7 by creating the known equivalent 6 + 6 + 1 = 12 + 1 = 13).",G1-M3-L7,Make ten when the first addend is 8 or 9.,lesson,FALSE,1 M3 Topic B: Make Easier Problems to Add,Connecticut grade 1 Alignment Guide.docx
ccss,1,standard,1.OA.C.6,"Add and subtract within 20, demonstrating fluency for addition and subtraction within 10. Use strategies such as counting on; making ten (e.g., 8 + 6 = 8 + 2 + 4 = 10 + 4 = 14); decomposing a number leading to a ten (e.g., 13 – 4 = 13 – 3 – 1 = 10 – 1 = 9); using the relationship between addition and subtraction (e.g., knowing that 8 + 4 = 12, one knows 12 – 8 = 4); and creating equivalent but easier or known sums (e.g., adding 6 + 7 by creating the known equivalent 6 + 6 + 1 = 12 + 1 = 13).",G1-M3-L8,Make ten when the second addend is 8 or 9.,lesson,FALSE,1 M3 Topic B: Make Easier Problems to Add,Connecticut grade 1 Alignment Guide.docx
ccss,1,standard,1.OA.C.6,"Add and subtract within 20, demonstrating fluency for addition and subtraction within 10. Use strategies such as counting on; making ten (e.g., 8 + 6 = 8 + 2 + 4 = 10 + 4 = 14); decomposing a number leading to a ten (e.g., 13 – 4 = 13 – 3 – 1 = 10 – 1 = 9); using the relationship between addition and subtraction (e.g., knowing that 8 + 4 = 12, one knows 12 – 8 = 4); and creating equivalent but easier or known sums (e.g., adding 6 + 7 by creating the known equivalent 6 + 6 + 1 = 12 + 1 = 13).",G1-M3-L9,Make ten with either addend.,lesson,FALSE,1 M3 Topic B: Make Easier Problems to Add,Connecticut grade 1 Alignment Guide.docx
ccss,1,standard,1.OA.C.6,"Add and subtract within 20, demonstrating fluency for addition and subtraction within 10. Use strategies such as counting on; making ten (e.g., 8 + 6 = 8 + 2 + 4 = 10 + 4 = 14); decomposing a number leading to a ten (e.g., 13 – 4 = 13 – 3 – 1 = 10 – 1 = 9); using the relationship between addition and subtraction (e.g., knowing that 8 + 4 = 12, one knows 12 – 8 = 4); and creating equivalent but easier or known sums (e.g., adding 6 + 7 by creating the known equivalent 6 + 6 + 1 = 12 + 1 = 13).",G1-M3-L10,Make ten when there are three addends.,lesson,FALSE,1 M3 Topic B: Make Easier Problems to Add,Connecticut grade 1 Alignment Guide.docx
ccss,2,standard,2.G.A.1,"Recognize and draw shapes having specified attributes, such as a given number of angles or a given number of equal faces. Identify triangles, quadrilaterals, pentagons, hexagons, and cubes.",G2-M3-L1,Determine the defining attributes of a polygon.,lesson,FALSE,2 M3 Topic A: Attributes of Geometric Shapes,Connecticut grade 2 Alignment Guide.docx
ccss,2,standard,2.G.A.1,"Recognize and draw shapes having specified attributes, such as a given number of angles or a given number of equal faces. Identify triangles, quadrilaterals, pentagons, hexagons, and cubes.",G2-M3-L2,"Use attributes to identify, build, and describe two-dimensional shapes.",lesson,FALSE,2 M3 Topic A: Attributes of Geometric Shapes,Connecticut grade 2 Alignment Guide.docx
ccss,2,standard,2.G.A.1,"Recognize and draw shapes having specified attributes, such as a given number of angles or a given number of equal faces. Identify triangles, quadrilaterals, pentagons, hexagons, and cubes.",G2-M3-L3,"Identify, build, and describe right angles and parallel lines.",lesson,FALSE,2 M3 Topic A: Attributes of Geometric Shapes,Connecticut grade 2 Alignment Guide.docx
ccss,2,standard,2.G.A.1,"Recognize and draw shapes having specified attributes, such as a given number of angles or a given number of equal faces. Identify triangles, quadrilaterals, pentagons, hexagons, and cubes.",G2-M3-L4,"Use attributes to identify, classify, and compose different quadrilaterals.",lesson,FALSE,2 M3 Topic A: Attributes of Geometric Shapes,Connecticut grade 2 Alignment Guide.docx
ccss,2,standard,2.G.A.1,"Recognize and draw shapes having specified attributes, such as a given number of angles or a given number of equal faces. Identify triangles, quadrilaterals, pentagons, hexagons, and cubes.",G2-M3-L5,Relate the square to the cube and use attributes to describe a cube.,lesson,FALSE,2 M3 Topic A: Attributes of Geometric Shapes,Connecticut grade 2 Alignment Guide.docx
ccss,2,standard,2.G.A.3,"Partition circles and rectangles into two, three, or four equal shares, describe the shares using the words halves, thirds, half of, a third of, etc., and describe the whole as two halves, three thirds, four fourths. Recognize that equal shares of identical wholes need not have the same shape.",G2-M3-L10,Partition circles and rectangles into equal parts and describe those parts as halves.,lesson,FALSE,"2 M3 Topic C: Halves, Thirds, and Fourths of Circles and Rectangles",Connecticut grade 2 Alignment Guide.docx
ccss,2,standard,2.G.A.3,"Partition circles and rectangles into two, three, or four equal shares, describe the shares using the words halves, thirds, half of, a third of, etc., and describe the whole as two halves, three thirds, four fourths. Recognize that equal shares of identical wholes need not have the same shape.",G2-M3-L11,"Partition circles and rectangles into equal parts, and describe those parts as halves, thirds, or fourths.",lesson,FALSE,"2 M3 Topic C: Halves, Thirds, and Fourths of Circles and Rectangles",Connecticut grade 2 Alignment Guide.docx
ccss,2,standard,2.G.A.3,"Partition circles and rectangles into two, three, or four equal shares, describe the shares using the words halves, thirds, half of, a third of, etc., and describe the whole as two halves, three thirds, four fourths. Recognize that equal shares of identical wholes need not have the same shape.",G2-M3-L12,"Describe a whole by the number of equal parts in halves, thirds, and fourths.",lesson,FALSE,"2 M3 Topic C: Halves, Thirds, and Fourths of Circles and Rectangles",Connecticut grade 2 Alignment Guide.docx
ccss,2,standard,2.G.A.3,"Partition circles and rectangles into two, three, or four equal shares, describe the shares using the words halves, thirds, half of, a third of, etc., and describe the whole as two halves, three thirds, four fourths. Recognize that equal shares of identical wholes need not have the same shape.",G2-M3-L13,Recognize that equal parts of an identical rectangle can be different shapes.,lesson,FALSE,"2 M3 Topic C: Halves, Thirds, and Fourths of Circles and Rectangles",Connecticut grade 2 Alignment Guide.docx
ccss,2,standard,2.MD.B.6,"Represent whole numbers as lengths from 0 on a number line diagram with equally spaced points corresponding to the numbers 0, 1, 2,..., and represent whole-number sums and differences within 100 on a number line diagram.",G2-M1-L15,Use a measuring tape as a number line to add efficiently.,lesson,FALSE,2 M1 Topic D: Solve Compare Problems by Using the Ruler as a Number Line,Connecticut grade 2 Alignment Guide.docx
ccss,2,standard,2.MD.B.6,"Represent whole numbers as lengths from 0 on a number line diagram with equally spaced points corresponding to the numbers 0, 1, 2,..., and represent whole-number sums and differences within 100 on a number line diagram.",G2-M1-L16,Use a measuring tape as a number line to subtract efficiently.,lesson,FALSE,2 M1 Topic D: Solve Compare Problems by Using the Ruler as a Number Line,Connecticut grade 2 Alignment Guide.docx
ccss,2,standard,2.MD.B.6,"Represent whole numbers as lengths from 0 on a number line diagram with equally spaced points corresponding to the numbers 0, 1, 2,..., and represent whole-number sums and differences within 100 on a number line diagram.",G2-M1-L17,Represent and solve comparison problems by using measurement contexts.,lesson,FALSE,2 M1 Topic D: Solve Compare Problems by Using the Ruler as a Number Line,Connecticut grade 2 Alignment Guide.docx
ccss,2,standard,2.MD.B.6,"Represent whole numbers as lengths from 0 on a number line diagram with equally spaced points corresponding to the numbers 0, 1, 2,..., and represent whole-number sums and differences within 100 on a number line diagram.",G2-M1-L18,Solve compare with difference unknown word problems by using measurement contexts.,lesson,FALSE,2 M1 Topic D: Solve Compare Problems by Using the Ruler as a Number Line,Connecticut grade 2 Alignment Guide.docx
ccss,2,standard,2.MD.B.6,"Represent whole numbers as lengths from 0 on a number line diagram with equally spaced points corresponding to the numbers 0, 1, 2,..., and represent whole-number sums and differences within 100 on a number line diagram.",G2-M1-L19,Solve compare with difference unknown word problems in various contexts.,lesson,FALSE,2 M1 Topic D: Solve Compare Problems by Using the Ruler as a Number Line,Connecticut grade 2 Alignment Guide.docx
ccss,2,standard,2.MD.C.8,"Solve word problems involving dollar bills, quarters, dimes, nickels, and pennies, using $ and ¢ symbols appropriately.",G2-M5-L1,"Organize, count, and represent a collection of coins.",lesson,FALSE,2 M5 Topic A: Problem Solving with Coins and Bills,Connecticut grade 2 Alignment Guide.docx
ccss,2,standard,2.MD.C.8,"Solve word problems involving dollar bills, quarters, dimes, nickels, and pennies, using $ and ¢ symbols appropriately.",G2-M5-L2,Use the fewest number of coins to make a given value.,lesson,FALSE,2 M5 Topic A: Problem Solving with Coins and Bills,Connecticut grade 2 Alignment Guide.docx
ccss,2,standard,2.MD.C.8,"Solve word problems involving dollar bills, quarters, dimes, nickels, and pennies, using $ and ¢ symbols appropriately.",G2-M5-L3,Solve one- and two-step word problems to find the total value of a group of coins.,lesson,FALSE,2 M5 Topic A: Problem Solving with Coins and Bills,Connecticut grade 2 Alignment Guide.docx
ccss,2,standard,2.MD.C.8,"Solve word problems involving dollar bills, quarters, dimes, nickels, and pennies, using $ and ¢ symbols appropriately.",G2-M5-L4,Solve one- and two-step word problems to find the total value of a group of bills.,lesson,FALSE,2 M5 Topic A: Problem Solving with Coins and Bills,Connecticut grade 2 Alignment Guide.docx
ccss,2,standard,2.MD.C.8,"Solve word problems involving dollar bills, quarters, dimes, nickels, and pennies, using $ and ¢ symbols appropriately.",G2-M5-L5,Use different strategies to make 1 dollar or to make change from 1 dollar.,lesson,FALSE,2 M5 Topic A: Problem Solving with Coins and Bills,Connecticut grade 2 Alignment Guide.docx
ccss,2,standard,2.MD.C.8,"Solve word problems involving dollar bills, quarters, dimes, nickels, and pennies, using $ and ¢ symbols appropriately.",G2-M5-L6,Solve word problems by using different ways to make change from 1 dollar.,lesson,FALSE,2 M5 Topic A: Problem Solving with Coins and Bills,Connecticut grade 2 Alignment Guide.docx
ccss,2,standard,2.MD.C.8,"Solve word problems involving dollar bills, quarters, dimes, nickels, and pennies, using $ and ¢ symbols appropriately.",G2-M5-L7,Solve word problems by using bills and coins.,lesson,FALSE,2 M5 Topic A: Problem Solving with Coins and Bills,Connecticut grade 2 Alignment Guide.docx
ccss,2,standard,2.MD.D.10,"Draw a picture graph and a bar graph (with single-unit scale) to represent a data set with up to four categories. Solve simple put-together, take-apart, and compare problems using information presented in a bar graph.",G2-M1-L1,Draw and label a picture graph to represent data.,lesson,FALSE,2 M1 Topic A: Represent Data to Solve Problems,Connecticut grade 2 Alignment Guide.docx
ccss,2,standard,2.MD.D.10,"Draw a picture graph and a bar graph (with single-unit scale) to represent a data set with up to four categories. Solve simple put-together, take-apart, and compare problems using information presented in a bar graph.",G2-M1-L2,Draw and label a bar graph to represent data.,lesson,FALSE,2 M1 Topic A: Represent Data to Solve Problems,Connecticut grade 2 Alignment Guide.docx
ccss,2,standard,2.MD.D.10,"Draw a picture graph and a bar graph (with single-unit scale) to represent a data set with up to four categories. Solve simple put-together, take-apart, and compare problems using information presented in a bar graph.",G2-M1-L3,Use information presented in a bar graph to solve put together and take apart problems.,lesson,FALSE,2 M1 Topic A: Represent Data to Solve Problems,Connecticut grade 2 Alignment Guide.docx
ccss,2,standard,2.MD.D.10,"Draw a picture graph and a bar graph (with single-unit scale) to represent a data set with up to four categories. Solve simple put-together, take-apart, and compare problems using information presented in a bar graph.",G2-M1-L4,Use information presented in a bar graph to solve compare problems.,lesson,FALSE,2 M1 Topic A: Represent Data to Solve Problems,Connecticut grade 2 Alignment Guide.docx
ccss,2,standard,2.NBT.A.1.b,"The numbers 100, 200, 300, 400, 500, 600, 700, 800, 900 refer to one, two, three, four, five, six, seven, eight, or nine hundreds (and 0 tens and 0 ones).",G2-M1-L31,"Count the total value of ones, tens, and hundreds with place value disks.",lesson,FALSE,2 M1 Topic H: Compose and Decompose with Place Value Disks,Connecticut grade 2 Alignment Guide.docx
ccss,2,standard,2.NBT.A.1.b,"The numbers 100, 200, 300, 400, 500, 600, 700, 800, 900 refer to one, two, three, four, five, six, seven, eight, or nine hundreds (and 0 tens and 0 ones).",G2-M1-L32,"Exchange 10 ones for 1 ten, 10 tens for 1 hundred, and 10 hundreds for 1 thousand.",lesson,FALSE,2 M1 Topic H: Compose and Decompose with Place Value Disks,Connecticut grade 2 Alignment Guide.docx
ccss,2,standard,2.NBT.A.1.b,"The numbers 100, 200, 300, 400, 500, 600, 700, 800, 900 refer to one, two, three, four, five, six, seven, eight, or nine hundreds (and 0 tens and 0 ones).",G2-M1-L33,Model numbers with more than 9 ones or 9 tens.,lesson,FALSE,2 M1 Topic H: Compose and Decompose with Place Value Disks,Connecticut grade 2 Alignment Guide.docx
ccss,2,standard,2.NBT.A.1.b,"The numbers 100, 200, 300, 400, 500, 600, 700, 800, 900 refer to one, two, three, four, five, six, seven, eight, or nine hundreds (and 0 tens and 0 ones).",G2-M1-L34,Problem solve in situations with more than 9 ones or 9 tens.,lesson,FALSE,2 M1 Topic H: Compose and Decompose with Place Value Disks,Connecticut grade 2 Alignment Guide.docx
ccss,2,standard,2.NBT.A.4,"Compare two three-digit numbers based on meanings of the hundreds, tens, and ones digits, using >, =, and < symbols to record the results of comparisons.",G2-M1-L35,"Compare three-digit numbers by using >, =, and <.",lesson,FALSE,2 M1 Topic I: Compare Two Three-Digit Numbers in Different Forms,Connecticut grade 2 Alignment Guide.docx
ccss,2,standard,2.NBT.A.4,"Compare two three-digit numbers based on meanings of the hundreds, tens, and ones digits, using >, =, and < symbols to record the results of comparisons.",G2-M1-L36,"Apply place value understanding to compare by using >, =, and <.",lesson,FALSE,2 M1 Topic I: Compare Two Three-Digit Numbers in Different Forms,Connecticut grade 2 Alignment Guide.docx
ccss,2,standard,2.NBT.A.4,"Compare two three-digit numbers based on meanings of the hundreds, tens, and ones digits, using >, =, and < symbols to record the results of comparisons.",G2-M1-L37,"Organize, count, represent, and compare a collection of objects.",lesson,FALSE,2 M1 Topic I: Compare Two Three-Digit Numbers in Different Forms,Connecticut grade 2 Alignment Guide.docx
ccss,2,standard,2.NBT.A.4,"Compare two three-digit numbers based on meanings of the hundreds, tens, and ones digits, using >, =, and < symbols to record the results of comparisons.",G2-M1-L38,Compare numbers in different forms.,lesson,FALSE,2 M1 Topic I: Compare Two Three-Digit Numbers in Different Forms,Connecticut grade 2 Alignment Guide.docx
ccss,2,standard,2.NBT.B.7,"Add and subtract within 1000, using concrete models or drawings and strategies based on place value, properties of operations, and/or the relationship between addition and subtraction; relate the strategy to a written method. Understand that in adding or subtracting three-digit numbers, one adds or subtracts hundreds and hundreds, tens and tens, ones and ones; and sometimes it is necessary to compose or decompose tens or hundreds.",G2-M2-L8,Use concrete models to compose a ten.,lesson,FALSE,2 M2 Topic B: Strategies for Composing a Ten and a Hundred to Add,Connecticut grade 2 Alignment Guide.docx
ccss,2,standard,2.NBT.B.7,"Add and subtract within 1000, using concrete models or drawings and strategies based on place value, properties of operations, and/or the relationship between addition and subtraction; relate the strategy to a written method. Understand that in adding or subtracting three-digit numbers, one adds or subtracts hundreds and hundreds, tens and tens, ones and ones; and sometimes it is necessary to compose or decompose tens or hundreds.",G2-M2-L9,Use place value drawings to compose a ten and relate to written recordings.,lesson,FALSE,2 M2 Topic B: Strategies for Composing a Ten and a Hundred to Add,Connecticut grade 2 Alignment Guide.docx
ccss,2,standard,2.NBT.B.7,"Add and subtract within 1000, using concrete models or drawings and strategies based on place value, properties of operations, and/or the relationship between addition and subtraction; relate the strategy to a written method. Understand that in adding or subtracting three-digit numbers, one adds or subtracts hundreds and hundreds, tens and tens, ones and ones; and sometimes it is necessary to compose or decompose tens or hundreds.",G2-M2-L10,Use concrete models to compose a hundred.,lesson,FALSE,2 M2 Topic B: Strategies for Composing a Ten and a Hundred to Add,Connecticut grade 2 Alignment Guide.docx
ccss,2,standard,2.NBT.B.7,"Add and subtract within 1000, using concrete models or drawings and strategies based on place value, properties of operations, and/or the relationship between addition and subtraction; relate the strategy to a written method. Understand that in adding or subtracting three-digit numbers, one adds or subtracts hundreds and hundreds, tens and tens, ones and ones; and sometimes it is necessary to compose or decompose tens or hundreds.",G2-M2-L11,Use math drawings to compose a hundred and relate to written recordings.,lesson,FALSE,2 M2 Topic B: Strategies for Composing a Ten and a Hundred to Add,Connecticut grade 2 Alignment Guide.docx
ccss,2,standard,2.NBT.B.7,"Add and subtract within 1000, using concrete models or drawings and strategies based on place value, properties of operations, and/or the relationship between addition and subtraction; relate the strategy to a written method. Understand that in adding or subtracting three-digit numbers, one adds or subtracts hundreds and hundreds, tens and tens, ones and ones; and sometimes it is necessary to compose or decompose tens or hundreds.",G2-M2-L12,Use place value drawings to compose a ten and a hundred with two- and three-digit addends. Relate to written recordings.,lesson,FALSE,2 M2 Topic B: Strategies for Composing a Ten and a Hundred to Add,Connecticut grade 2 Alignment Guide.docx
ccss,2,standard,2.NBT.B.7,"Add and subtract within 1000, using concrete models or drawings and strategies based on place value, properties of operations, and/or the relationship between addition and subtraction; relate the strategy to a written method. Understand that in adding or subtracting three-digit numbers, one adds or subtracts hundreds and hundreds, tens and tens, ones and ones; and sometimes it is necessary to compose or decompose tens or hundreds.",G2-M4-L12,Take from a ten or a hundred to subtract.,lesson,FALSE,"2 M4 Topic C: Simplifying Strategies for Subtracting Within 1,000",Connecticut grade 2 Alignment Guide.docx
ccss,2,standard,2.NBT.B.7,"Add and subtract within 1000, using concrete models or drawings and strategies based on place value, properties of operations, and/or the relationship between addition and subtraction; relate the strategy to a written method. Understand that in adding or subtracting three-digit numbers, one adds or subtracts hundreds and hundreds, tens and tens, ones and ones; and sometimes it is necessary to compose or decompose tens or hundreds.",G2-M4-L13,"Use compensation to subtract within 1,000.",lesson,FALSE,"2 M4 Topic C: Simplifying Strategies for Subtracting Within 1,000",Connecticut grade 2 Alignment Guide.docx
ccss,2,standard,2.NBT.B.7,"Add and subtract within 1000, using concrete models or drawings and strategies based on place value, properties of operations, and/or the relationship between addition and subtraction; relate the strategy to a written method. Understand that in adding or subtracting three-digit numbers, one adds or subtracts hundreds and hundreds, tens and tens, ones and ones; and sometimes it is necessary to compose or decompose tens or hundreds.",G2-M4-L14,Use compensation to keep a constant difference by adding the same amount to both numbers.,lesson,FALSE,"2 M4 Topic C: Simplifying Strategies for Subtracting Within 1,000",Connecticut grade 2 Alignment Guide.docx
ccss,2,standard,2.NBT.B.7,"Add and subtract within 1000, using concrete models or drawings and strategies based on place value, properties of operations, and/or the relationship between addition and subtraction; relate the strategy to a written method. Understand that in adding or subtracting three-digit numbers, one adds or subtracts hundreds and hundreds, tens and tens, ones and ones; and sometimes it is necessary to compose or decompose tens or hundreds.",G2-M4-L15,Use compensation to keep a constant difference by subtracting the same amount from both numbers.,lesson,FALSE,"2 M4 Topic C: Simplifying Strategies for Subtracting Within 1,000",Connecticut grade 2 Alignment Guide.docx
ccss,2,standard,2.NBT.B.7,"Add and subtract within 1000, using concrete models or drawings and strategies based on place value, properties of operations, and/or the relationship between addition and subtraction; relate the strategy to a written method. Understand that in adding or subtracting three-digit numbers, one adds or subtracts hundreds and hundreds, tens and tens, ones and ones; and sometimes it is necessary to compose or decompose tens or hundreds.",G2-M4-L16,Use concrete models to subtract and relate them to written recordings.,lesson,FALSE,"2 M4 Topic D: Strategies for Decomposing Tens and Hundreds Within 1,000",Connecticut grade 2 Alignment Guide.docx
ccss,2,standard,2.NBT.B.7,"Add and subtract within 1000, using concrete models or drawings and strategies based on place value, properties of operations, and/or the relationship between addition and subtraction; relate the strategy to a written method. Understand that in adding or subtracting three-digit numbers, one adds or subtracts hundreds and hundreds, tens and tens, ones and ones; and sometimes it is necessary to compose or decompose tens or hundreds.",G2-M4-L17,Use place value drawings to represent subtraction with one decomposition and relate them to written recordings.,lesson,FALSE,"2 M4 Topic D: Strategies for Decomposing Tens and Hundreds Within 1,000",Connecticut grade 2 Alignment Guide.docx
ccss,2,standard,2.NBT.B.7,"Add and subtract within 1000, using concrete models or drawings and strategies based on place value, properties of operations, and/or the relationship between addition and subtraction; relate the strategy to a written method. Understand that in adding or subtracting three-digit numbers, one adds or subtracts hundreds and hundreds, tens and tens, ones and ones; and sometimes it is necessary to compose or decompose tens or hundreds.",G2-M4-L18,Use place value drawings to represent subtraction with up to two decompositions and relate them to written recordings.,lesson,FALSE,"2 M4 Topic D: Strategies for Decomposing Tens and Hundreds Within 1,000",Connecticut grade 2 Alignment Guide.docx
ccss,2,standard,2.NBT.B.7,"Add and subtract within 1000, using concrete models or drawings and strategies based on place value, properties of operations, and/or the relationship between addition and subtraction; relate the strategy to a written method. Understand that in adding or subtracting three-digit numbers, one adds or subtracts hundreds and hundreds, tens and tens, ones and ones; and sometimes it is necessary to compose or decompose tens or hundreds.",G2-M4-L19,Use place value drawings to represent subtraction from numbers with 0 in the tens and/or ones place and relate to a written recording.,lesson,FALSE,"2 M4 Topic D: Strategies for Decomposing Tens and Hundreds Within 1,000",Connecticut grade 2 Alignment Guide.docx
ccss,2,standard,2.NBT.B.7,"Add and subtract within 1000, using concrete models or drawings and strategies based on place value, properties of operations, and/or the relationship between addition and subtraction; relate the strategy to a written method. Understand that in adding or subtracting three-digit numbers, one adds or subtracts hundreds and hundreds, tens and tens, ones and ones; and sometimes it is necessary to compose or decompose tens or hundreds.",G2-M4-L20,Subtract by using multiple strategies and defend an efficient strategy.,lesson,FALSE,"2 M4 Topic D: Strategies for Decomposing Tens and Hundreds Within 1,000",Connecticut grade 2 Alignment Guide.docx
ccss,2,standard,2.NBT.B.9,"Explain why addition and subtraction strategies work, using place value and the properties of operations.",G2-M4-L12,Take from a ten or a hundred to subtract.,lesson,FALSE,"2 M4 Topic C: Simplifying Strategies for Subtracting Within 1,000",Connecticut grade 2 Alignment Guide.docx
ccss,2,standard,2.NBT.B.9,"Explain why addition and subtraction strategies work, using place value and the properties of operations.",G2-M4-L13,"Use compensation to subtract within 1,000.",lesson,FALSE,"2 M4 Topic C: Simplifying Strategies for Subtracting Within 1,000",Connecticut grade 2 Alignment Guide.docx
ccss,2,standard,2.NBT.B.9,"Explain why addition and subtraction strategies work, using place value and the properties of operations.",G2-M4-L14,Use compensation to keep a constant difference by adding the same amount to both numbers.,lesson,FALSE,"2 M4 Topic C: Simplifying Strategies for Subtracting Within 1,000",Connecticut grade 2 Alignment Guide.docx
ccss,2,standard,2.NBT.B.9,"Explain why addition and subtraction strategies work, using place value and the properties of operations.",G2-M4-L15,Use compensation to keep a constant difference by subtracting the same amount from both numbers.,lesson,FALSE,"2 M4 Topic C: Simplifying Strategies for Subtracting Within 1,000",Connecticut grade 2 Alignment Guide.docx
ccss,2,standard,2.OA.B.2,"Fluently add and subtract within 20 using mental strategies. By end of Grade 2, know from memory all sums of two one-digit numbers.",G2-M4-L16,Use concrete models to subtract and relate them to written recordings.,lesson,FALSE,"2 M4 Topic D: Strategies for Decomposing Tens and Hundreds Within 1,000",Connecticut grade 2 Alignment Guide.docx
ccss,2,standard,2.OA.B.2,"Fluently add and subtract within 20 using mental strategies. By end of Grade 2, know from memory all sums of two one-digit numbers.",G2-M4-L17,Use place value drawings to represent subtraction with one decomposition and relate them to written recordings.,lesson,FALSE,"2 M4 Topic D: Strategies for Decomposing Tens and Hundreds Within 1,000",Connecticut grade 2 Alignment Guide.docx
ccss,2,standard,2.OA.B.2,"Fluently add and subtract within 20 using mental strategies. By end of Grade 2, know from memory all sums of two one-digit numbers.",G2-M4-L18,Use place value drawings to represent subtraction with up to two decompositions and relate them to written recordings.,lesson,FALSE,"2 M4 Topic D: Strategies for Decomposing Tens and Hundreds Within 1,000",Connecticut grade 2 Alignment Guide.docx
ccss,2,standard,2.OA.B.2,"Fluently add and subtract within 20 using mental strategies. By end of Grade 2, know from memory all sums of two one-digit numbers.",G2-M4-L19,Use place value drawings to represent subtraction from numbers with 0 in the tens and/or ones place and relate to a written recording.,lesson,FALSE,"2 M4 Topic D: Strategies for Decomposing Tens and Hundreds Within 1,000",Connecticut grade 2 Alignment Guide.docx
ccss,2,standard,2.OA.B.2,"Fluently add and subtract within 20 using mental strategies. By end of Grade 2, know from memory all sums of two one-digit numbers.",G2-M4-L20,Subtract by using multiple strategies and defend an efficient strategy.,lesson,FALSE,"2 M4 Topic D: Strategies for Decomposing Tens and Hundreds Within 1,000",Connecticut grade 2 Alignment Guide.docx
ccss,2,standard,2.OA.C.3,"Determine whether a group of objects (up to 20) has an odd or even number of members, e.g., by pairing objects or counting them by 2s; write an equation to express an even number as a sum of two equal addends.",G2-M6-L5,Compose arrays with rows and columns and use a repeated count to find the total.,lesson,FALSE,2 M6 Topic B: Arrays and Equal Groups,Connecticut grade 2 Alignment Guide.docx
ccss,2,standard,2.OA.C.3,"Determine whether a group of objects (up to 20) has an odd or even number of members, e.g., by pairing objects or counting them by 2s; write an equation to express an even number as a sum of two equal addends.",G2-M6-L6,Decompose arrays into rows and columns and relate them to repeated addition.,lesson,FALSE,2 M6 Topic B: Arrays and Equal Groups,Connecticut grade 2 Alignment Guide.docx
ccss,2,standard,2.OA.C.3,"Determine whether a group of objects (up to 20) has an odd or even number of members, e.g., by pairing objects or counting them by 2s; write an equation to express an even number as a sum of two equal addends.",G2-M6-L7,Distinguish between rows and columns and use math drawings to represent arrays.,lesson,FALSE,2 M6 Topic B: Arrays and Equal Groups,Connecticut grade 2 Alignment Guide.docx
ccss,2,standard,2.OA.C.3,"Determine whether a group of objects (up to 20) has an odd or even number of members, e.g., by pairing objects or counting them by 2s; write an equation to express an even number as a sum of two equal addends.",G2-M6-L8,Use square tiles to create arrays with gaps.,lesson,FALSE,2 M6 Topic B: Arrays and Equal Groups,Connecticut grade 2 Alignment Guide.docx
ccss,2,standard,2.OA.C.3,"Determine whether a group of objects (up to 20) has an odd or even number of members, e.g., by pairing objects or counting them by 2s; write an equation to express an even number as a sum of two equal addends.",G2-M6-L9,Determine the attributes of a square array.,lesson,FALSE,2 M6 Topic C: Rectangular Arrays as a Foundation for Multiplication and Division,Connecticut grade 2 Alignment Guide.docx
ccss,2,standard,2.OA.C.3,"Determine whether a group of objects (up to 20) has an odd or even number of members, e.g., by pairing objects or counting them by 2s; write an equation to express an even number as a sum of two equal addends.",G2-M6-L10,Use math drawings to compose a rectangle.,lesson,FALSE,2 M6 Topic C: Rectangular Arrays as a Foundation for Multiplication and Division,Connecticut grade 2 Alignment Guide.docx
ccss,2,standard,2.OA.C.3,"Determine whether a group of objects (up to 20) has an odd or even number of members, e.g., by pairing objects or counting them by 2s; write an equation to express an even number as a sum of two equal addends.",G2-M6-L11,Decompose an array to find the total efficiently.,lesson,FALSE,2 M6 Topic C: Rectangular Arrays as a Foundation for Multiplication and Division,Connecticut grade 2 Alignment Guide.docx
ccss,2,standard,2.OA.C.3,"Determine whether a group of objects (up to 20) has an odd or even number of members, e.g., by pairing objects or counting them by 2s; write an equation to express an even number as a sum of two equal addends.",G2-M6-L12,Reason about how equal arrays can be composed differently.,lesson,FALSE,2 M6 Topic C: Rectangular Arrays as a Foundation for Multiplication and Division,Connecticut grade 2 Alignment Guide.docx
ccss,2,standard,2.OA.C.3,"Determine whether a group of objects (up to 20) has an odd or even number of members, e.g., by pairing objects or counting them by 2s; write an equation to express an even number as a sum of two equal addends.",G2-M6-L13,Decompose an array and relate it to a number bond.,lesson,FALSE,2 M6 Topic C: Rectangular Arrays as a Foundation for Multiplication and Division,Connecticut grade 2 Alignment Guide.docx
ccss,2,standard,2.OA.C.4,Use addition to find the total number of objects arranged in rectangular arrays with up to 5 rows and up to 5 columns; write an equation to express the total as a sum of equal addends.,G2-M6-L1,Compose equal groups and write repeated addition equations.,lesson,FALSE,2 M6 Topic A: Count and Problem Solve with Equal Groups,Connecticut grade 2 Alignment Guide.docx
ccss,2,standard,2.OA.C.4,Use addition to find the total number of objects arranged in rectangular arrays with up to 5 rows and up to 5 columns; write an equation to express the total as a sum of equal addends.,G2-M6-L2,"Organize, count, and represent a collection of objects.",lesson,FALSE,2 M6 Topic A: Count and Problem Solve with Equal Groups,Connecticut grade 2 Alignment Guide.docx
ccss,2,standard,2.OA.C.4,Use addition to find the total number of objects arranged in rectangular arrays with up to 5 rows and up to 5 columns; write an equation to express the total as a sum of equal addends.,G2-M6-L3,Use math drawings to represent equal groups and relate them to repeated addition.,lesson,FALSE,2 M6 Topic A: Count and Problem Solve with Equal Groups,Connecticut grade 2 Alignment Guide.docx
ccss,2,standard,2.OA.C.4,Use addition to find the total number of objects arranged in rectangular arrays with up to 5 rows and up to 5 columns; write an equation to express the total as a sum of equal addends.,G2-M6-L4,Represent equal groups with a tape diagram.,lesson,FALSE,2 M6 Topic A: Count and Problem Solve with Equal Groups,Connecticut grade 2 Alignment Guide.docx
ccss,2,standard,2.OA.C.4,Use addition to find the total number of objects arranged in rectangular arrays with up to 5 rows and up to 5 columns; write an equation to express the total as a sum of equal addends.,G2-M6-L5,Compose arrays with rows and columns and use a repeated count to find the total.,lesson,FALSE,2 M6 Topic B: Arrays and Equal Groups,Connecticut grade 2 Alignment Guide.docx
ccss,2,standard,2.OA.C.4,Use addition to find the total number of objects arranged in rectangular arrays with up to 5 rows and up to 5 columns; write an equation to express the total as a sum of equal addends.,G2-M6-L6,Decompose arrays into rows and columns and relate them to repeated addition.,lesson,FALSE,2 M6 Topic B: Arrays and Equal Groups,Connecticut grade 2 Alignment Guide.docx
ccss,2,standard,2.OA.C.4,Use addition to find the total number of objects arranged in rectangular arrays with up to 5 rows and up to 5 columns; write an equation to express the total as a sum of equal addends.,G2-M6-L7,Distinguish between rows and columns and use math drawings to represent arrays.,lesson,FALSE,2 M6 Topic B: Arrays and Equal Groups,Connecticut grade 2 Alignment Guide.docx
ccss,2,standard,2.OA.C.4,Use addition to find the total number of objects arranged in rectangular arrays with up to 5 rows and up to 5 columns; write an equation to express the total as a sum of equal addends.,G2-M6-L8,Use square tiles to create arrays with gaps.,lesson,FALSE,2 M6 Topic B: Arrays and Equal Groups,Connecticut grade 2 Alignment Guide.docx
ccss,2,standard,2.OA.C.4,Use addition to find the total number of objects arranged in rectangular arrays with up to 5 rows and up to 5 columns; write an equation to express the total as a sum of equal addends.,G2-M6-L9,Determine the attributes of a square array.,lesson,FALSE,2 M6 Topic C: Rectangular Arrays as a Foundation for Multiplication and Division,Connecticut grade 2 Alignment Guide.docx
ccss,2,standard,2.OA.C.4,Use addition to find the total number of objects arranged in rectangular arrays with up to 5 rows and up to 5 columns; write an equation to express the total as a sum of equal addends.,G2-M6-L10,Use math drawings to compose a rectangle.,lesson,FALSE,2 M6 Topic C: Rectangular Arrays as a Foundation for Multiplication and Division,Connecticut grade 2 Alignment Guide.docx
ccss,2,standard,2.OA.C.4,Use addition to find the total number of objects arranged in rectangular arrays with up to 5 rows and up to 5 columns; write an equation to express the total as a sum of equal addends.,G2-M6-L11,Decompose an array to find the total efficiently.,lesson,FALSE,2 M6 Topic C: Rectangular Arrays as a Foundation for Multiplication and Division,Connecticut grade 2 Alignment Guide.docx
ccss,2,standard,2.OA.C.4,Use addition to find the total number of objects arranged in rectangular arrays with up to 5 rows and up to 5 columns; write an equation to express the total as a sum of equal addends.,G2-M6-L12,Reason about how equal arrays can be composed differently.,lesson,FALSE,2 M6 Topic C: Rectangular Arrays as a Foundation for Multiplication and Division,Connecticut grade 2 Alignment Guide.docx
ccss,2,standard,2.OA.C.4,Use addition to find the total number of objects arranged in rectangular arrays with up to 5 rows and up to 5 columns; write an equation to express the total as a sum of equal addends.,G2-M6-L13,Decompose an array and relate it to a number bond.,lesson,FALSE,2 M6 Topic C: Rectangular Arrays as a Foundation for Multiplication and Division,Connecticut grade 2 Alignment Guide.docx
ccss,3,standard,3.G.A.1,"Understand that shapes in different categories (e.g., rhombuses, rectangles, and others) may share attributes (e.g., having four sides), and that the shared attributes can define a larger category (e.g., quadrilaterals). Recognize rhombuses, rectangles, and squares as examples of quadrilaterals, and draw examples of quadrilaterals that do not belong to any of these subcategories.",G3-M6-L8,Compare and classify quadrilaterals.,lesson,FALSE,3 M6 Topic B: Attributes of Two-Dimensional Figures,Connecticut grade 3 Alignment Guide.docx
ccss,3,standard,3.G.A.1,"Understand that shapes in different categories (e.g., rhombuses, rectangles, and others) may share attributes (e.g., having four sides), and that the shared attributes can define a larger category (e.g., quadrilaterals). Recognize rhombuses, rectangles, and squares as examples of quadrilaterals, and draw examples of quadrilaterals that do not belong to any of these subcategories.",G3-M6-L9,Compare and classify other polygons.,lesson,FALSE,3 M6 Topic B: Attributes of Two-Dimensional Figures,Connecticut grade 3 Alignment Guide.docx
ccss,3,standard,3.G.A.1,"Understand that shapes in different categories (e.g., rhombuses, rectangles, and others) may share attributes (e.g., having four sides), and that the shared attributes can define a larger category (e.g., quadrilaterals). Recognize rhombuses, rectangles, and squares as examples of quadrilaterals, and draw examples of quadrilaterals that do not belong to any of these subcategories.",G3-M6-L10,Draw polygons with specified attributes.,lesson,FALSE,3 M6 Topic B: Attributes of Two-Dimensional Figures,Connecticut grade 3 Alignment Guide.docx
ccss,3,standard,3.G.A.1,"Understand that shapes in different categories (e.g., rhombuses, rectangles, and others) may share attributes (e.g., having four sides), and that the shared attributes can define a larger category (e.g., quadrilaterals). Recognize rhombuses, rectangles, and squares as examples of quadrilaterals, and draw examples of quadrilaterals that do not belong to any of these subcategories.",G3-M6-L11,Reason about composing polygons by using tetrominoes.,lesson,FALSE,3 M6 Topic B: Attributes of Two-Dimensional Figures,Connecticut grade 3 Alignment Guide.docx
ccss,3,standard,3.G.A.1,"Understand that shapes in different categories (e.g., rhombuses, rectangles, and others) may share attributes (e.g., having four sides), and that the shared attributes can define a larger category (e.g., quadrilaterals). Recognize rhombuses, rectangles, and squares as examples of quadrilaterals, and draw examples of quadrilaterals that do not belong to any of these subcategories.",G3-M6-L12,Reason about composing polygons by using tangrams.,lesson,FALSE,3 M6 Topic B: Attributes of Two-Dimensional Figures,Connecticut grade 3 Alignment Guide.docx
ccss,3,standard,3.G.A.2,Partition shapes into parts with equal areas. Express the area of each part as a unit fraction of the whole.,G3-M5-L1,Partition a whole into equal parts and name the fractional unit.,lesson,FALSE,3 M5 Topic A: Partition a Whole into Equal Parts,Connecticut grade 3 Alignment Guide.docx
ccss,3,standard,3.G.A.2,Partition shapes into parts with equal areas. Express the area of each part as a unit fraction of the whole.,G3-M5-L2,Partition different wholes into fractional units concretely.,lesson,FALSE,3 M5 Topic A: Partition a Whole into Equal Parts,Connecticut grade 3 Alignment Guide.docx
ccss,3,standard,3.G.A.2,Partition shapes into parts with equal areas. Express the area of each part as a unit fraction of the whole.,G3-M5-L3,Partition a whole into fractional units by folding fraction strips.,lesson,FALSE,3 M5 Topic A: Partition a Whole into Equal Parts,Connecticut grade 3 Alignment Guide.docx
ccss,3,standard,3.G.A.2,Partition shapes into parts with equal areas. Express the area of each part as a unit fraction of the whole.,G3-M5-L4,Partition a whole into fractional units pictorially and identify the unit fraction.,lesson,FALSE,3 M5 Topic A: Partition a Whole into Equal Parts,Connecticut grade 3 Alignment Guide.docx
ccss,3,standard,3.G.A.2,Partition shapes into parts with equal areas. Express the area of each part as a unit fraction of the whole.,G3-M5-L5,Partition a whole into fractional units and write fractions in fraction form.,lesson,FALSE,3 M5 Topic A: Partition a Whole into Equal Parts,Connecticut grade 3 Alignment Guide.docx
ccss,3,standard,3.G.A.2,Partition shapes into parts with equal areas. Express the area of each part as a unit fraction of the whole.,G3-M5-L6,Build non-unit fractions less than from unit 1 fractions concretely.,lesson,FALSE,3 M5 Topic B: Unit Fractions and Their Relationship to the Whole,Connecticut grade 3 Alignment Guide.docx
ccss,3,standard,3.G.A.2,Partition shapes into parts with equal areas. Express the area of each part as a unit fraction of the whole.,G3-M5-L7,Identify and represent a whole as two parts: a unit fraction and a non-unit fraction.,lesson,FALSE,3 M5 Topic B: Unit Fractions and Their Relationship to the Whole,Connecticut grade 3 Alignment Guide.docx
ccss,3,standard,3.G.A.2,Partition shapes into parts with equal areas. Express the area of each part as a unit fraction of the whole.,G3-M5-L8,Identify and represent a whole as two non-unit fractions.,lesson,FALSE,3 M5 Topic B: Unit Fractions and Their Relationship to the Whole,Connecticut grade 3 Alignment Guide.docx
ccss,3,standard,3.G.A.2,Partition shapes into parts with equal areas. Express the area of each part as a unit fraction of the whole.,G3-M5-L9,Compare unit fractions by reasoning about their size concretely.,lesson,FALSE,3 M5 Topic B: Unit Fractions and Their Relationship to the Whole,Connecticut grade 3 Alignment Guide.docx
ccss,3,standard,3.G.A.2,Partition shapes into parts with equal areas. Express the area of each part as a unit fraction of the whole.,G3-M5-L10,Compare non-unit fractions less than with 1 the same numerator by using tape diagrams.,lesson,FALSE,3 M5 Topic B: Unit Fractions and Their Relationship to the Whole,Connecticut grade 3 Alignment Guide.docx
ccss,3,standard,3.MD.A.2,"Measure and estimate liquid volumes and masses of objects using standard units of grams (g), kilograms (kg), and liters (l). Add, subtract, multiply, or divide to solve one-step word problems involving masses or volumes that are given in the same units, e.g., by using drawings (such as a beaker with a measurement scale) to represent the problem.",G3-M2-L1,Connect the composition of 1 kilogram to the composition of 1 thousand.,lesson,FALSE,3 M2 Topic A: Understanding Place Value Concepts Through Metric Measurement,Connecticut grade 3 Alignment Guide.docx
ccss,3,standard,3.MD.A.2,"Measure and estimate liquid volumes and masses of objects using standard units of grams (g), kilograms (kg), and liters (l). Add, subtract, multiply, or divide to solve one-step word problems involving masses or volumes that are given in the same units, e.g., by using drawings (such as a beaker with a measurement scale) to represent the problem.",G3-M2-L2,Estimate the weight of familiar objects and read scales when weighing objects.,lesson,FALSE,3 M2 Topic A: Understanding Place Value Concepts Through Metric Measurement,Connecticut grade 3 Alignment Guide.docx
ccss,3,standard,3.MD.A.2,"Measure and estimate liquid volumes and masses of objects using standard units of grams (g), kilograms (kg), and liters (l). Add, subtract, multiply, or divide to solve one-step word problems involving masses or volumes that are given in the same units, e.g., by using drawings (such as a beaker with a measurement scale) to represent the problem.",G3-M2-L3,Use all four operations to solve one-step word problems involving weight.,lesson,FALSE,3 M2 Topic A: Understanding Place Value Concepts Through Metric Measurement,Connecticut grade 3 Alignment Guide.docx
ccss,3,standard,3.MD.A.2,"Measure and estimate liquid volumes and masses of objects using standard units of grams (g), kilograms (kg), and liters (l). Add, subtract, multiply, or divide to solve one-step word problems involving masses or volumes that are given in the same units, e.g., by using drawings (such as a beaker with a measurement scale) to represent the problem.",G3-M2-L4,Connect decomposition of 1 liter to the decomposition of 1 thousand.,lesson,FALSE,3 M2 Topic A: Understanding Place Value Concepts Through Metric Measurement,Connecticut grade 3 Alignment Guide.docx
ccss,3,standard,3.MD.A.2,"Measure and estimate liquid volumes and masses of objects using standard units of grams (g), kilograms (kg), and liters (l). Add, subtract, multiply, or divide to solve one-step word problems involving masses or volumes that are given in the same units, e.g., by using drawings (such as a beaker with a measurement scale) to represent the problem.",G3-M2-L5,Estimate and measure liquid volume using a vertical number line and connect composition of 1 liter to composition of 1 thousand.,lesson,FALSE,3 M2 Topic A: Understanding Place Value Concepts Through Metric Measurement,Connecticut grade 3 Alignment Guide.docx
ccss,3,standard,3.MD.A.2,"Measure and estimate liquid volumes and masses of objects using standard units of grams (g), kilograms (kg), and liters (l). Add, subtract, multiply, or divide to solve one-step word problems involving masses or volumes that are given in the same units, e.g., by using drawings (such as a beaker with a measurement scale) to represent the problem.",G3-M2-L6,Use all four operations to solve one-step word problems involving liquid volume.,lesson,FALSE,3 M2 Topic A: Understanding Place Value Concepts Through Metric Measurement,Connecticut grade 3 Alignment Guide.docx
ccss,3,standard,3.MD.A.2,"Measure and estimate liquid volumes and masses of objects using standard units of grams (g), kilograms (kg), and liters (l). Add, subtract, multiply, or divide to solve one-step word problems involving masses or volumes that are given in the same units, e.g., by using drawings (such as a beaker with a measurement scale) to represent the problem.",G3-M2-L7,Solve one-step word problems using metric units.,lesson,FALSE,3 M2 Topic A: Understanding Place Value Concepts Through Metric Measurement,Connecticut grade 3 Alignment Guide.docx
ccss,3,standard,3.MD.C.5,Recognize area as an attribute of plane figures and understand concepts of area measurement.,G3-M4-L1,"Explore attributes of squares, rectangles, and trapezoids.",lesson,FALSE,3 M4 Topic A: Foundations for Understanding Area,Connecticut grade 3 Alignment Guide.docx
ccss,3,standard,3.MD.C.5,Recognize area as an attribute of plane figures and understand concepts of area measurement.,G3-M4-L2,Recognize area as an attribute of polygons.,lesson,FALSE,3 M4 Topic A: Foundations for Understanding Area,Connecticut grade 3 Alignment Guide.docx
ccss,3,standard,3.MD.C.5,Recognize area as an attribute of plane figures and understand concepts of area measurement.,G3-M4-L3,Tile polygons to find their areas.,lesson,FALSE,3 M4 Topic A: Foundations for Understanding Area,Connecticut grade 3 Alignment Guide.docx
ccss,3,standard,3.MD.C.5,Recognize area as an attribute of plane figures and understand concepts of area measurement.,G3-M4-L4,Compose rectangles to compare areas.,lesson,FALSE,3 M4 Topic A: Foundations for Understanding Area,Connecticut grade 3 Alignment Guide.docx
ccss,3,standard,3.MD.C.5,Recognize area as an attribute of plane figures and understand concepts of area measurement.,G3-M4-L5,Relate side lengths to the number of tiles on a side.,lesson,FALSE,3 M4 Topic A: Foundations for Understanding Area,Connecticut grade 3 Alignment Guide.docx
ccss,3,standard,3.MD.D.8,"Solve real world and mathematical problems involving perimeters of polygons, including finding the perimeter given the side lengths, finding an unknown side length, and exhibiting rectangles with the same perimeter and different areas or with the same area and different perimeters.",G3-M6-L13,Decompose quadrilaterals to understand perimeter as the boundary of a shape.,lesson,FALSE,3 M6 Topic C: Problem Solving with Perimeter,Connecticut grade 3 Alignment Guide.docx
ccss,3,standard,3.MD.D.8,"Solve real world and mathematical problems involving perimeters of polygons, including finding the perimeter given the side lengths, finding an unknown side length, and exhibiting rectangles with the same perimeter and different areas or with the same area and different perimeters.",G3-M6-L14,Measure side lengths in whole-number units to determine the perimeters of polygons.,lesson,FALSE,3 M6 Topic C: Problem Solving with Perimeter,Connecticut grade 3 Alignment Guide.docx
ccss,3,standard,3.MD.D.8,"Solve real world and mathematical problems involving perimeters of polygons, including finding the perimeter given the side lengths, finding an unknown side length, and exhibiting rectangles with the same perimeter and different areas or with the same area and different perimeters.",G3-M6-L15,Recognize perimeter as an attribute of shapes and solve problems with unknown measurements.,lesson,FALSE,3 M6 Topic C: Problem Solving with Perimeter,Connecticut grade 3 Alignment Guide.docx
ccss,3,standard,3.MD.D.8,"Solve real world and mathematical problems involving perimeters of polygons, including finding the perimeter given the side lengths, finding an unknown side length, and exhibiting rectangles with the same perimeter and different areas or with the same area and different perimeters.",G3-M6-L16,Solve problems to determine the perimeters of rectangles with the same area.,lesson,FALSE,3 M6 Topic C: Problem Solving with Perimeter,Connecticut grade 3 Alignment Guide.docx
ccss,3,standard,3.MD.D.8,"Solve real world and mathematical problems involving perimeters of polygons, including finding the perimeter given the side lengths, finding an unknown side length, and exhibiting rectangles with the same perimeter and different areas or with the same area and different perimeters.",G3-M6-L17,Solve problems to determine the areas of rectangles with the same perimeter.,lesson,FALSE,3 M6 Topic C: Problem Solving with Perimeter,Connecticut grade 3 Alignment Guide.docx
ccss,3,standard,3.MD.D.8,"Solve real world and mathematical problems involving perimeters of polygons, including finding the perimeter given the side lengths, finding an unknown side length, and exhibiting rectangles with the same perimeter and different areas or with the same area and different perimeters.",G3-M6-L18,Solve real-world problems involving perimeter and unknown measurements by using all four operations.,lesson,FALSE,3 M6 Topic C: Problem Solving with Perimeter,Connecticut grade 3 Alignment Guide.docx
ccss,3,standard,3.NBT.A.1,Use place value understanding to round whole numbers to the nearest 10 or 100.,G3-M2-L8,Read temperatures on a thermometer using number line concepts.,lesson,FALSE,3 M2 Topic B: Rounding to the Nearest Ten and Hundred,Connecticut grade 3 Alignment Guide.docx
ccss,3,standard,3.NBT.A.1,Use place value understanding to round whole numbers to the nearest 10 or 100.,G3-M2-L9,Round two-digit numbers to the nearest ten on the vertical number line.,lesson,FALSE,3 M2 Topic B: Rounding to the Nearest Ten and Hundred,Connecticut grade 3 Alignment Guide.docx
ccss,3,standard,3.NBT.A.1,Use place value understanding to round whole numbers to the nearest 10 or 100.,G3-M2-L10,Round two- and three-digit numbers to the nearest ten on the vertical number line.,lesson,FALSE,3 M2 Topic B: Rounding to the Nearest Ten and Hundred,Connecticut grade 3 Alignment Guide.docx
ccss,3,standard,3.NBT.A.1,Use place value understanding to round whole numbers to the nearest 10 or 100.,G3-M2-L11,Round to the nearest hundred on the vertical number line.,lesson,FALSE,3 M2 Topic B: Rounding to the Nearest Ten and Hundred,Connecticut grade 3 Alignment Guide.docx
ccss,3,standard,3.NBT.A.1,Use place value understanding to round whole numbers to the nearest 10 or 100.,G3-M2-L12,Estimate sums and differences by rounding.,lesson,FALSE,3 M2 Topic B: Rounding to the Nearest Ten and Hundred,Connecticut grade 3 Alignment Guide.docx
ccss,3,standard,3.OA.A.2,"Interpret whole-number quotients of whole numbers, e.g., interpret 56 ÷ 8 as the number of objects in each share when 56 objects are partitioned equally into 8 shares, or as a number of shares when 56 objects are partitioned into equal shares of 8 objects each.",G3-M1-L6,Explore measurement and partitive division by modeling concretely and drawing.,lesson,FALSE,3 M1 Topic B: Conceptual Understanding of Division,Connecticut grade 3 Alignment Guide.docx
ccss,3,standard,3.OA.A.2,"Interpret whole-number quotients of whole numbers, e.g., interpret 56 ÷ 8 as the number of objects in each share when 56 objects are partitioned equally into 8 shares, or as a number of shares when 56 objects are partitioned into equal shares of 8 objects each.",G3-M1-L7,Model measurement and partitive division by drawing equal groups.,lesson,FALSE,3 M1 Topic B: Conceptual Understanding of Division,Connecticut grade 3 Alignment Guide.docx
ccss,3,standard,3.OA.A.2,"Interpret whole-number quotients of whole numbers, e.g., interpret 56 ÷ 8 as the number of objects in each share when 56 objects are partitioned equally into 8 shares, or as a number of shares when 56 objects are partitioned into equal shares of 8 objects each.",G3-M1-L8,Model measurement and partitive division by drawing arrays.,lesson,FALSE,3 M1 Topic B: Conceptual Understanding of Division,Connecticut grade 3 Alignment Guide.docx
ccss,3,standard,3.OA.A.2,"Interpret whole-number quotients of whole numbers, e.g., interpret 56 ÷ 8 as the number of objects in each share when 56 objects are partitioned equally into 8 shares, or as a number of shares when 56 objects are partitioned into equal shares of 8 objects each.",G3-M1-L9,Represent and solve division word problems using drawings and equations.,lesson,FALSE,3 M1 Topic B: Conceptual Understanding of Division,Connecticut grade 3 Alignment Guide.docx
ccss,3,standard,3.OA.A.2,"Interpret whole-number quotients of whole numbers, e.g., interpret 56 ÷ 8 as the number of objects in each share when 56 objects are partitioned equally into 8 shares, or as a number of shares when 56 objects are partitioned into equal shares of 8 objects each.",G3-M1-L15,Model division as an unknown factor problem.,lesson,FALSE,3 M1 Topic D: Two Interpretations of Division,Connecticut grade 3 Alignment Guide.docx
ccss,3,standard,3.OA.A.2,"Interpret whole-number quotients of whole numbers, e.g., interpret 56 ÷ 8 as the number of objects in each share when 56 objects are partitioned equally into 8 shares, or as a number of shares when 56 objects are partitioned into equal shares of 8 objects each.",G3-M1-L16,"Model the quotient as the number of groups using units of 2, 3, 4, 5, and 10.",lesson,FALSE,3 M1 Topic D: Two Interpretations of Division,Connecticut grade 3 Alignment Guide.docx
ccss,3,standard,3.OA.A.2,"Interpret whole-number quotients of whole numbers, e.g., interpret 56 ÷ 8 as the number of objects in each share when 56 objects are partitioned equally into 8 shares, or as a number of shares when 56 objects are partitioned into equal shares of 8 objects each.",G3-M1-L17,"Model the quotient as the size of each group using units of 2, 3, 4, 5, and 10.",lesson,FALSE,3 M1 Topic D: Two Interpretations of Division,Connecticut grade 3 Alignment Guide.docx
ccss,3,standard,3.OA.A.2,"Interpret whole-number quotients of whole numbers, e.g., interpret 56 ÷ 8 as the number of objects in each share when 56 objects are partitioned equally into 8 shares, or as a number of shares when 56 objects are partitioned into equal shares of 8 objects each.",G3-M1-L18,Represent and solve measurement and partitive division word problems.,lesson,FALSE,3 M1 Topic D: Two Interpretations of Division,Connecticut grade 3 Alignment Guide.docx
ccss,3,standard,3.OA.B.5,Apply properties of operations as strategies to multiply and divide.,G3-M1-L10,Demonstrate the commutative property of multiplication using a unit of and 2 the array model.,lesson,FALSE,3 M1 Topic C: Properties of Multiplication,Connecticut grade 3 Alignment Guide.docx
ccss,3,standard,3.OA.B.5,Apply properties of operations as strategies to multiply and divide.,G3-M1-L11,Demonstrate the commutative property of multiplication using a unit of and the 4 array model.,lesson,FALSE,3 M1 Topic C: Properties of Multiplication,Connecticut grade 3 Alignment Guide.docx
ccss,3,standard,3.OA.B.5,Apply properties of operations as strategies to multiply and divide.,G3-M1-L12,Demonstrate the distributive property using a unit of 4.,lesson,FALSE,3 M1 Topic C: Properties of Multiplication,Connecticut grade 3 Alignment Guide.docx
ccss,3,standard,3.OA.B.5,Apply properties of operations as strategies to multiply and divide.,G3-M1-L13,Demonstrate the commutative property of multiplication using a unit of and the 3 array model.,lesson,FALSE,3 M1 Topic C: Properties of Multiplication,Connecticut grade 3 Alignment Guide.docx
ccss,3,standard,3.OA.B.5,Apply properties of operations as strategies to multiply and divide.,G3-M1-L14,"Demonstrate the distributive property using units of 2, 3, 4, 5, and 10.",lesson,FALSE,3 M1 Topic C: Properties of Multiplication,Connecticut grade 3 Alignment Guide.docx
ccss,3,standard,3.OA.C.7,"Fluently multiply and divide within 100, using strategies such as the relationship between multiplication and division (e.g., knowing that 8 × 5 = 40, one knows 40 ÷ 5 = 8) or properties of operations. By the end of Grade 3, know from memory all products of two one-digit numbers.",G3-M1-L19,Use the distributive property to break apart multiplication problems into known facts.,lesson,FALSE,3 M1 Topic E: Application of Multiplication and Division Concepts,Connecticut grade 3 Alignment Guide.docx
ccss,3,standard,3.OA.C.7,"Fluently multiply and divide within 100, using strategies such as the relationship between multiplication and division (e.g., knowing that 8 × 5 = 40, one knows 40 ÷ 5 = 8) or properties of operations. By the end of Grade 3, know from memory all products of two one-digit numbers.",G3-M1-L20,Use the distributive property to break apart division problems into known facts.,lesson,FALSE,3 M1 Topic E: Application of Multiplication and Division Concepts,Connecticut grade 3 Alignment Guide.docx
ccss,3,standard,3.OA.C.7,"Fluently multiply and divide within 100, using strategies such as the relationship between multiplication and division (e.g., knowing that 8 × 5 = 40, one knows 40 ÷ 5 = 8) or properties of operations. By the end of Grade 3, know from memory all products of two one-digit numbers.",G3-M1-L21,Compose and decompose arrays to create expressions with three factors.,lesson,FALSE,3 M1 Topic E: Application of Multiplication and Division Concepts,Connecticut grade 3 Alignment Guide.docx
ccss,3,standard,3.OA.C.7,"Fluently multiply and divide within 100, using strategies such as the relationship between multiplication and division (e.g., knowing that 8 × 5 = 40, one knows 40 ÷ 5 = 8) or properties of operations. By the end of Grade 3, know from memory all products of two one-digit numbers.",G3-M1-L22,Represent and solve two-step word problems using the properties of multiplication.,lesson,FALSE,3 M1 Topic E: Application of Multiplication and Division Concepts,Connecticut grade 3 Alignment Guide.docx
ccss,3,standard,3.OA.C.7,"Fluently multiply and divide within 100, using strategies such as the relationship between multiplication and division (e.g., knowing that 8 × 5 = 40, one knows 40 ÷ 5 = 8) or properties of operations. By the end of Grade 3, know from memory all products of two one-digit numbers.",G3-M1-L23,Represent and solve two-step word problems using drawings and equations.,lesson,FALSE,3 M1 Topic E: Application of Multiplication and Division Concepts,Connecticut grade 3 Alignment Guide.docx
ccss,4,standard,4.G.A.1,"Draw points, lines, line segments, rays, angles (right, acute, obtuse), and perpendicular and parallel lines. Identify these in two-dimensional figures.",G4-M6-L1,"Identify and draw points, lines, line segments, rays, and angles.",lesson,FALSE,4 M6 Topic A: Lines and Angles,Connecticut grade 4 Alignment Guide.docx
ccss,4,standard,4.G.A.1,"Draw points, lines, line segments, rays, angles (right, acute, obtuse), and perpendicular and parallel lines. Identify these in two-dimensional figures.",G4-M6-L2,"Identify right, acute, obtuse, and straight angles.",lesson,FALSE,4 M6 Topic A: Lines and Angles,Connecticut grade 4 Alignment Guide.docx
ccss,4,standard,4.G.A.1,"Draw points, lines, line segments, rays, angles (right, acute, obtuse), and perpendicular and parallel lines. Identify these in two-dimensional figures.",G4-M6-L3,"Draw right, acute, obtuse, and straight angles.",lesson,FALSE,4 M6 Topic A: Lines and Angles,Connecticut grade 4 Alignment Guide.docx
ccss,4,standard,4.G.A.1,"Draw points, lines, line segments, rays, angles (right, acute, obtuse), and perpendicular and parallel lines. Identify these in two-dimensional figures.",G4-M6-L4,"Identify, define, and draw perpendicular lines.",lesson,FALSE,4 M6 Topic A: Lines and Angles,Connecticut grade 4 Alignment Guide.docx
ccss,4,standard,4.G.A.1,"Draw points, lines, line segments, rays, angles (right, acute, obtuse), and perpendicular and parallel lines. Identify these in two-dimensional figures.",G4-M6-L5,"Identify, define, and draw parallel lines.",lesson,FALSE,4 M6 Topic A: Lines and Angles,Connecticut grade 4 Alignment Guide.docx
ccss,4,standard,4.G.A.1,"Draw points, lines, line segments, rays, angles (right, acute, obtuse), and perpendicular and parallel lines. Identify these in two-dimensional figures.",G4-M6-L6,Relate geometric figures to a real-world context.,lesson,FALSE,4 M6 Topic A: Lines and Angles,Connecticut grade 4 Alignment Guide.docx
ccss,4,standard,4.MD.A.1,"Know relative sizes of measurement units within one system of units including km, m, cm; kg, g; lb, oz.; l, ml; hr, min, sec. Within a single system of measurement, express measurements in a larger unit in terms of a smaller unit. Record measurement equivalents in a two-column table.",G4-M1-L23,Express metric measurements of length in terms of smaller units.,lesson,FALSE,4 M1 Topic E: Metric Measurement Conversion Tables,Connecticut grade 4 Alignment Guide.docx
ccss,4,standard,4.MD.A.1,"Know relative sizes of measurement units within one system of units including km, m, cm; kg, g; lb, oz.; l, ml; hr, min, sec. Within a single system of measurement, express measurements in a larger unit in terms of a smaller unit. Record measurement equivalents in a two-column table.",G4-M1-L24,Express metric measurements of mass and liquid volume in terms of smaller units.,lesson,FALSE,4 M1 Topic E: Metric Measurement Conversion Tables,Connecticut grade 4 Alignment Guide.docx
ccss,4,standard,4.MD.A.1,"Know relative sizes of measurement units within one system of units including km, m, cm; kg, g; lb, oz.; l, ml; hr, min, sec. Within a single system of measurement, express measurements in a larger unit in terms of a smaller unit. Record measurement equivalents in a two-column table.",G4-M3-L18,Express units of time in terms of smaller units.,lesson,FALSE,4 M3 Topic E: Problem Solving with Measurement,Connecticut grade 4 Alignment Guide.docx
ccss,4,standard,4.MD.A.1,"Know relative sizes of measurement units within one system of units including km, m, cm; kg, g; lb, oz.; l, ml; hr, min, sec. Within a single system of measurement, express measurements in a larger unit in terms of a smaller unit. Record measurement equivalents in a two-column table.",G4-M3-L19,Express customary measurements of weight in terms of smaller units.,lesson,FALSE,4 M3 Topic E: Problem Solving with Measurement,Connecticut grade 4 Alignment Guide.docx
ccss,4,standard,4.MD.A.1,"Know relative sizes of measurement units within one system of units including km, m, cm; kg, g; lb, oz.; l, ml; hr, min, sec. Within a single system of measurement, express measurements in a larger unit in terms of a smaller unit. Record measurement equivalents in a two-column table.",G4-M3-L20,Express customary measurements of liquid volume in terms of smaller units.,lesson,FALSE,4 M3 Topic E: Problem Solving with Measurement,Connecticut grade 4 Alignment Guide.docx
ccss,4,standard,4.MD.A.2,"Use the four operations to solve word problems involving distances, intervals of time, liquid volumes, masses of objects, and money, including problems involving simple fractions or decimals, and problems that require expressing measurements given in a larger unit in terms of a smaller unit. Represent measurement quantities using diagrams such as number line diagrams that feature a measurement scale.",G4-M3-L18,Express units of time in terms of smaller units.,lesson,FALSE,4 M3 Topic E: Problem Solving with Measurement,Connecticut grade 4 Alignment Guide.docx
ccss,4,standard,4.MD.A.2,"Use the four operations to solve word problems involving distances, intervals of time, liquid volumes, masses of objects, and money, including problems involving simple fractions or decimals, and problems that require expressing measurements given in a larger unit in terms of a smaller unit. Represent measurement quantities using diagrams such as number line diagrams that feature a measurement scale.",G4-M3-L19,Express customary measurements of weight in terms of smaller units.,lesson,FALSE,4 M3 Topic E: Problem Solving with Measurement,Connecticut grade 4 Alignment Guide.docx
ccss,4,standard,4.MD.A.2,"Use the four operations to solve word problems involving distances, intervals of time, liquid volumes, masses of objects, and money, including problems involving simple fractions or decimals, and problems that require expressing measurements given in a larger unit in terms of a smaller unit. Represent measurement quantities using diagrams such as number line diagrams that feature a measurement scale.",G4-M3-L20,Express customary measurements of liquid volume in terms of smaller units.,lesson,FALSE,4 M3 Topic E: Problem Solving with Measurement,Connecticut grade 4 Alignment Guide.docx
ccss,4,standard,4.MD.C.7,"Recognize angle measure as additive. When an angle is decomposed into non-overlapping parts, the angle measure of the whole is the sum of the angle measures of the parts. Solve addition and subtraction problems to find unknown angles on a diagram in real world and mathematical problems, e.g., by using an equation with a symbol for the unknown angle measure.",G4-M6-L13,Decompose angles by using pattern blocks.,lesson,FALSE,4 M6 Topic C: Determine Unknown Angle Measures,Connecticut grade 4 Alignment Guide.docx
ccss,4,standard,4.MD.C.7,"Recognize angle measure as additive. When an angle is decomposed into non-overlapping parts, the angle measure of the whole is the sum of the angle measures of the parts. Solve addition and subtraction problems to find unknown angles on a diagram in real world and mathematical problems, e.g., by using an equation with a symbol for the unknown angle measure.",G4-M6-L14,Find unknown angle measures within right and straight angles.,lesson,FALSE,4 M6 Topic C: Determine Unknown Angle Measures,Connecticut grade 4 Alignment Guide.docx
ccss,4,standard,4.MD.C.7,"Recognize angle measure as additive. When an angle is decomposed into non-overlapping parts, the angle measure of the whole is the sum of the angle measures of the parts. Solve addition and subtraction problems to find unknown angles on a diagram in real world and mathematical problems, e.g., by using an equation with a symbol for the unknown angle measure.",G4-M6-L15,Find unknown angle measures within a decomposed angle of up to 180°.,lesson,FALSE,4 M6 Topic C: Determine Unknown Angle Measures,Connecticut grade 4 Alignment Guide.docx
ccss,4,standard,4.MD.C.7,"Recognize angle measure as additive. When an angle is decomposed into non-overlapping parts, the angle measure of the whole is the sum of the angle measures of the parts. Solve addition and subtraction problems to find unknown angles on a diagram in real world and mathematical problems, e.g., by using an equation with a symbol for the unknown angle measure.",G4-M6-L16,Find unknown angle measures around a point.,lesson,FALSE,4 M6 Topic C: Determine Unknown Angle Measures,Connecticut grade 4 Alignment Guide.docx
ccss,4,standard,4.NBT.B.4,Fluently add and subtract multi-digit whole numbers using the standard algorithm.,G4-M1-L16,Add by using the standard algorithm.,lesson,FALSE,4 M1 Topic D: Multi-Digit Whole Number Addition and Subtraction,Connecticut grade 4 Alignment Guide.docx
ccss,4,standard,4.NBT.B.4,Fluently add and subtract multi-digit whole numbers using the standard algorithm.,G4-M1-L17,Solve multi-step addition word problems by using the standard algorithm.,lesson,FALSE,4 M1 Topic D: Multi-Digit Whole Number Addition and Subtraction,Connecticut grade 4 Alignment Guide.docx
ccss,4,standard,4.NBT.B.4,Fluently add and subtract multi-digit whole numbers using the standard algorithm.,G4-M1-L18,"Subtract by using the standard algorithm, decomposing larger units once.",lesson,FALSE,4 M1 Topic D: Multi-Digit Whole Number Addition and Subtraction,Connecticut grade 4 Alignment Guide.docx
ccss,4,standard,4.NBT.B.4,Fluently add and subtract multi-digit whole numbers using the standard algorithm.,G4-M1-L19,"Subtract by using the standard algorithm, decomposing larger units up to 3 times.",lesson,FALSE,4 M1 Topic D: Multi-Digit Whole Number Addition and Subtraction,Connecticut grade 4 Alignment Guide.docx
ccss,4,standard,4.NBT.B.4,Fluently add and subtract multi-digit whole numbers using the standard algorithm.,G4-M1-L20,"Subtract by using the standard algorithm, decomposing larger units multiple times.",lesson,FALSE,4 M1 Topic D: Multi-Digit Whole Number Addition and Subtraction,Connecticut grade 4 Alignment Guide.docx
ccss,4,standard,4.NBT.B.4,Fluently add and subtract multi-digit whole numbers using the standard algorithm.,G4-M1-L21,Solve two-step word problems by using addition and subtraction.,lesson,FALSE,4 M1 Topic D: Multi-Digit Whole Number Addition and Subtraction,Connecticut grade 4 Alignment Guide.docx
ccss,4,standard,4.NBT.B.4,Fluently add and subtract multi-digit whole numbers using the standard algorithm.,G4-M1-L22,Solve multi-step word problems by using addition and subtraction.,lesson,FALSE,4 M1 Topic D: Multi-Digit Whole Number Addition and Subtraction,Connecticut grade 4 Alignment Guide.docx
ccss,4,standard,4.NBT.B.5,"Multiply a whole number of up to four digits by a one-digit whole number, and multiply two two-digit numbers, using strategies based on place value and the properties of operations. Illustrate and explain the calculation by using equations, rectangular arrays, and/or area models.",G4-M2-L4,Multiply by using familiar strategies.,lesson,FALSE,4 M2 Topic B: Multiplication of Tens and Ones by One-Digit Numbers,Connecticut grade 4 Alignment Guide.docx
ccss,4,standard,4.NBT.B.5,"Multiply a whole number of up to four digits by a one-digit whole number, and multiply two two-digit numbers, using strategies based on place value and the properties of operations. Illustrate and explain the calculation by using equations, rectangular arrays, and/or area models.",G4-M2-L5,Multiply by using place value strategies and the distributive property.,lesson,FALSE,4 M2 Topic B: Multiplication of Tens and Ones by One-Digit Numbers,Connecticut grade 4 Alignment Guide.docx
ccss,4,standard,4.NBT.B.5,"Multiply a whole number of up to four digits by a one-digit whole number, and multiply two two-digit numbers, using strategies based on place value and the properties of operations. Illustrate and explain the calculation by using equations, rectangular arrays, and/or area models.",G4-M2-L6,Multiply with regrouping by using place value strategies and the distributive property.,lesson,FALSE,4 M2 Topic B: Multiplication of Tens and Ones by One-Digit Numbers,Connecticut grade 4 Alignment Guide.docx
ccss,4,standard,4.NBT.B.5,"Multiply a whole number of up to four digits by a one-digit whole number, and multiply two two-digit numbers, using strategies based on place value and the properties of operations. Illustrate and explain the calculation by using equations, rectangular arrays, and/or area models.",G4-M2-L7,Multiply by using an area model and the distributive property.,lesson,FALSE,4 M2 Topic B: Multiplication of Tens and Ones by One-Digit Numbers,Connecticut grade 4 Alignment Guide.docx
ccss,4,standard,4.NBT.B.5,"Multiply a whole number of up to four digits by a one-digit whole number, and multiply two two-digit numbers, using strategies based on place value and the properties of operations. Illustrate and explain the calculation by using equations, rectangular arrays, and/or area models.",G4-M2-L8,Multiply by applying the distributive property and write equations.,lesson,FALSE,4 M2 Topic B: Multiplication of Tens and Ones by One-Digit Numbers,Connecticut grade 4 Alignment Guide.docx
ccss,4,standard,4.NBT.B.5,"Multiply a whole number of up to four digits by a one-digit whole number, and multiply two two-digit numbers, using strategies based on place value and the properties of operations. Illustrate and explain the calculation by using equations, rectangular arrays, and/or area models.",G4-M2-L9,Solve multiplication word problems.,lesson,FALSE,4 M2 Topic B: Multiplication of Tens and Ones by One-Digit Numbers,Connecticut grade 4 Alignment Guide.docx
ccss,4,standard,4.NBT.B.5,"Multiply a whole number of up to four digits by a one-digit whole number, and multiply two two-digit numbers, using strategies based on place value and the properties of operations. Illustrate and explain the calculation by using equations, rectangular arrays, and/or area models.",G4-M2-L10,Multiply by applying simplifying strategies. (Optional),lesson,FALSE,4 M2 Topic B: Multiplication of Tens and Ones by One-Digit Numbers,Connecticut grade 4 Alignment Guide.docx
ccss,4,standard,4.NBT.B.5,"Multiply a whole number of up to four digits by a one-digit whole number, and multiply two two-digit numbers, using strategies based on place value and the properties of operations. Illustrate and explain the calculation by using equations, rectangular arrays, and/or area models.",G4-M3-L9,Apply place value strategies to multiply three-digit numbers by one-digit numbers.,lesson,FALSE,4 M3 Topic C: Multiplication of up to Four-Digit Numbers by One-Digit Numbers,Connecticut grade 4 Alignment Guide.docx
ccss,4,standard,4.NBT.B.5,"Multiply a whole number of up to four digits by a one-digit whole number, and multiply two two-digit numbers, using strategies based on place value and the properties of operations. Illustrate and explain the calculation by using equations, rectangular arrays, and/or area models.",G4-M3-L10,Apply place value strategies to multiply four-digit numbers by one-digit numbers.,lesson,FALSE,4 M3 Topic C: Multiplication of up to Four-Digit Numbers by One-Digit Numbers,Connecticut grade 4 Alignment Guide.docx
ccss,4,standard,4.NBT.B.5,"Multiply a whole number of up to four digits by a one-digit whole number, and multiply two two-digit numbers, using strategies based on place value and the properties of operations. Illustrate and explain the calculation by using equations, rectangular arrays, and/or area models.",G4-M3-L11,Represent multiplication by using partial products.,lesson,FALSE,4 M3 Topic C: Multiplication of up to Four-Digit Numbers by One-Digit Numbers,Connecticut grade 4 Alignment Guide.docx
ccss,4,standard,4.NBT.B.5,"Multiply a whole number of up to four digits by a one-digit whole number, and multiply two two-digit numbers, using strategies based on place value and the properties of operations. Illustrate and explain the calculation by using equations, rectangular arrays, and/or area models.",G4-M3-L12,Multiply by using various recording methods in vertical form.,lesson,FALSE,4 M3 Topic C: Multiplication of up to Four-Digit Numbers by One-Digit Numbers,Connecticut grade 4 Alignment Guide.docx
ccss,4,standard,4.NBT.B.5,"Multiply a whole number of up to four digits by a one-digit whole number, and multiply two two-digit numbers, using strategies based on place value and the properties of operations. Illustrate and explain the calculation by using equations, rectangular arrays, and/or area models.",G4-M3-L13,Multiply two-digit numbers by two-digit multiples of 10.,lesson,FALSE,4 M3 Topic D: Multiplication of Two-Digit Numbers by Two-Digit Numbers,Connecticut grade 4 Alignment Guide.docx
ccss,4,standard,4.NBT.B.5,"Multiply a whole number of up to four digits by a one-digit whole number, and multiply two two-digit numbers, using strategies based on place value and the properties of operations. Illustrate and explain the calculation by using equations, rectangular arrays, and/or area models.",G4-M3-L14,Apply place value strategies to multiply two-digit numbers by two-digit numbers.,lesson,FALSE,4 M3 Topic D: Multiplication of Two-Digit Numbers by Two-Digit Numbers,Connecticut grade 4 Alignment Guide.docx
ccss,4,standard,4.NBT.B.5,"Multiply a whole number of up to four digits by a one-digit whole number, and multiply two two-digit numbers, using strategies based on place value and the properties of operations. Illustrate and explain the calculation by using equations, rectangular arrays, and/or area models.",G4-M3-L15,Multiply with four partial products.,lesson,FALSE,4 M3 Topic D: Multiplication of Two-Digit Numbers by Two-Digit Numbers,Connecticut grade 4 Alignment Guide.docx
ccss,4,standard,4.NBT.B.5,"Multiply a whole number of up to four digits by a one-digit whole number, and multiply two two-digit numbers, using strategies based on place value and the properties of operations. Illustrate and explain the calculation by using equations, rectangular arrays, and/or area models.",G4-M3-L16,Multiply with two partial products.,lesson,FALSE,4 M3 Topic D: Multiplication of Two-Digit Numbers by Two-Digit Numbers,Connecticut grade 4 Alignment Guide.docx
ccss,4,standard,4.NBT.B.5,"Multiply a whole number of up to four digits by a one-digit whole number, and multiply two two-digit numbers, using strategies based on place value and the properties of operations. Illustrate and explain the calculation by using equations, rectangular arrays, and/or area models.",G4-M3-L17,Apply the distributive property to multiply.,lesson,FALSE,4 M3 Topic D: Multiplication of Two-Digit Numbers by Two-Digit Numbers,Connecticut grade 4 Alignment Guide.docx
ccss,4,standard,4.NBT.B.6,"Find whole-number quotients and remainders with up to four-digit dividends and one-digit divisors, using strategies based on place value, the properties of operations, and/or the relationship between multiplication and division. Illustrate and explain the calculation by using equations, rectangular arrays, and/or area models.",G4-M2-L11,Divide by using familiar strategies.,lesson,FALSE,4 M2 Topic C: Division of Tens and Ones by One-Digit Numbers,Connecticut grade 4 Alignment Guide.docx
ccss,4,standard,4.NBT.B.6,"Find whole-number quotients and remainders with up to four-digit dividends and one-digit divisors, using strategies based on place value, the properties of operations, and/or the relationship between multiplication and division. Illustrate and explain the calculation by using equations, rectangular arrays, and/or area models.",G4-M2-L12,Divide two-digit numbers by one-digit numbers by using an area model.,lesson,FALSE,4 M2 Topic C: Division of Tens and Ones by One-Digit Numbers,Connecticut grade 4 Alignment Guide.docx
ccss,4,standard,4.NBT.B.6,"Find whole-number quotients and remainders with up to four-digit dividends and one-digit divisors, using strategies based on place value, the properties of operations, and/or the relationship between multiplication and division. Illustrate and explain the calculation by using equations, rectangular arrays, and/or area models.",G4-M2-L13,Divide three-digit numbers by one-digit numbers by using an area model.,lesson,FALSE,4 M2 Topic C: Division of Tens and Ones by One-Digit Numbers,Connecticut grade 4 Alignment Guide.docx
ccss,4,standard,4.NBT.B.6,"Find whole-number quotients and remainders with up to four-digit dividends and one-digit divisors, using strategies based on place value, the properties of operations, and/or the relationship between multiplication and division. Illustrate and explain the calculation by using equations, rectangular arrays, and/or area models.",G4-M2-L14,Divide two-digit numbers by one-digit numbers by using place value strategies.,lesson,FALSE,4 M2 Topic C: Division of Tens and Ones by One-Digit Numbers,Connecticut grade 4 Alignment Guide.docx
ccss,4,standard,4.NBT.B.6,"Find whole-number quotients and remainders with up to four-digit dividends and one-digit divisors, using strategies based on place value, the properties of operations, and/or the relationship between multiplication and division. Illustrate and explain the calculation by using equations, rectangular arrays, and/or area models.",G4-M2-L15,Divide three-digit numbers by one-digit numbers by using place value strategies.,lesson,FALSE,4 M2 Topic C: Division of Tens and Ones by One-Digit Numbers,Connecticut grade 4 Alignment Guide.docx
ccss,4,standard,4.NBT.B.6,"Find whole-number quotients and remainders with up to four-digit dividends and one-digit divisors, using strategies based on place value, the properties of operations, and/or the relationship between multiplication and division. Illustrate and explain the calculation by using equations, rectangular arrays, and/or area models.",G4-M2-L16,Divide by using the break apart and distribute strategy.,lesson,FALSE,4 M2 Topic C: Division of Tens and Ones by One-Digit Numbers,Connecticut grade 4 Alignment Guide.docx
ccss,4,standard,4.NBT.B.6,"Find whole-number quotients and remainders with up to four-digit dividends and one-digit divisors, using strategies based on place value, the properties of operations, and/or the relationship between multiplication and division. Illustrate and explain the calculation by using equations, rectangular arrays, and/or area models.",G4-M3-L4,"Apply place value strategies to divide hundreds, tens, and ones.",lesson,FALSE,"4 M3 Topic B: Division of Thousands, Hundreds, Tens, and Ones",Connecticut grade 4 Alignment Guide.docx
ccss,4,standard,4.NBT.B.6,"Find whole-number quotients and remainders with up to four-digit dividends and one-digit divisors, using strategies based on place value, the properties of operations, and/or the relationship between multiplication and division. Illustrate and explain the calculation by using equations, rectangular arrays, and/or area models.",G4-M3-L5,"Apply place value strategies to divide thousands, hundreds, tens, and ones.",lesson,FALSE,"4 M3 Topic B: Division of Thousands, Hundreds, Tens, and Ones",Connecticut grade 4 Alignment Guide.docx
ccss,4,standard,4.NBT.B.6,"Find whole-number quotients and remainders with up to four-digit dividends and one-digit divisors, using strategies based on place value, the properties of operations, and/or the relationship between multiplication and division. Illustrate and explain the calculation by using equations, rectangular arrays, and/or area models.",G4-M3-L6,Connect pictorial representations of division to long division.,lesson,FALSE,"4 M3 Topic B: Division of Thousands, Hundreds, Tens, and Ones",Connecticut grade 4 Alignment Guide.docx
ccss,4,standard,4.NBT.B.6,"Find whole-number quotients and remainders with up to four-digit dividends and one-digit divisors, using strategies based on place value, the properties of operations, and/or the relationship between multiplication and division. Illustrate and explain the calculation by using equations, rectangular arrays, and/or area models.",G4-M3-L7,Represent division by using partial quotients.,lesson,FALSE,"4 M3 Topic B: Division of Thousands, Hundreds, Tens, and Ones",Connecticut grade 4 Alignment Guide.docx
ccss,4,standard,4.NBT.B.6,"Find whole-number quotients and remainders with up to four-digit dividends and one-digit divisors, using strategies based on place value, the properties of operations, and/or the relationship between multiplication and division. Illustrate and explain the calculation by using equations, rectangular arrays, and/or area models.",G4-M3-L8,Choose and apply a method to divide multi-digit numbers.,lesson,FALSE,"4 M3 Topic B: Division of Thousands, Hundreds, Tens, and Ones",Connecticut grade 4 Alignment Guide.docx
ccss,4,standard,4.NF.A.2,"Compare two fractions with different numerators and different denominators, e.g., by creating common denominators or numerators, or by comparing to a benchmark fraction such as 1/2. Recognize that comparisons are valid only when the two fractions refer to the same whole. Record the results of comparisons with symbols >, =, or <, and justify the conclusions, e.g., by using a visual fraction model.",G4-M4-L13,"Compare fractions by using the benchmarks 0, 1, and 1/2.",lesson,FALSE,4 M4 Topic C: Compare Fractions,Connecticut grade 4 Alignment Guide.docx
ccss,4,standard,4.NF.A.2,"Compare two fractions with different numerators and different denominators, e.g., by creating common denominators or numerators, or by comparing to a benchmark fraction such as 1/2. Recognize that comparisons are valid only when the two fractions refer to the same whole. Record the results of comparisons with symbols >, =, or <, and justify the conclusions, e.g., by using a visual fraction model.",G4-M4-L14,Compare fractions with related denominators.,lesson,FALSE,4 M4 Topic C: Compare Fractions,Connecticut grade 4 Alignment Guide.docx
ccss,4,standard,4.NF.A.2,"Compare two fractions with different numerators and different denominators, e.g., by creating common denominators or numerators, or by comparing to a benchmark fraction such as 1/2. Recognize that comparisons are valid only when the two fractions refer to the same whole. Record the results of comparisons with symbols >, =, or <, and justify the conclusions, e.g., by using a visual fraction model.",G4-M4-L15,Compare fractions with related numerators.,lesson,FALSE,4 M4 Topic C: Compare Fractions,Connecticut grade 4 Alignment Guide.docx
ccss,4,standard,4.NF.A.2,"Compare two fractions with different numerators and different denominators, e.g., by creating common denominators or numerators, or by comparing to a benchmark fraction such as 1/2. Recognize that comparisons are valid only when the two fractions refer to the same whole. Record the results of comparisons with symbols >, =, or <, and justify the conclusions, e.g., by using a visual fraction model.",G4-M4-L16,Generate a common numerator or denominator to compare fractions.,lesson,FALSE,4 M4 Topic C: Compare Fractions,Connecticut grade 4 Alignment Guide.docx
ccss,4,standard,4.NF.A.2,"Compare two fractions with different numerators and different denominators, e.g., by creating common denominators or numerators, or by comparing to a benchmark fraction such as 1/2. Recognize that comparisons are valid only when the two fractions refer to the same whole. Record the results of comparisons with symbols >, =, or <, and justify the conclusions, e.g., by using a visual fraction model.",G4-M4-L17,Apply fraction comparison strategies to compare fractions greater than 1.,lesson,FALSE,4 M4 Topic C: Compare Fractions,Connecticut grade 4 Alignment Guide.docx
ccss,4,standard,4.NF.B.3.a,Understand addition and subtraction of fractions as joining and separating parts referring to the same whole.,G4-M4-L1,Decompose whole numbers into a sum of unit fractions.,lesson,FALSE,4 M4 Topic A: Fraction Decomposition and Equivalence,Connecticut grade 4 Alignment Guide.docx
ccss,4,standard,4.NF.B.3.a,Understand addition and subtraction of fractions as joining and separating parts referring to the same whole.,G4-M4-L2,Decompose fractions into a sum of unit fractions.,lesson,FALSE,4 M4 Topic A: Fraction Decomposition and Equivalence,Connecticut grade 4 Alignment Guide.docx
ccss,4,standard,4.NF.B.3.a,Understand addition and subtraction of fractions as joining and separating parts referring to the same whole.,G4-M4-L3,Decompose fractions into a sum of fractions.,lesson,FALSE,4 M4 Topic A: Fraction Decomposition and Equivalence,Connecticut grade 4 Alignment Guide.docx
ccss,4,standard,4.NF.B.3.a,Understand addition and subtraction of fractions as joining and separating parts referring to the same whole.,G4-M4-L4,Represent fractions by using various fraction models.,lesson,FALSE,4 M4 Topic A: Fraction Decomposition and Equivalence,Connecticut grade 4 Alignment Guide.docx
ccss,4,standard,4.NF.B.3.a,Understand addition and subtraction of fractions as joining and separating parts referring to the same whole.,G4-M4-L5,Rename fractions greater than 1 as mixed numbers.,lesson,FALSE,4 M4 Topic A: Fraction Decomposition and Equivalence,Connecticut grade 4 Alignment Guide.docx
ccss,4,standard,4.NF.B.3.a,Understand addition and subtraction of fractions as joining and separating parts referring to the same whole.,G4-M4-L6,Rename mixed numbers as fractions greater than 1.,lesson,FALSE,4 M4 Topic A: Fraction Decomposition and Equivalence,Connecticut grade 4 Alignment Guide.docx
ccss,4,standard,4.NF.B.3.a,Understand addition and subtraction of fractions as joining and separating parts referring to the same whole.,G4-M4-L18,Estimate sums and differences of fractions by using benchmarks.,lesson,FALSE,4 M4 Topic D: Add and Subtract Fractions,Connecticut grade 4 Alignment Guide.docx
ccss,4,standard,4.NF.B.3.a,Understand addition and subtraction of fractions as joining and separating parts referring to the same whole.,G4-M4-L19,Add and subtract fractions with like units.,lesson,FALSE,4 M4 Topic D: Add and Subtract Fractions,Connecticut grade 4 Alignment Guide.docx
ccss,4,standard,4.NF.B.3.a,Understand addition and subtraction of fractions as joining and separating parts referring to the same whole.,G4-M4-L20,Subtract a fraction from a whole number.,lesson,FALSE,4 M4 Topic D: Add and Subtract Fractions,Connecticut grade 4 Alignment Guide.docx
ccss,4,standard,4.NF.B.3.a,Understand addition and subtraction of fractions as joining and separating parts referring to the same whole.,G4-M4-L21,Solve addition and subtraction word problems and estimate the reasonableness of the answers.,lesson,FALSE,4 M4 Topic D: Add and Subtract Fractions,Connecticut grade 4 Alignment Guide.docx
ccss,4,standard,4.NF.B.3.a,Understand addition and subtraction of fractions as joining and separating parts referring to the same whole.,G4-M4-L22,Add two fractions with related units. (Optional),lesson,FALSE,4 M4 Topic D: Add and Subtract Fractions,Connecticut grade 4 Alignment Guide.docx
ccss,4,standard,4.NF.B.3.b,"Decompose a fraction into a sum of fractions with the same denominator in more than one way, recording each decomposition by an equation. Justify decompositions, e.g., by using a visual fraction model.",G4-M4-L1,Decompose whole numbers into a sum of unit fractions.,lesson,FALSE,4 M4 Topic A: Fraction Decomposition and Equivalence,Connecticut grade 4 Alignment Guide.docx
ccss,4,standard,4.NF.B.3.b,"Decompose a fraction into a sum of fractions with the same denominator in more than one way, recording each decomposition by an equation. Justify decompositions, e.g., by using a visual fraction model.",G4-M4-L2,Decompose fractions into a sum of unit fractions.,lesson,FALSE,4 M4 Topic A: Fraction Decomposition and Equivalence,Connecticut grade 4 Alignment Guide.docx
ccss,4,standard,4.NF.B.3.b,"Decompose a fraction into a sum of fractions with the same denominator in more than one way, recording each decomposition by an equation. Justify decompositions, e.g., by using a visual fraction model.",G4-M4-L3,Decompose fractions into a sum of fractions.,lesson,FALSE,4 M4 Topic A: Fraction Decomposition and Equivalence,Connecticut grade 4 Alignment Guide.docx
ccss,4,standard,4.NF.B.3.b,"Decompose a fraction into a sum of fractions with the same denominator in more than one way, recording each decomposition by an equation. Justify decompositions, e.g., by using a visual fraction model.",G4-M4-L4,Represent fractions by using various fraction models.,lesson,FALSE,4 M4 Topic A: Fraction Decomposition and Equivalence,Connecticut grade 4 Alignment Guide.docx
ccss,4,standard,4.NF.B.3.b,"Decompose a fraction into a sum of fractions with the same denominator in more than one way, recording each decomposition by an equation. Justify decompositions, e.g., by using a visual fraction model.",G4-M4-L5,Rename fractions greater than 1 as mixed numbers.,lesson,FALSE,4 M4 Topic A: Fraction Decomposition and Equivalence,Connecticut grade 4 Alignment Guide.docx
ccss,4,standard,4.NF.B.3.b,"Decompose a fraction into a sum of fractions with the same denominator in more than one way, recording each decomposition by an equation. Justify decompositions, e.g., by using a visual fraction model.",G4-M4-L6,Rename mixed numbers as fractions greater than 1.,lesson,FALSE,4 M4 Topic A: Fraction Decomposition and Equivalence,Connecticut grade 4 Alignment Guide.docx
ccss,4,standard,4.NF.B.3.b,"Decompose a fraction into a sum of fractions with the same denominator in more than one way, recording each decomposition by an equation. Justify decompositions, e.g., by using a visual fraction model.",G4-M4-L18,Estimate sums and differences of fractions by using benchmarks.,lesson,FALSE,4 M4 Topic D: Add and Subtract Fractions,Connecticut grade 4 Alignment Guide.docx
ccss,4,standard,4.NF.B.3.b,"Decompose a fraction into a sum of fractions with the same denominator in more than one way, recording each decomposition by an equation. Justify decompositions, e.g., by using a visual fraction model.",G4-M4-L19,Add and subtract fractions with like units.,lesson,FALSE,4 M4 Topic D: Add and Subtract Fractions,Connecticut grade 4 Alignment Guide.docx
ccss,4,standard,4.NF.B.3.b,"Decompose a fraction into a sum of fractions with the same denominator in more than one way, recording each decomposition by an equation. Justify decompositions, e.g., by using a visual fraction model.",G4-M4-L20,Subtract a fraction from a whole number.,lesson,FALSE,4 M4 Topic D: Add and Subtract Fractions,Connecticut grade 4 Alignment Guide.docx
ccss,4,standard,4.NF.B.3.b,"Decompose a fraction into a sum of fractions with the same denominator in more than one way, recording each decomposition by an equation. Justify decompositions, e.g., by using a visual fraction model.",G4-M4-L21,Solve addition and subtraction word problems and estimate the reasonableness of the answers.,lesson,FALSE,4 M4 Topic D: Add and Subtract Fractions,Connecticut grade 4 Alignment Guide.docx
ccss,4,standard,4.NF.B.3.b,"Decompose a fraction into a sum of fractions with the same denominator in more than one way, recording each decomposition by an equation. Justify decompositions, e.g., by using a visual fraction model.",G4-M4-L22,Add two fractions with related units. (Optional),lesson,FALSE,4 M4 Topic D: Add and Subtract Fractions,Connecticut grade 4 Alignment Guide.docx
ccss,4,standard,4.NF.C.5,"Express a fraction with denominator 10 as an equivalent fraction with denominator 100, and use this technique to add two fractions with respective denominators 10 and 100.",G4-M5-L5,Decompose 1 one and express hundredths in fraction form and decimal form.,lesson,FALSE,4 M5 Topic B: Tenths and Hundredths,Connecticut grade 4 Alignment Guide.docx
ccss,4,standard,4.NF.C.5,"Express a fraction with denominator 10 as an equivalent fraction with denominator 100, and use this technique to add two fractions with respective denominators 10 and 100.",G4-M5-L6,Represent hundredths as a place value unit.,lesson,FALSE,4 M5 Topic B: Tenths and Hundredths,Connecticut grade 4 Alignment Guide.docx
ccss,4,standard,4.NF.C.5,"Express a fraction with denominator 10 as an equivalent fraction with denominator 100, and use this technique to add two fractions with respective denominators 10 and 100.",G4-M5-L7,Write mixed numbers in decimal form with hundredths.,lesson,FALSE,4 M5 Topic B: Tenths and Hundredths,Connecticut grade 4 Alignment Guide.docx
ccss,4,standard,4.NF.C.5,"Express a fraction with denominator 10 as an equivalent fraction with denominator 100, and use this technique to add two fractions with respective denominators 10 and 100.",G4-M5-L8,Represent decimal numbers in expanded form.,lesson,FALSE,4 M5 Topic B: Tenths and Hundredths,Connecticut grade 4 Alignment Guide.docx
ccss,4,standard,4.NF.C.5,"Express a fraction with denominator 10 as an equivalent fraction with denominator 100, and use this technique to add two fractions with respective denominators 10 and 100.",G4-M5-L12,Apply fraction equivalence to add tenths and hundredths.,lesson,FALSE,4 M5 Topic D: Addition of Tenths and Hundredths,Connecticut grade 4 Alignment Guide.docx
ccss,4,standard,4.NF.C.5,"Express a fraction with denominator 10 as an equivalent fraction with denominator 100, and use this technique to add two fractions with respective denominators 10 and 100.",G4-M5-L13,Apply fraction equivalence to add mixed numbers with tenths and hundredths.,lesson,FALSE,4 M5 Topic D: Addition of Tenths and Hundredths,Connecticut grade 4 Alignment Guide.docx
ccss,4,standard,4.NF.C.5,"Express a fraction with denominator 10 as an equivalent fraction with denominator 100, and use this technique to add two fractions with respective denominators 10 and 100.",G4-M5-L14,Solve word problems with tenths and hundredths.,lesson,FALSE,4 M5 Topic D: Addition of Tenths and Hundredths,Connecticut grade 4 Alignment Guide.docx
ccss,4,standard,4.NF.C.6,Use decimal notation for fractions with denominators 10 or 100.,G4-M5-L1,"Organize, count, and represent a collection of money.",lesson,FALSE,4 M5 Topic A: Exploration of Tenths,Connecticut grade 4 Alignment Guide.docx
ccss,4,standard,4.NF.C.6,Use decimal notation for fractions with denominators 10 or 100.,G4-M5-L2,Decompose 1 one and express tenths in fraction form and decimal form.,lesson,FALSE,4 M5 Topic A: Exploration of Tenths,Connecticut grade 4 Alignment Guide.docx
ccss,4,standard,4.NF.C.6,Use decimal notation for fractions with denominators 10 or 100.,G4-M5-L3,Represent tenths as a place value unit.,lesson,FALSE,4 M5 Topic A: Exploration of Tenths,Connecticut grade 4 Alignment Guide.docx
ccss,4,standard,4.NF.C.6,Use decimal notation for fractions with denominators 10 or 100.,G4-M5-L4,Write mixed numbers in decimal form with tenths.,lesson,FALSE,4 M5 Topic A: Exploration of Tenths,Connecticut grade 4 Alignment Guide.docx
ccss,4,standard,4.NF.C.6,Use decimal notation for fractions with denominators 10 or 100.,G4-M5-L5,Decompose 1 one and express hundredths in fraction form and decimal form.,lesson,FALSE,4 M5 Topic B: Tenths and Hundredths,Connecticut grade 4 Alignment Guide.docx
ccss,4,standard,4.NF.C.6,Use decimal notation for fractions with denominators 10 or 100.,G4-M5-L6,Represent hundredths as a place value unit.,lesson,FALSE,4 M5 Topic B: Tenths and Hundredths,Connecticut grade 4 Alignment Guide.docx
ccss,4,standard,4.NF.C.6,Use decimal notation for fractions with denominators 10 or 100.,G4-M5-L7,Write mixed numbers in decimal form with hundredths.,lesson,FALSE,4 M5 Topic B: Tenths and Hundredths,Connecticut grade 4 Alignment Guide.docx
ccss,4,standard,4.NF.C.6,Use decimal notation for fractions with denominators 10 or 100.,G4-M5-L8,Represent decimal numbers in expanded form.,lesson,FALSE,4 M5 Topic B: Tenths and Hundredths,Connecticut grade 4 Alignment Guide.docx
ccss,4,standard,4.NF.C.7,"Compare two decimals to hundredths by reasoning about their size. Recognize that comparisons are valid only when the two decimals refer to the same whole. Record the results of comparisons with the symbols >, =, or <, and justify the conclusions, e.g., by using a visual model.",G4-M5-L9,Compare measurements expressed as decimal numbers.,lesson,FALSE,4 M5 Topic C: Comparison of Decimal Numbers,Connecticut grade 4 Alignment Guide.docx
ccss,4,standard,4.NF.C.7,"Compare two decimals to hundredths by reasoning about their size. Recognize that comparisons are valid only when the two decimals refer to the same whole. Record the results of comparisons with the symbols >, =, or <, and justify the conclusions, e.g., by using a visual model.",G4-M5-L10,Use pictorial representations to compare decimal numbers.,lesson,FALSE,4 M5 Topic C: Comparison of Decimal Numbers,Connecticut grade 4 Alignment Guide.docx
ccss,4,standard,4.NF.C.7,"Compare two decimals to hundredths by reasoning about their size. Recognize that comparisons are valid only when the two decimals refer to the same whole. Record the results of comparisons with the symbols >, =, or <, and justify the conclusions, e.g., by using a visual model.",G4-M5-L11,Compare and order decimal numbers.,lesson,FALSE,4 M5 Topic C: Comparison of Decimal Numbers,Connecticut grade 4 Alignment Guide.docx
ccss,4,standard,4.OA.A.1,"Interpret a multiplication equation as a comparison, e.g., interpret 35 = 5 × 7 as a statement that 35 is 5 times as many as 7 and 7 times as many as 5. Represent verbal statements of multiplicative comparisons as multiplication equations.",G4-M1-L1,Interpret multiplication as multiplicative comparison.,lesson,FALSE,4 M1 Topic A: Multiplication as Multiplicative Comparison,Connecticut grade 4 Alignment Guide.docx
ccss,4,standard,4.OA.A.1,"Interpret a multiplication equation as a comparison, e.g., interpret 35 = 5 × 7 as a statement that 35 is 5 times as many as 7 and 7 times as many as 5. Represent verbal statements of multiplicative comparisons as multiplication equations.",G4-M1-L2,Solve multiplicative comparison problems with unknowns in various positions.,lesson,FALSE,4 M1 Topic A: Multiplication as Multiplicative Comparison,Connecticut grade 4 Alignment Guide.docx
ccss,4,standard,4.OA.A.1,"Interpret a multiplication equation as a comparison, e.g., interpret 35 = 5 × 7 as a statement that 35 is 5 times as many as 7 and 7 times as many as 5. Represent verbal statements of multiplicative comparisons as multiplication equations.",G4-M1-L3,Describe relationships between measurements by using multiplicative comparison.,lesson,FALSE,4 M1 Topic A: Multiplication as Multiplicative Comparison,Connecticut grade 4 Alignment Guide.docx
ccss,4,standard,4.OA.A.1,"Interpret a multiplication equation as a comparison, e.g., interpret 35 = 5 × 7 as a statement that 35 is 5 times as many as 7 and 7 times as many as 5. Represent verbal statements of multiplicative comparisons as multiplication equations.",G4-M1-L4,Represent the composition of larger units of money by using multiplicative comparison.,lesson,FALSE,4 M1 Topic A: Multiplication as Multiplicative Comparison,Connecticut grade 4 Alignment Guide.docx
ccss,4,standard,4.OA.A.2,"Multiply or divide to solve word problems involving multiplicative comparison, e.g., by using drawings and equations with a symbol for the unknown number to represent the problem, distinguishing multiplicative comparison from additive comparison.",G4-M1-L1,Interpret multiplication as multiplicative comparison.,lesson,FALSE,4 M1 Topic A: Multiplication as Multiplicative Comparison,Connecticut grade 4 Alignment Guide.docx
ccss,4,standard,4.OA.A.2,"Multiply or divide to solve word problems involving multiplicative comparison, e.g., by using drawings and equations with a symbol for the unknown number to represent the problem, distinguishing multiplicative comparison from additive comparison.",G4-M1-L2,Solve multiplicative comparison problems with unknowns in various positions.,lesson,FALSE,4 M1 Topic A: Multiplication as Multiplicative Comparison,Connecticut grade 4 Alignment Guide.docx
ccss,4,standard,4.OA.A.2,"Multiply or divide to solve word problems involving multiplicative comparison, e.g., by using drawings and equations with a symbol for the unknown number to represent the problem, distinguishing multiplicative comparison from additive comparison.",G4-M1-L3,Describe relationships between measurements by using multiplicative comparison.,lesson,FALSE,4 M1 Topic A: Multiplication as Multiplicative Comparison,Connecticut grade 4 Alignment Guide.docx
ccss,4,standard,4.OA.A.2,"Multiply or divide to solve word problems involving multiplicative comparison, e.g., by using drawings and equations with a symbol for the unknown number to represent the problem, distinguishing multiplicative comparison from additive comparison.",G4-M1-L4,Represent the composition of larger units of money by using multiplicative comparison.,lesson,FALSE,4 M1 Topic A: Multiplication as Multiplicative Comparison,Connecticut grade 4 Alignment Guide.docx
ccss,4,standard,4.OA.A.3,"Solve multistep word problems posed with whole numbers and having whole-number answers using the four operations, including problems in which remainders must be interpreted. Represent these problems using equations with a letter standing for the unknown quantity. Assess the reasonableness of answers using mental computation and estimation strategies including rounding.",G4-M3-L21,Find whole-number quotients and remainders.,lesson,FALSE,"4 M3 Topic F: Remainders, Estimating, and Problem Solving",Connecticut grade 4 Alignment Guide.docx
ccss,4,standard,4.OA.A.3,"Solve multistep word problems posed with whole numbers and having whole-number answers using the four operations, including problems in which remainders must be interpreted. Represent these problems using equations with a letter standing for the unknown quantity. Assess the reasonableness of answers using mental computation and estimation strategies including rounding.",G4-M3-L22,"Represent, estimate, and solve division word problems.",lesson,FALSE,"4 M3 Topic F: Remainders, Estimating, and Problem Solving",Connecticut grade 4 Alignment Guide.docx
ccss,4,standard,4.OA.A.3,"Solve multistep word problems posed with whole numbers and having whole-number answers using the four operations, including problems in which remainders must be interpreted. Represent these problems using equations with a letter standing for the unknown quantity. Assess the reasonableness of answers using mental computation and estimation strategies including rounding.",G4-M3-L23,Solve multi-step word problems and interpret remainders.,lesson,FALSE,"4 M3 Topic F: Remainders, Estimating, and Problem Solving",Connecticut grade 4 Alignment Guide.docx
ccss,4,standard,4.OA.A.3,"Solve multistep word problems posed with whole numbers and having whole-number answers using the four operations, including problems in which remainders must be interpreted. Represent these problems using equations with a letter standing for the unknown quantity. Assess the reasonableness of answers using mental computation and estimation strategies including rounding.",G4-M3-L24,Solve multi-step word problems and assess the reasonableness of solutions.,lesson,FALSE,"4 M3 Topic F: Remainders, Estimating, and Problem Solving",Connecticut grade 4 Alignment Guide.docx
ccss,5,standard,5.G.A.2,"Represent real world and mathematical problems by graphing points in the first quadrant of the coordinate plane, and interpret coordinate values of points in the context of the situation.",G5-M6-L11,Draw lines in the coordinate plane and identify points on the lines.,lesson,FALSE,5 M6 Topic C: Solve Mathematical Problems in the Coordinate Plane,Connecticut grade 5 Alignment Guide.docx
ccss,5,standard,5.G.A.2,"Represent real world and mathematical problems by graphing points in the first quadrant of the coordinate plane, and interpret coordinate values of points in the context of the situation.",G5-M6-L12,Graph and classify quadrilaterals in the coordinate plane.,lesson,FALSE,5 M6 Topic C: Solve Mathematical Problems in the Coordinate Plane,Connecticut grade 5 Alignment Guide.docx
ccss,5,standard,5.G.A.2,"Represent real world and mathematical problems by graphing points in the first quadrant of the coordinate plane, and interpret coordinate values of points in the context of the situation.",G5-M6-L13,Draw symmetric figures in the coordinate plane.,lesson,FALSE,5 M6 Topic C: Solve Mathematical Problems in the Coordinate Plane,Connecticut grade 5 Alignment Guide.docx
ccss,5,standard,5.G.A.2,"Represent real world and mathematical problems by graphing points in the first quadrant of the coordinate plane, and interpret coordinate values of points in the context of the situation.",G5-M6-L14,Solve mathematical problems with rectangles in the coordinate plane.,lesson,FALSE,5 M6 Topic C: Solve Mathematical Problems in the Coordinate Plane,Connecticut grade 5 Alignment Guide.docx
ccss,5,standard,5.G.A.2,"Represent real world and mathematical problems by graphing points in the first quadrant of the coordinate plane, and interpret coordinate values of points in the context of the situation.",G5-M6-L15,Use the coordinate plane to reason about perimeters and areas of rectangles.,lesson,FALSE,5 M6 Topic C: Solve Mathematical Problems in the Coordinate Plane,Connecticut grade 5 Alignment Guide.docx
ccss,5,standard,5.G.B.3,Understand that attributes belonging to a category of two-dimensional figures also belong to all subcategories of that category.,G5-M5-L1,Analyze hierarchies and identify properties of quadrilaterals.,lesson,FALSE,"5 M5 Topic A: Drawing, Analysis, and Classification of Two-Dimensional Figures",Connecticut grade 5 Alignment Guide.docx
ccss,5,standard,5.G.B.3,Understand that attributes belonging to a category of two-dimensional figures also belong to all subcategories of that category.,G5-M5-L2,Classify trapezoids based on their properties.,lesson,FALSE,"5 M5 Topic A: Drawing, Analysis, and Classification of Two-Dimensional Figures",Connecticut grade 5 Alignment Guide.docx
ccss,5,standard,5.G.B.3,Understand that attributes belonging to a category of two-dimensional figures also belong to all subcategories of that category.,G5-M5-L3,Classify parallelograms based on their properties.,lesson,FALSE,"5 M5 Topic A: Drawing, Analysis, and Classification of Two-Dimensional Figures",Connecticut grade 5 Alignment Guide.docx
ccss,5,standard,5.G.B.3,Understand that attributes belonging to a category of two-dimensional figures also belong to all subcategories of that category.,G5-M5-L4,C lassify rectangles and rhombuses based on their properties.,lesson,FALSE,"5 M5 Topic A: Drawing, Analysis, and Classification of Two-Dimensional Figures",Connecticut grade 5 Alignment Guide.docx
ccss,5,standard,5.G.B.3,Understand that attributes belonging to a category of two-dimensional figures also belong to all subcategories of that category.,G5-M5-L5,C lassify kites and squares based on their properties.,lesson,FALSE,"5 M5 Topic A: Drawing, Analysis, and Classification of Two-Dimensional Figures",Connecticut grade 5 Alignment Guide.docx
ccss,5,standard,5.G.B.3,Understand that attributes belonging to a category of two-dimensional figures also belong to all subcategories of that category.,G5-M5-L6,Identify quadrilaterals from given properties.,lesson,FALSE,"5 M5 Topic A: Drawing, Analysis, and Classification of Two-Dimensional Figures",Connecticut grade 5 Alignment Guide.docx
ccss,5,standard,5.G.B.3,Understand that attributes belonging to a category of two-dimensional figures also belong to all subcategories of that category.,G5-M5-L7,Classify quadrilaterals in a hierarchy based on properties.,lesson,FALSE,"5 M5 Topic A: Drawing, Analysis, and Classification of Two-Dimensional Figures",Connecticut grade 5 Alignment Guide.docx
ccss,5,standard,5.G.B.4,Classify two-dimensional figures in a hierarchy based on properties.,G5-M5-L1,Analyze hierarchies and identify properties of quadrilaterals.,lesson,FALSE,"5 M5 Topic A: Drawing, Analysis, and Classification of Two-Dimensional Figures",Connecticut grade 5 Alignment Guide.docx
ccss,5,standard,5.G.B.4,Classify two-dimensional figures in a hierarchy based on properties.,G5-M5-L2,Classify trapezoids based on their properties.,lesson,FALSE,"5 M5 Topic A: Drawing, Analysis, and Classification of Two-Dimensional Figures",Connecticut grade 5 Alignment Guide.docx
ccss,5,standard,5.G.B.4,Classify two-dimensional figures in a hierarchy based on properties.,G5-M5-L3,Classify parallelograms based on their properties.,lesson,FALSE,"5 M5 Topic A: Drawing, Analysis, and Classification of Two-Dimensional Figures",Connecticut grade 5 Alignment Guide.docx
ccss,5,standard,5.G.B.4,Classify two-dimensional figures in a hierarchy based on properties.,G5-M5-L4,C lassify rectangles and rhombuses based on their properties.,lesson,FALSE,"5 M5 Topic A: Drawing, Analysis, and Classification of Two-Dimensional Figures",Connecticut grade 5 Alignment Guide.docx
ccss,5,standard,5.G.B.4,Classify two-dimensional figures in a hierarchy based on properties.,G5-M5-L5,C lassify kites and squares based on their properties.,lesson,FALSE,"5 M5 Topic A: Drawing, Analysis, and Classification of Two-Dimensional Figures",Connecticut grade 5 Alignment Guide.docx
ccss,5,standard,5.G.B.4,Classify two-dimensional figures in a hierarchy based on properties.,G5-M5-L6,Identify quadrilaterals from given properties.,lesson,FALSE,"5 M5 Topic A: Drawing, Analysis, and Classification of Two-Dimensional Figures",Connecticut grade 5 Alignment Guide.docx
ccss,5,standard,5.G.B.4,Classify two-dimensional figures in a hierarchy based on properties.,G5-M5-L7,Classify quadrilaterals in a hierarchy based on properties.,lesson,FALSE,"5 M5 Topic A: Drawing, Analysis, and Classification of Two-Dimensional Figures",Connecticut grade 5 Alignment Guide.docx
ccss,5,standard,5.MD.B.2,"Make a line plot to display a data set of measurements in fractions of a unit (1/2, 1/4, 1/8). Use operations on fractions for this grade to solve problems involving information presented in line plots.",G5-M2-L15,Represent data on a line plot.,lesson,FALSE,5 M2 Topic D: Problem Solving and Line Plots with Fractional Measurements,Connecticut grade 5 Alignment Guide.docx
ccss,5,standard,5.MD.B.2,"Make a line plot to display a data set of measurements in fractions of a unit (1/2, 1/4, 1/8). Use operations on fractions for this grade to solve problems involving information presented in line plots.",G5-M2-L16,Solve problems by using data from a line plot.,lesson,FALSE,5 M2 Topic D: Problem Solving and Line Plots with Fractional Measurements,Connecticut grade 5 Alignment Guide.docx
ccss,5,standard,5.MD.B.2,"Make a line plot to display a data set of measurements in fractions of a unit (1/2, 1/4, 1/8). Use operations on fractions for this grade to solve problems involving information presented in line plots.",G5-M2-L17,Solve problems by equally redistributing a total amount.,lesson,FALSE,5 M2 Topic D: Problem Solving and Line Plots with Fractional Measurements,Connecticut grade 5 Alignment Guide.docx
ccss,5,standard,5.NBT.B.5,Fluently multiply multi-digit whole numbers using the standard algorithm.,G5-M1-L7,Multiply by using familiar methods.,lesson,FALSE,5 M1 Topic B: Multiplication of Whole Numbers,Connecticut grade 5 Alignment Guide.docx
ccss,5,standard,5.NBT.B.5,Fluently multiply multi-digit whole numbers using the standard algorithm.,G5-M1-L8,Multiply two- and three-digit numbers by two-digit numbers by using the distributive property.,lesson,FALSE,5 M1 Topic B: Multiplication of Whole Numbers,Connecticut grade 5 Alignment Guide.docx
ccss,5,standard,5.NBT.B.5,Fluently multiply multi-digit whole numbers using the standard algorithm.,G5-M1-L9,Multiply two- and three-digit numbers by two-digit numbers by using the standard algorithm.,lesson,FALSE,5 M1 Topic B: Multiplication of Whole Numbers,Connecticut grade 5 Alignment Guide.docx
ccss,5,standard,5.NBT.B.5,Fluently multiply multi-digit whole numbers using the standard algorithm.,G5-M1-L10,Multiply three- and four-digit numbers by three-digit numbers by using the standard algorithm.,lesson,FALSE,5 M1 Topic B: Multiplication of Whole Numbers,Connecticut grade 5 Alignment Guide.docx
ccss,5,standard,5.NBT.B.5,Fluently multiply multi-digit whole numbers using the standard algorithm.,G5-M1-L11,Multiply two multi-digit numbers by using the standard algorithm.,lesson,FALSE,5 M1 Topic B: Multiplication of Whole Numbers,Connecticut grade 5 Alignment Guide.docx
ccss,5,standard,5.NBT.B.6,"Find whole-number quotients of whole numbers with up to four-digit dividends and two-digit divisors, using strategies based on place value, the properties of operations, and/or the relationship between multiplication and division. Illustrate and explain the calculation by using equations, rectangular arrays, and/or area models.",G5-M1-L12,Divide two- and three-digit numbers by multiples of 10.,lesson,FALSE,5 M1 Topic C: Division of Whole Numbers,Connecticut grade 5 Alignment Guide.docx
ccss,5,standard,5.NBT.B.6,"Find whole-number quotients of whole numbers with up to four-digit dividends and two-digit divisors, using strategies based on place value, the properties of operations, and/or the relationship between multiplication and division. Illustrate and explain the calculation by using equations, rectangular arrays, and/or area models.",G5-M1-L13,Divide two-digit numbers by two-digit numbers in problems that result in one-digit quotients.,lesson,FALSE,5 M1 Topic C: Division of Whole Numbers,Connecticut grade 5 Alignment Guide.docx
ccss,5,standard,5.NBT.B.6,"Find whole-number quotients of whole numbers with up to four-digit dividends and two-digit divisors, using strategies based on place value, the properties of operations, and/or the relationship between multiplication and division. Illustrate and explain the calculation by using equations, rectangular arrays, and/or area models.",G5-M1-L14,Divide three-digit numbers by two-digit numbers in problems that result in one-digit quotients.,lesson,FALSE,5 M1 Topic C: Division of Whole Numbers,Connecticut grade 5 Alignment Guide.docx
ccss,5,standard,5.NBT.B.6,"Find whole-number quotients of whole numbers with up to four-digit dividends and two-digit divisors, using strategies based on place value, the properties of operations, and/or the relationship between multiplication and division. Illustrate and explain the calculation by using equations, rectangular arrays, and/or area models.",G5-M1-L15,Divide three-digit numbers by two-digit numbers in problems that result in two-digit quotients.,lesson,FALSE,5 M1 Topic C: Division of Whole Numbers,Connecticut grade 5 Alignment Guide.docx
ccss,5,standard,5.NBT.B.6,"Find whole-number quotients of whole numbers with up to four-digit dividends and two-digit divisors, using strategies based on place value, the properties of operations, and/or the relationship between multiplication and division. Illustrate and explain the calculation by using equations, rectangular arrays, and/or area models.",G5-M1-L16,Divide four-digit numbers by two-digit numbers.,lesson,FALSE,5 M1 Topic C: Division of Whole Numbers,Connecticut grade 5 Alignment Guide.docx
ccss,5,standard,5.NBT.B.7,"Add, subtract, multiply, and divide decimals to hundredths, using concrete models or drawings and strategies based on place value, properties of operations, and/or the relationship between addition and subtraction; relate the strategy to a written method and explain the reasoning used.",G5-M4-L14,Multiply decimal numbers to hundredths by one-digit whole numbers by using different models.,lesson,FALSE,5 M4 Topic C: Multiplication of Decimal Numbers,Connecticut grade 5 Alignment Guide.docx
ccss,5,standard,5.NBT.B.7,"Add, subtract, multiply, and divide decimals to hundredths, using concrete models or drawings and strategies based on place value, properties of operations, and/or the relationship between addition and subtraction; relate the strategy to a written method and explain the reasoning used.",G5-M4-L15,"Multiply decimal numbers to hundredths by one-digit whole numbers and multiples of 10, 100, or 1,000.",lesson,FALSE,5 M4 Topic C: Multiplication of Decimal Numbers,Connecticut grade 5 Alignment Guide.docx
ccss,5,standard,5.NBT.B.7,"Add, subtract, multiply, and divide decimals to hundredths, using concrete models or drawings and strategies based on place value, properties of operations, and/or the relationship between addition and subtraction; relate the strategy to a written method and explain the reasoning used.",G5-M4-L16,Multiply decimal numbers to hundredths by two-digit whole numbers by using area models and vertical form.,lesson,FALSE,5 M4 Topic C: Multiplication of Decimal Numbers,Connecticut grade 5 Alignment Guide.docx
ccss,5,standard,5.NBT.B.7,"Add, subtract, multiply, and divide decimals to hundredths, using concrete models or drawings and strategies based on place value, properties of operations, and/or the relationship between addition and subtraction; relate the strategy to a written method and explain the reasoning used.",G5-M4-L17,Multiply decimal numbers to hundredths by two-digit whole numbers by using different methods.,lesson,FALSE,5 M4 Topic C: Multiplication of Decimal Numbers,Connecticut grade 5 Alignment Guide.docx
ccss,5,standard,5.NBT.B.7,"Add, subtract, multiply, and divide decimals to hundredths, using concrete models or drawings and strategies based on place value, properties of operations, and/or the relationship between addition and subtraction; relate the strategy to a written method and explain the reasoning used.",G5-M4-L18,Relate decimal-number multiplication to fraction multiplication.,lesson,FALSE,5 M4 Topic C: Multiplication of Decimal Numbers,Connecticut grade 5 Alignment Guide.docx
ccss,5,standard,5.NBT.B.7,"Add, subtract, multiply, and divide decimals to hundredths, using concrete models or drawings and strategies based on place value, properties of operations, and/or the relationship between addition and subtraction; relate the strategy to a written method and explain the reasoning used.",G5-M4-L19,Multiply a decimal number by a decimal number.,lesson,FALSE,5 M4 Topic C: Multiplication of Decimal Numbers,Connecticut grade 5 Alignment Guide.docx
ccss,5,standard,5.NBT.B.7,"Add, subtract, multiply, and divide decimals to hundredths, using concrete models or drawings and strategies based on place value, properties of operations, and/or the relationship between addition and subtraction; relate the strategy to a written method and explain the reasoning used.",G5-M4-L20,"Divide decimal numbers to hundredths by one-digit whole numbers and multiples of 10, 100, or 1,000 by using unit form and place value understanding.",lesson,FALSE,5 M4 Topic D: Division of Decimal Numbers,Connecticut grade 5 Alignment Guide.docx
ccss,5,standard,5.NBT.B.7,"Add, subtract, multiply, and divide decimals to hundredths, using concrete models or drawings and strategies based on place value, properties of operations, and/or the relationship between addition and subtraction; relate the strategy to a written method and explain the reasoning used.",G5-M4-L21,"Divide decimal numbers to hundredths by one-digit whole numbers and multiples of 10, 100, or 1,000 by using place value understanding and vertical form.",lesson,FALSE,5 M4 Topic D: Division of Decimal Numbers,Connecticut grade 5 Alignment Guide.docx
ccss,5,standard,5.NBT.B.7,"Add, subtract, multiply, and divide decimals to hundredths, using concrete models or drawings and strategies based on place value, properties of operations, and/or the relationship between addition and subtraction; relate the strategy to a written method and explain the reasoning used.",G5-M4-L22,Divide decimal numbers to hundredths by two-digit whole numbers.,lesson,FALSE,5 M4 Topic D: Division of Decimal Numbers,Connecticut grade 5 Alignment Guide.docx
ccss,5,standard,5.NBT.B.7,"Add, subtract, multiply, and divide decimals to hundredths, using concrete models or drawings and strategies based on place value, properties of operations, and/or the relationship between addition and subtraction; relate the strategy to a written method and explain the reasoning used.",G5-M4-L23,Relate division by 0.1 and 0.01 to division by a unit fraction.,lesson,FALSE,5 M4 Topic D: Division of Decimal Numbers,Connecticut grade 5 Alignment Guide.docx
ccss,5,standard,5.NBT.B.7,"Add, subtract, multiply, and divide decimals to hundredths, using concrete models or drawings and strategies based on place value, properties of operations, and/or the relationship between addition and subtraction; relate the strategy to a written method and explain the reasoning used.",G5-M4-L24,"Divide decimal numbers by decimal numbers, resulting in whole-number quotients.",lesson,FALSE,5 M4 Topic D: Division of Decimal Numbers,Connecticut grade 5 Alignment Guide.docx
ccss,5,standard,5.NBT.B.7,"Add, subtract, multiply, and divide decimals to hundredths, using concrete models or drawings and strategies based on place value, properties of operations, and/or the relationship between addition and subtraction; relate the strategy to a written method and explain the reasoning used.",G5-M4-L25,"Divide decimal numbers by decimal numbers, resulting in decimal-number quotients.",lesson,FALSE,5 M4 Topic D: Division of Decimal Numbers,Connecticut grade 5 Alignment Guide.docx
ccss,5,standard,5.NF.A.1,Add and subtract fractions with unlike denominators (including mixed numbers) by replacing given fractions with equivalent fractions in such a way as to produce an equivalent sum or difference of fractions with like denominators.,G5-M2-L10,Add whole numbers and mixed numbers and add mixed numbers with related units.,lesson,FALSE,"5 M2 Topic C: Addition and Subtraction of Fractions, Whole Numbers, and Mixed Numbers",Connecticut grade 5 Alignment Guide.docx
ccss,5,standard,5.NF.A.1,Add and subtract fractions with unlike denominators (including mixed numbers) by replacing given fractions with equivalent fractions in such a way as to produce an equivalent sum or difference of fractions with like denominators.,G5-M2-L11,Add mixed numbers with unrelated units.,lesson,FALSE,"5 M2 Topic C: Addition and Subtraction of Fractions, Whole Numbers, and Mixed Numbers",Connecticut grade 5 Alignment Guide.docx
ccss,5,standard,5.NF.A.1,Add and subtract fractions with unlike denominators (including mixed numbers) by replacing given fractions with equivalent fractions in such a way as to produce an equivalent sum or difference of fractions with like denominators.,G5-M2-L12,Subtract whole numbers from mixed numbers and mixed numbers from whole numbers.,lesson,FALSE,"5 M2 Topic C: Addition and Subtraction of Fractions, Whole Numbers, and Mixed Numbers",Connecticut grade 5 Alignment Guide.docx
ccss,5,standard,5.NF.A.1,Add and subtract fractions with unlike denominators (including mixed numbers) by replacing given fractions with equivalent fractions in such a way as to produce an equivalent sum or difference of fractions with like denominators.,G5-M2-L13,Subtract mixed numbers from mixed numbers with related units.,lesson,FALSE,"5 M2 Topic C: Addition and Subtraction of Fractions, Whole Numbers, and Mixed Numbers",Connecticut grade 5 Alignment Guide.docx
ccss,5,standard,5.NF.A.1,Add and subtract fractions with unlike denominators (including mixed numbers) by replacing given fractions with equivalent fractions in such a way as to produce an equivalent sum or difference of fractions with like denominators.,G5-M2-L14,Subtract mixed numbers from mixed numbers with unrelated units.,lesson,FALSE,"5 M2 Topic C: Addition and Subtraction of Fractions, Whole Numbers, and Mixed Numbers",Connecticut grade 5 Alignment Guide.docx
ccss,5,standard,5.NF.A.2,"Solve word problems involving addition and subtraction of fractions referring to the same whole, including cases of unlike denominators, e.g., by using visual fraction models or equations to represent the problem. Use benchmark fractions and number sense of fractions to estimate mentally and assess the reasonableness of answers.",G5-M2-L10,Add whole numbers and mixed numbers and add mixed numbers with related units.,lesson,FALSE,"5 M2 Topic C: Addition and Subtraction of Fractions, Whole Numbers, and Mixed Numbers",Connecticut grade 5 Alignment Guide.docx
ccss,5,standard,5.NF.A.2,"Solve word problems involving addition and subtraction of fractions referring to the same whole, including cases of unlike denominators, e.g., by using visual fraction models or equations to represent the problem. Use benchmark fractions and number sense of fractions to estimate mentally and assess the reasonableness of answers.",G5-M2-L11,Add mixed numbers with unrelated units.,lesson,FALSE,"5 M2 Topic C: Addition and Subtraction of Fractions, Whole Numbers, and Mixed Numbers",Connecticut grade 5 Alignment Guide.docx
ccss,5,standard,5.NF.A.2,"Solve word problems involving addition and subtraction of fractions referring to the same whole, including cases of unlike denominators, e.g., by using visual fraction models or equations to represent the problem. Use benchmark fractions and number sense of fractions to estimate mentally and assess the reasonableness of answers.",G5-M2-L12,Subtract whole numbers from mixed numbers and mixed numbers from whole numbers.,lesson,FALSE,"5 M2 Topic C: Addition and Subtraction of Fractions, Whole Numbers, and Mixed Numbers",Connecticut grade 5 Alignment Guide.docx
ccss,5,standard,5.NF.A.2,"Solve word problems involving addition and subtraction of fractions referring to the same whole, including cases of unlike denominators, e.g., by using visual fraction models or equations to represent the problem. Use benchmark fractions and number sense of fractions to estimate mentally and assess the reasonableness of answers.",G5-M2-L13,Subtract mixed numbers from mixed numbers with related units.,lesson,FALSE,"5 M2 Topic C: Addition and Subtraction of Fractions, Whole Numbers, and Mixed Numbers",Connecticut grade 5 Alignment Guide.docx
ccss,5,standard,5.NF.A.2,"Solve word problems involving addition and subtraction of fractions referring to the same whole, including cases of unlike denominators, e.g., by using visual fraction models or equations to represent the problem. Use benchmark fractions and number sense of fractions to estimate mentally and assess the reasonableness of answers.",G5-M2-L14,Subtract mixed numbers from mixed numbers with unrelated units.,lesson,FALSE,"5 M2 Topic C: Addition and Subtraction of Fractions, Whole Numbers, and Mixed Numbers",Connecticut grade 5 Alignment Guide.docx
ccss,5,standard,5.NF.B.3,"Interpret a fraction as division of the numerator by the denominator (𝑎/𝑏 = 𝑎 ÷ 𝑏). Solve word problems involving division of whole numbers leading to answers in the form of fractions or mixed numbers, e.g., by using visual fraction models or equations to represent the problem.",G5-M2-L1,Interpret a fraction as division.,lesson,FALSE,5 M2 Topic A: Fractions and Division,Connecticut grade 5 Alignment Guide.docx
ccss,5,standard,5.NF.B.3,"Interpret a fraction as division of the numerator by the denominator (𝑎/𝑏 = 𝑎 ÷ 𝑏). Solve word problems involving division of whole numbers leading to answers in the form of fractions or mixed numbers, e.g., by using visual fraction models or equations to represent the problem.",G5-M2-L2,Interpret a fraction as division by writing remainders as fractions.,lesson,FALSE,5 M2 Topic A: Fractions and Division,Connecticut grade 5 Alignment Guide.docx
ccss,5,standard,5.NF.B.3,"Interpret a fraction as division of the numerator by the denominator (𝑎/𝑏 = 𝑎 ÷ 𝑏). Solve word problems involving division of whole numbers leading to answers in the form of fractions or mixed numbers, e.g., by using visual fraction models or equations to represent the problem.",G5-M2-L3,Represent fractions as division by using models.,lesson,FALSE,5 M2 Topic A: Fractions and Division,Connecticut grade 5 Alignment Guide.docx
ccss,5,standard,5.NF.B.3,"Interpret a fraction as division of the numerator by the denominator (𝑎/𝑏 = 𝑎 ÷ 𝑏). Solve word problems involving division of whole numbers leading to answers in the form of fractions or mixed numbers, e.g., by using visual fraction models or equations to represent the problem.",G5-M2-L4,Solve word problems involving division and fractions.,lesson,FALSE,5 M2 Topic A: Fractions and Division,Connecticut grade 5 Alignment Guide.docx
ccss,5,standard,5.NF.B.4.a,"Interpret the product (𝑎/𝑏) × 𝑞 as a parts of a partition of 𝑞 into 𝑏 equal parts; equivalently, as the result of a sequence of operations 𝑎 × 𝑞 ÷ 𝑏.",G5-M3-L1,Find fractions of a set with arrays.,lesson,FALSE,5 M3 Topic A: Multiplication of a Whole Number by a Fraction,Connecticut grade 5 Alignment Guide.docx
ccss,5,standard,5.NF.B.4.a,"Interpret the product (𝑎/𝑏) × 𝑞 as a parts of a partition of 𝑞 into 𝑏 equal parts; equivalently, as the result of a sequence of operations 𝑎 × 𝑞 ÷ 𝑏.",G5-M3-L2,Interpret fractions as division to find fractions of a set with tape diagrams and number lines.,lesson,FALSE,5 M3 Topic A: Multiplication of a Whole Number by a Fraction,Connecticut grade 5 Alignment Guide.docx
ccss,5,standard,5.NF.B.4.a,"Interpret the product (𝑎/𝑏) × 𝑞 as a parts of a partition of 𝑞 into 𝑏 equal parts; equivalently, as the result of a sequence of operations 𝑎 × 𝑞 ÷ 𝑏.",G5-M3-L3,Multiply a whole number by a fraction less than 1.,lesson,FALSE,5 M3 Topic A: Multiplication of a Whole Number by a Fraction,Connecticut grade 5 Alignment Guide.docx
ccss,5,standard,5.NF.B.4.a,"Interpret the product (𝑎/𝑏) × 𝑞 as a parts of a partition of 𝑞 into 𝑏 equal parts; equivalently, as the result of a sequence of operations 𝑎 × 𝑞 ÷ 𝑏.",G5-M3-L4,Multiply a whole number by a fraction.,lesson,FALSE,5 M3 Topic A: Multiplication of a Whole Number by a Fraction,Connecticut grade 5 Alignment Guide.docx
ccss,5,standard,5.NF.B.4.a,"Interpret the product (𝑎/𝑏) × 𝑞 as a parts of a partition of 𝑞 into 𝑏 equal parts; equivalently, as the result of a sequence of operations 𝑎 × 𝑞 ÷ 𝑏.",G5-M3-L5,Convert larger customary measurement units to smaller measurement units.,lesson,FALSE,5 M3 Topic A: Multiplication of a Whole Number by a Fraction,Connecticut grade 5 Alignment Guide.docx
ccss,5,standard,5.NF.B.4.a,"Interpret the product (𝑎/𝑏) × 𝑞 as a parts of a partition of 𝑞 into 𝑏 equal parts; equivalently, as the result of a sequence of operations 𝑎 × 𝑞 ÷ 𝑏.",G5-M3-L6,Convert smaller customary measurement units to larger measurement units.,lesson,FALSE,5 M3 Topic A: Multiplication of a Whole Number by a Fraction,Connecticut grade 5 Alignment Guide.docx
ccss,5,standard,5.NF.B.5.a,"Comparing the size of a product to the size of one factor on the basis of the size of the other factor, without performing the indicated multiplication.",G5-M3-L7,Multiply fractions less than by 1 unit fractions pictorially.,lesson,FALSE,5 M3 Topic B: Multiplication of Fractions,Connecticut grade 5 Alignment Guide.docx
ccss,5,standard,5.NF.B.5.a,"Comparing the size of a product to the size of one factor on the basis of the size of the other factor, without performing the indicated multiplication.",G5-M3-L8,Multiply fractions less than 1 pictorially.,lesson,FALSE,5 M3 Topic B: Multiplication of Fractions,Connecticut grade 5 Alignment Guide.docx
ccss,5,standard,5.NF.B.5.a,"Comparing the size of a product to the size of one factor on the basis of the size of the other factor, without performing the indicated multiplication.",G5-M3-L9,Multiply fractions by unit fractions by making simpler problems.,lesson,FALSE,5 M3 Topic B: Multiplication of Fractions,Connecticut grade 5 Alignment Guide.docx
ccss,5,standard,5.NF.B.5.a,"Comparing the size of a product to the size of one factor on the basis of the size of the other factor, without performing the indicated multiplication.",G5-M3-L10,Multiply fractions greater than 1 by fractions.,lesson,FALSE,5 M3 Topic B: Multiplication of Fractions,Connecticut grade 5 Alignment Guide.docx
ccss,5,standard,5.NF.B.5.a,"Comparing the size of a product to the size of one factor on the basis of the size of the other factor, without performing the indicated multiplication.",G5-M3-L11,Multiply fractions.,lesson,FALSE,5 M3 Topic B: Multiplication of Fractions,Connecticut grade 5 Alignment Guide.docx
ccss,5,standard,5.NF.B.5.b,Explaining why multiplying a given number by a fraction greater than 1 results in a product greater than the given number (recognizing multiplication by whole numbers greater than 1 as a familiar case); explaining why multiplying a given number by a fraction less than 1 results in a product smaller than the given number; and relating the principle of fraction equivalence 𝑎/𝑏 = (𝑛 × 𝑎)/(𝑛 × 𝑏) to the effect of multiplying 𝑎/𝑏 by 1.,G5-M3-L7,Multiply fractions less than by 1 unit fractions pictorially.,lesson,FALSE,5 M3 Topic B: Multiplication of Fractions,Connecticut grade 5 Alignment Guide.docx
ccss,5,standard,5.NF.B.5.b,Explaining why multiplying a given number by a fraction greater than 1 results in a product greater than the given number (recognizing multiplication by whole numbers greater than 1 as a familiar case); explaining why multiplying a given number by a fraction less than 1 results in a product smaller than the given number; and relating the principle of fraction equivalence 𝑎/𝑏 = (𝑛 × 𝑎)/(𝑛 × 𝑏) to the effect of multiplying 𝑎/𝑏 by 1.,G5-M3-L8,Multiply fractions less than 1 pictorially.,lesson,FALSE,5 M3 Topic B: Multiplication of Fractions,Connecticut grade 5 Alignment Guide.docx
ccss,5,standard,5.NF.B.5.b,Explaining why multiplying a given number by a fraction greater than 1 results in a product greater than the given number (recognizing multiplication by whole numbers greater than 1 as a familiar case); explaining why multiplying a given number by a fraction less than 1 results in a product smaller than the given number; and relating the principle of fraction equivalence 𝑎/𝑏 = (𝑛 × 𝑎)/(𝑛 × 𝑏) to the effect of multiplying 𝑎/𝑏 by 1.,G5-M3-L9,Multiply fractions by unit fractions by making simpler problems.,lesson,FALSE,5 M3 Topic B: Multiplication of Fractions,Connecticut grade 5 Alignment Guide.docx
ccss,5,standard,5.NF.B.5.b,Explaining why multiplying a given number by a fraction greater than 1 results in a product greater than the given number (recognizing multiplication by whole numbers greater than 1 as a familiar case); explaining why multiplying a given number by a fraction less than 1 results in a product smaller than the given number; and relating the principle of fraction equivalence 𝑎/𝑏 = (𝑛 × 𝑎)/(𝑛 × 𝑏) to the effect of multiplying 𝑎/𝑏 by 1.,G5-M3-L10,Multiply fractions greater than 1 by fractions.,lesson,FALSE,5 M3 Topic B: Multiplication of Fractions,Connecticut grade 5 Alignment Guide.docx
ccss,5,standard,5.NF.B.5.b,Explaining why multiplying a given number by a fraction greater than 1 results in a product greater than the given number (recognizing multiplication by whole numbers greater than 1 as a familiar case); explaining why multiplying a given number by a fraction less than 1 results in a product smaller than the given number; and relating the principle of fraction equivalence 𝑎/𝑏 = (𝑛 × 𝑎)/(𝑛 × 𝑏) to the effect of multiplying 𝑎/𝑏 by 1.,G5-M3-L11,Multiply fractions.,lesson,FALSE,5 M3 Topic B: Multiplication of Fractions,Connecticut grade 5 Alignment Guide.docx
ccss,5,standard,5.OA.A.1,"Use parentheses, brackets, or braces in numerical expressions, and evaluate expressions with these symbols.",G5-M1-L17,"Write, interpret, and compare numerical expressions.",lesson,FALSE,5 M1 Topic D: Multi-Step Problems with Whole Numbers,Connecticut grade 5 Alignment Guide.docx
ccss,5,standard,5.OA.A.1,"Use parentheses, brackets, or braces in numerical expressions, and evaluate expressions with these symbols.",G5-M1-L18,Create and solve real-world problems for given numerical expressions.,lesson,FALSE,5 M1 Topic D: Multi-Step Problems with Whole Numbers,Connecticut grade 5 Alignment Guide.docx
ccss,5,standard,5.OA.A.1,"Use parentheses, brackets, or braces in numerical expressions, and evaluate expressions with these symbols.",G5-M1-L19,Solve multi-step word problems involving multiplication and division.,lesson,FALSE,5 M1 Topic D: Multi-Step Problems with Whole Numbers,Connecticut grade 5 Alignment Guide.docx
ccss,5,standard,5.OA.A.1,"Use parentheses, brackets, or braces in numerical expressions, and evaluate expressions with these symbols.",G5-M1-L20,Solve multi-step word problems involving the four operations.,lesson,FALSE,5 M1 Topic D: Multi-Step Problems with Whole Numbers,Connecticut grade 5 Alignment Guide.docx
ccss,5,standard,5.OA.A.1,"Use parentheses, brackets, or braces in numerical expressions, and evaluate expressions with these symbols.",G5-M1-L21,Express a composite number up to 50 as a product of its prime factors.,lesson,FALSE,5 M1 Topic D: Multi-Step Problems with Whole Numbers,Connecticut grade 5 Alignment Guide.docx
ccss,5,standard,5.OA.A.2,"Write simple expressions that record calculations with numbers, and interpret numerical expressions without evaluating them.",G5-M1-L17,"Write, interpret, and compare numerical expressions.",lesson,FALSE,5 M1 Topic D: Multi-Step Problems with Whole Numbers,Connecticut grade 5 Alignment Guide.docx
ccss,5,standard,5.OA.A.2,"Write simple expressions that record calculations with numbers, and interpret numerical expressions without evaluating them.",G5-M1-L18,Create and solve real-world problems for given numerical expressions.,lesson,FALSE,5 M1 Topic D: Multi-Step Problems with Whole Numbers,Connecticut grade 5 Alignment Guide.docx
ccss,5,standard,5.OA.A.2,"Write simple expressions that record calculations with numbers, and interpret numerical expressions without evaluating them.",G5-M1-L19,Solve multi-step word problems involving multiplication and division.,lesson,FALSE,5 M1 Topic D: Multi-Step Problems with Whole Numbers,Connecticut grade 5 Alignment Guide.docx
ccss,5,standard,5.OA.A.2,"Write simple expressions that record calculations with numbers, and interpret numerical expressions without evaluating them.",G5-M1-L20,Solve multi-step word problems involving the four operations.,lesson,FALSE,5 M1 Topic D: Multi-Step Problems with Whole Numbers,Connecticut grade 5 Alignment Guide.docx
ccss,5,standard,5.OA.A.2,"Write simple expressions that record calculations with numbers, and interpret numerical expressions without evaluating them.",G5-M1-L21,Express a composite number up to 50 as a product of its prime factors.,lesson,FALSE,5 M1 Topic D: Multi-Step Problems with Whole Numbers,Connecticut grade 5 Alignment Guide.docx
ccss,6,standard,6.EE.A.1,Write and evaluate numerical expressions involving whole-number exponents.,G6-M4-L1,Expressions with Addition and Subtraction,lesson,FALSE,6 M4 Topic A: Numerical Expressions,Connecticut grade 6 Alignment Guide.docx
ccss,6,standard,6.EE.A.1,Write and evaluate numerical expressions involving whole-number exponents.,G6-M4-L3,Exploring Exponents,lesson,FALSE,6 M4 Topic A: Numerical Expressions,Connecticut grade 6 Alignment Guide.docx
ccss,6,standard,6.EE.A.1,Write and evaluate numerical expressions involving whole-number exponents.,G6-M4-L4,Evaluating Expressions with Exponents,lesson,FALSE,6 M4 Topic A: Numerical Expressions,Connecticut grade 6 Alignment Guide.docx
ccss,6,standard,6.EE.A.1,Write and evaluate numerical expressions involving whole-number exponents.,G6-M4-L5,Exploring Order of Operations,lesson,FALSE,6 M4 Topic A: Numerical Expressions,Connecticut grade 6 Alignment Guide.docx
ccss,6,standard,6.EE.A.1,Write and evaluate numerical expressions involving whole-number exponents.,G6-M4-L6,Order of Operations,lesson,FALSE,6 M4 Topic A: Numerical Expressions,Connecticut grade 6 Alignment Guide.docx
ccss,6,standard,6.EE.A.3,Apply the properties of operations to generate equivalent expressions.,G6-M4-L12,Applying Properties to Multiplication Expressions ,lesson,FALSE,6 M4 Topic C: Equivalent Expressions Using the Properties of Operations,Connecticut grade 6 Alignment Guide.docx
ccss,6,standard,6.EE.A.3,Apply the properties of operations to generate equivalent expressions.,G6-M4-L13,The Distributive Property,lesson,FALSE,6 M4 Topic C: Equivalent Expressions Using the Properties of Operations,Connecticut grade 6 Alignment Guide.docx
ccss,6,standard,6.EE.A.3,Apply the properties of operations to generate equivalent expressions.,G6-M4-L14,Using the Distributive Property to Factor Expressions,lesson,FALSE,6 M4 Topic C: Equivalent Expressions Using the Properties of Operations,Connecticut grade 6 Alignment Guide.docx
ccss,6,standard,6.EE.A.3,Apply the properties of operations to generate equivalent expressions.,G6-M4-L15,Combining Like Terms by Using the Distributive Property,lesson,FALSE,6 M4 Topic C: Equivalent Expressions Using the Properties of Operations,Connecticut grade 6 Alignment Guide.docx
ccss,6,standard,6.EE.A.3,Apply the properties of operations to generate equivalent expressions.,G6-M4-L16,Equivalent Algebraic Expressions,lesson,FALSE,6 M4 Topic C: Equivalent Expressions Using the Properties of Operations,Connecticut grade 6 Alignment Guide.docx
ccss,6,standard,6.EE.A.4,"Identify when two expressions are equivalent (i.e., when the two expressions name the same number regardless of which value is substituted into them).",G6-M4-L12,Applying Properties to Multiplication Expressions ,lesson,FALSE,6 M4 Topic C: Equivalent Expressions Using the Properties of Operations,Connecticut grade 6 Alignment Guide.docx
ccss,6,standard,6.EE.A.4,"Identify when two expressions are equivalent (i.e., when the two expressions name the same number regardless of which value is substituted into them).",G6-M4-L13,The Distributive Property,lesson,FALSE,6 M4 Topic C: Equivalent Expressions Using the Properties of Operations,Connecticut grade 6 Alignment Guide.docx
ccss,6,standard,6.EE.A.4,"Identify when two expressions are equivalent (i.e., when the two expressions name the same number regardless of which value is substituted into them).",G6-M4-L14,Using the Distributive Property to Factor Expressions,lesson,FALSE,6 M4 Topic C: Equivalent Expressions Using the Properties of Operations,Connecticut grade 6 Alignment Guide.docx
ccss,6,standard,6.EE.A.4,"Identify when two expressions are equivalent (i.e., when the two expressions name the same number regardless of which value is substituted into them).",G6-M4-L15,Combining Like Terms by Using the Distributive Property,lesson,FALSE,6 M4 Topic C: Equivalent Expressions Using the Properties of Operations,Connecticut grade 6 Alignment Guide.docx
ccss,6,standard,6.EE.A.4,"Identify when two expressions are equivalent (i.e., when the two expressions name the same number regardless of which value is substituted into them).",G6-M4-L16,Equivalent Algebraic Expressions,lesson,FALSE,6 M4 Topic C: Equivalent Expressions Using the Properties of Operations,Connecticut grade 6 Alignment Guide.docx
ccss,6,standard,6.EE.C.9,"Use variables to represent two quantities in a real-world problem that change in relationship to one another; write an equation to express one quantity, thought of as the dependent variable, in terms of the other quantity, thought of as the independent variable. Analyze the relationship between the dependent and independent variables using graphs and tables, and relate these to the equation.",G6-M4-L22,Relationship Between Two Variables,lesson,FALSE,"6 M4 Topic E: Relating Variables by Using Tables, Graphs, and Equations",Connecticut grade 6 Alignment Guide.docx
ccss,6,standard,6.EE.C.9,"Use variables to represent two quantities in a real-world problem that change in relationship to one another; write an equation to express one quantity, thought of as the dependent variable, in terms of the other quantity, thought of as the independent variable. Analyze the relationship between the dependent and independent variables using graphs and tables, and relate these to the equation.",G6-M4-L23,Graphs of Ratio Relationships,lesson,FALSE,"6 M4 Topic E: Relating Variables by Using Tables, Graphs, and Equations",Connecticut grade 6 Alignment Guide.docx
ccss,6,standard,6.EE.C.9,"Use variables to represent two quantities in a real-world problem that change in relationship to one another; write an equation to express one quantity, thought of as the dependent variable, in terms of the other quantity, thought of as the independent variable. Analyze the relationship between the dependent and independent variables using graphs and tables, and relate these to the equation.",G6-M4-L24,Graphs of Non–Ratio Relationships,lesson,FALSE,"6 M4 Topic E: Relating Variables by Using Tables, Graphs, and Equations",Connecticut grade 6 Alignment Guide.docx
ccss,6,standard,6.EE.C.9,"Use variables to represent two quantities in a real-world problem that change in relationship to one another; write an equation to express one quantity, thought of as the dependent variable, in terms of the other quantity, thought of as the independent variable. Analyze the relationship between the dependent and independent variables using graphs and tables, and relate these to the equation.",G6-M4-L25,The Statue of Liberty,lesson,FALSE,"6 M4 Topic E: Relating Variables by Using Tables, Graphs, and Equations",Connecticut grade 6 Alignment Guide.docx
ccss,6,standard,6.G.A.1,"Find the area of right triangles, other triangles, special quadrilaterals, and polygons by composing into rectangles or decomposing into triangles and other shapes; apply these techniques in the context of solving real-world and mathematical problems.",G6-M5-L1,The Area of a Parallelogram,lesson,FALSE,6 M5 Topic A: Areas of Polygons,Connecticut grade 6 Alignment Guide.docx
ccss,6,standard,6.G.A.1,"Find the area of right triangles, other triangles, special quadrilaterals, and polygons by composing into rectangles or decomposing into triangles and other shapes; apply these techniques in the context of solving real-world and mathematical problems.",G6-M5-L2,The Area of a Right Triangle,lesson,FALSE,6 M5 Topic A: Areas of Polygons,Connecticut grade 6 Alignment Guide.docx
ccss,6,standard,6.G.A.1,"Find the area of right triangles, other triangles, special quadrilaterals, and polygons by composing into rectangles or decomposing into triangles and other shapes; apply these techniques in the context of solving real-world and mathematical problems.",G6-M5-L3,The Area of a Triangle,lesson,FALSE,6 M5 Topic A: Areas of Polygons,Connecticut grade 6 Alignment Guide.docx
ccss,6,standard,6.G.A.1,"Find the area of right triangles, other triangles, special quadrilaterals, and polygons by composing into rectangles or decomposing into triangles and other shapes; apply these techniques in the context of solving real-world and mathematical problems.",G6-M5-L4,Areas of Triangles in Real-World Situations,lesson,FALSE,6 M5 Topic A: Areas of Polygons,Connecticut grade 6 Alignment Guide.docx
ccss,6,standard,6.G.A.1,"Find the area of right triangles, other triangles, special quadrilaterals, and polygons by composing into rectangles or decomposing into triangles and other shapes; apply these techniques in the context of solving real-world and mathematical problems.",G6-M5-L5,Perimeter and Area in the Coordinate Plane,lesson,FALSE,6 M5 Topic B: Problem Solving with Area,Connecticut grade 6 Alignment Guide.docx
ccss,6,standard,6.G.A.1,"Find the area of right triangles, other triangles, special quadrilaterals, and polygons by composing into rectangles or decomposing into triangles and other shapes; apply these techniques in the context of solving real-world and mathematical problems.",G6-M5-L6,Problem Solving with Area in the Coordinate Plane,lesson,FALSE,6 M5 Topic B: Problem Solving with Area,Connecticut grade 6 Alignment Guide.docx
ccss,6,standard,6.G.A.1,"Find the area of right triangles, other triangles, special quadrilaterals, and polygons by composing into rectangles or decomposing into triangles and other shapes; apply these techniques in the context of solving real-world and mathematical problems.",G6-M5-L7,Areas of Trapezoids and Other Polygons,lesson,FALSE,6 M5 Topic B: Problem Solving with Area,Connecticut grade 6 Alignment Guide.docx
ccss,6,standard,6.G.A.1,"Find the area of right triangles, other triangles, special quadrilaterals, and polygons by composing into rectangles or decomposing into triangles and other shapes; apply these techniques in the context of solving real-world and mathematical problems.",G6-M5-L8,Areas of Composite Figures in Real-World Situations,lesson,FALSE,6 M5 Topic B: Problem Solving with Area,Connecticut grade 6 Alignment Guide.docx
ccss,6,standard,6.G.A.2,"Find the volume of a right rectangular prism with fractional edge lengths by packing it with unit cubes of the appropriate unit fraction edge lengths, and show that the volume is the same as would be found by multiplying the edge lengths of the prism. Apply the formulas 𝑉 = 𝑙𝑤ℎ and 𝑉 = 𝑏ℎ to find volumes of right rectangular prisms with fractional edge lengths in the context of solving real-world and mathematical problems.",G6-M5-L15,Exploring Volume,lesson,FALSE,6 M5 Topic D: Volumes of Right Rectangular Prisms,Connecticut grade 6 Alignment Guide.docx
ccss,6,standard,6.G.A.2,"Find the volume of a right rectangular prism with fractional edge lengths by packing it with unit cubes of the appropriate unit fraction edge lengths, and show that the volume is the same as would be found by multiplying the edge lengths of the prism. Apply the formulas 𝑉 = 𝑙𝑤ℎ and 𝑉 = 𝑏ℎ to find volumes of right rectangular prisms with fractional edge lengths in the context of solving real-world and mathematical problems.",G6-M5-L16,Applying Volume Formulas,lesson,FALSE,6 M5 Topic D: Volumes of Right Rectangular Prisms,Connecticut grade 6 Alignment Guide.docx
ccss,6,standard,6.G.A.2,"Find the volume of a right rectangular prism with fractional edge lengths by packing it with unit cubes of the appropriate unit fraction edge lengths, and show that the volume is the same as would be found by multiplying the edge lengths of the prism. Apply the formulas 𝑉 = 𝑙𝑤ℎ and 𝑉 = 𝑏ℎ to find volumes of right rectangular prisms with fractional edge lengths in the context of solving real-world and mathematical problems.",G6-M5-L17,Problem Solving with Volume,lesson,FALSE,6 M5 Topic D: Volumes of Right Rectangular Prisms,Connecticut grade 6 Alignment Guide.docx
ccss,6,standard,6.G.A.2,"Find the volume of a right rectangular prism with fractional edge lengths by packing it with unit cubes of the appropriate unit fraction edge lengths, and show that the volume is the same as would be found by multiplying the edge lengths of the prism. Apply the formulas 𝑉 = 𝑙𝑤ℎ and 𝑉 = 𝑏ℎ to find volumes of right rectangular prisms with fractional edge lengths in the context of solving real-world and mathematical problems.",G6-M5-L18,Volumes of Composite Solids,lesson,FALSE,6 M5 Topic D: Volumes of Right Rectangular Prisms,Connecticut grade 6 Alignment Guide.docx
ccss,6,standard,6.G.A.2,"Find the volume of a right rectangular prism with fractional edge lengths by packing it with unit cubes of the appropriate unit fraction edge lengths, and show that the volume is the same as would be found by multiplying the edge lengths of the prism. Apply the formulas 𝑉 = 𝑙𝑤ℎ and 𝑉 = 𝑏ℎ to find volumes of right rectangular prisms with fractional edge lengths in the context of solving real-world and mathematical problems.",G6-M5-L19,Volume and Surface Area in Real-World Situations,lesson,FALSE,6 M5 Topic D: Volumes of Right Rectangular Prisms,Connecticut grade 6 Alignment Guide.docx
ccss,6,standard,6.G.A.4,"Represent three-dimensional figures using nets made up of rectangles and triangles, and use the nets to find the surface area of these figures. Apply these techniques in the context of solving real-world and mathematical problems.",G6-M5-L9,Properties of Solids,lesson,FALSE,6 M5 Topic C: Nets and Surface Area,Connecticut grade 6 Alignment Guide.docx
ccss,6,standard,6.G.A.4,"Represent three-dimensional figures using nets made up of rectangles and triangles, and use the nets to find the surface area of these figures. Apply these techniques in the context of solving real-world and mathematical problems.",G6-M5-L10,Discovering Nets of Solids,lesson,FALSE,6 M5 Topic C: Nets and Surface Area,Connecticut grade 6 Alignment Guide.docx
ccss,6,standard,6.G.A.4,"Represent three-dimensional figures using nets made up of rectangles and triangles, and use the nets to find the surface area of these figures. Apply these techniques in the context of solving real-world and mathematical problems.",G6-M5-L11,Constructing Nets of Solids,lesson,FALSE,6 M5 Topic C: Nets and Surface Area,Connecticut grade 6 Alignment Guide.docx
ccss,6,standard,6.G.A.4,"Represent three-dimensional figures using nets made up of rectangles and triangles, and use the nets to find the surface area of these figures. Apply these techniques in the context of solving real-world and mathematical problems.",G6-M5-L12,From Nets to Surface Area,lesson,FALSE,6 M5 Topic C: Nets and Surface Area,Connecticut grade 6 Alignment Guide.docx
ccss,6,standard,6.G.A.4,"Represent three-dimensional figures using nets made up of rectangles and triangles, and use the nets to find the surface area of these figures. Apply these techniques in the context of solving real-world and mathematical problems.",G6-M5-L13,Surface Area in Real-World Situations,lesson,FALSE,6 M5 Topic C: Nets and Surface Area,Connecticut grade 6 Alignment Guide.docx
ccss,6,standard,6.G.A.4,"Represent three-dimensional figures using nets made up of rectangles and triangles, and use the nets to find the surface area of these figures. Apply these techniques in the context of solving real-world and mathematical problems.",G6-M5-L14,Designing a Box,lesson,FALSE,6 M5 Topic C: Nets and Surface Area,Connecticut grade 6 Alignment Guide.docx
ccss,6,standard,6.NS.A.1,"Interpret and compute quotients of fractions, and solve word problems involving division of fractions by fractions, e.g., by using visual fraction models and equations to represent the problem.",G6-M2-L8,Dividing Fractions by Making Common Denominators,lesson,FALSE,6 M2 Topic B: Dividing Fractions,Connecticut grade 6 Alignment Guide.docx
ccss,6,standard,6.NS.A.1,"Interpret and compute quotients of fractions, and solve word problems involving division of fractions by fractions, e.g., by using visual fraction models and equations to represent the problem.",G6-M2-L9,Dividing Fractions by Using Tape Diagrams,lesson,FALSE,6 M2 Topic C: Dividing Fractions Fluently,Connecticut grade 6 Alignment Guide.docx
ccss,6,standard,6.NS.A.1,"Interpret and compute quotients of fractions, and solve word problems involving division of fractions by fractions, e.g., by using visual fraction models and equations to represent the problem.",G6-M2-L10,Dividing Fractions by Using the Invert and Multiply Strategy,lesson,FALSE,6 M2 Topic C: Dividing Fractions Fluently,Connecticut grade 6 Alignment Guide.docx
ccss,6,standard,6.NS.A.1,"Interpret and compute quotients of fractions, and solve word problems involving division of fractions by fractions, e.g., by using visual fraction models and equations to represent the problem.",G6-M2-L11,Applications of Fraction Division,lesson,FALSE,6 M2 Topic C: Dividing Fractions Fluently,Connecticut grade 6 Alignment Guide.docx
ccss,6,standard,6.NS.A.1,"Interpret and compute quotients of fractions, and solve word problems involving division of fractions by fractions, e.g., by using visual fraction models and equations to represent the problem.",G6-M2-L12,Fraction Operations in a Real-World Situation,lesson,FALSE,6 M2 Topic C: Dividing Fractions Fluently,Connecticut grade 6 Alignment Guide.docx
ccss,6,standard,6.NS.B.3,"Fluently add, subtract, multiply, and divide multi-digit decimals using the standard algorithm for each operation.",G6-M2-L21,Dividing a Decimal by a Whole Number,lesson,FALSE,6 M2 Topic F: Decimal Division,Connecticut grade 6 Alignment Guide.docx
ccss,6,standard,6.NS.B.3,"Fluently add, subtract, multiply, and divide multi-digit decimals using the standard algorithm for each operation.",G6-M2-L22,Dividing a Decimal by a Decimal Greater Than 1,lesson,FALSE,6 M2 Topic F: Decimal Division,Connecticut grade 6 Alignment Guide.docx
ccss,6,standard,6.NS.B.3,"Fluently add, subtract, multiply, and divide multi-digit decimals using the standard algorithm for each operation.",G6-M2-L23,Dividing a Decimal by a Decimal Less Than 1,lesson,FALSE,6 M2 Topic F: Decimal Division,Connecticut grade 6 Alignment Guide.docx
ccss,6,standard,6.NS.B.3,"Fluently add, subtract, multiply, and divide multi-digit decimals using the standard algorithm for each operation.",G6-M2-L24,Living on Mars,lesson,FALSE,6 M2 Topic F: Decimal Division,Connecticut grade 6 Alignment Guide.docx
ccss,6,standard,6.NS.B.4,Find the greatest common factor of two whole numbers less than or equal to 100 and the least common multiple of two whole numbers less than or equal to 12. Use the distributive property to express a sum of two whole numbers 1–100 with a common factor as a multiple of a sum of two whole numbers with no common factor.,G6-M2-L1,Factors and Multiples,lesson,FALSE,"6 M2 Topic A: Factors, Multiples, and Divisibility",Connecticut grade 6 Alignment Guide.docx
ccss,6,standard,6.NS.B.4,Find the greatest common factor of two whole numbers less than or equal to 100 and the least common multiple of two whole numbers less than or equal to 12. Use the distributive property to express a sum of two whole numbers 1–100 with a common factor as a multiple of a sum of two whole numbers with no common factor.,G6-M2-L2,Divisibility,lesson,FALSE,"6 M2 Topic A: Factors, Multiples, and Divisibility",Connecticut grade 6 Alignment Guide.docx
ccss,6,standard,6.NS.B.4,Find the greatest common factor of two whole numbers less than or equal to 100 and the least common multiple of two whole numbers less than or equal to 12. Use the distributive property to express a sum of two whole numbers 1–100 with a common factor as a multiple of a sum of two whole numbers with no common factor.,G6-M2-L3,The Greatest Common Factor,lesson,FALSE,"6 M2 Topic A: Factors, Multiples, and Divisibility",Connecticut grade 6 Alignment Guide.docx
ccss,6,standard,6.NS.B.4,Find the greatest common factor of two whole numbers less than or equal to 100 and the least common multiple of two whole numbers less than or equal to 12. Use the distributive property to express a sum of two whole numbers 1–100 with a common factor as a multiple of a sum of two whole numbers with no common factor.,G6-M2-L4,The Least Common Multiple,lesson,FALSE,"6 M2 Topic A: Factors, Multiples, and Divisibility",Connecticut grade 6 Alignment Guide.docx
ccss,6,standard,6.NS.B.4,Find the greatest common factor of two whole numbers less than or equal to 100 and the least common multiple of two whole numbers less than or equal to 12. Use the distributive property to express a sum of two whole numbers 1–100 with a common factor as a multiple of a sum of two whole numbers with no common factor.,G6-M2-L5,The Euclidean Algorithm (Optional),lesson,FALSE,"6 M2 Topic A: Factors, Multiples, and Divisibility",Connecticut grade 6 Alignment Guide.docx
ccss,6,standard,6.NS.C.6.c,Find and position integers and other rational numbers on a horizontal or vertical number line diagram; find and position pairs of integers and other rational numbers on a coordinate plane.,G6-M3-L15,Distance in the Coordinate Plane,lesson,FALSE,6 M3 Topic D: Solving Problems in the Coordinate Plane,Connecticut grade 6 Alignment Guide.docx
ccss,6,standard,6.NS.C.6.c,Find and position integers and other rational numbers on a horizontal or vertical number line diagram; find and position pairs of integers and other rational numbers on a coordinate plane.,G6-M3-L16,Figures in the Coordinate Plane,lesson,FALSE,6 M3 Topic D: Solving Problems in the Coordinate Plane,Connecticut grade 6 Alignment Guide.docx
ccss,6,standard,6.NS.C.6.c,Find and position integers and other rational numbers on a horizontal or vertical number line diagram; find and position pairs of integers and other rational numbers on a coordinate plane.,G6-M3-L17,Problem Solving with the Coordinate Plane,lesson,FALSE,6 M3 Topic D: Solving Problems in the Coordinate Plane,Connecticut grade 6 Alignment Guide.docx
ccss,6,standard,6.NS.C.8,Solve real-world and mathematical problems by graphing points in all four quadrants of the coordinate plane. Include use of coordinates and absolute value to find distances between points with the same first coordinate or the same second coordinate.,G6-M3-L15,Distance in the Coordinate Plane,lesson,FALSE,6 M3 Topic D: Solving Problems in the Coordinate Plane,Connecticut grade 6 Alignment Guide.docx
ccss,6,standard,6.NS.C.8,Solve real-world and mathematical problems by graphing points in all four quadrants of the coordinate plane. Include use of coordinates and absolute value to find distances between points with the same first coordinate or the same second coordinate.,G6-M3-L16,Figures in the Coordinate Plane,lesson,FALSE,6 M3 Topic D: Solving Problems in the Coordinate Plane,Connecticut grade 6 Alignment Guide.docx
ccss,6,standard,6.NS.C.8,Solve real-world and mathematical problems by graphing points in all four quadrants of the coordinate plane. Include use of coordinates and absolute value to find distances between points with the same first coordinate or the same second coordinate.,G6-M3-L17,Problem Solving with the Coordinate Plane,lesson,FALSE,6 M3 Topic D: Solving Problems in the Coordinate Plane,Connecticut grade 6 Alignment Guide.docx
ccss,6,standard,6.RP.A.3.a,"Make tables of equivalent ratios relating quantities with whole-number measurements, find missing values in the tables, and plot the pairs of values on the coordinate plane. Use tables to compare ratios.",G6-M1-L7,Graphs of Ratio Relationships,lesson,FALSE,6 M1 Topic B: Collections of Equivalent Ratios,Connecticut grade 6 Alignment Guide.docx
ccss,6,standard,6.RP.A.3.a,"Make tables of equivalent ratios relating quantities with whole-number measurements, find missing values in the tables, and plot the pairs of values on the coordinate plane. Use tables to compare ratios.",G6-M1-L8,Addition Patterns in Ratio Relationships,lesson,FALSE,6 M1 Topic B: Collections of Equivalent Ratios,Connecticut grade 6 Alignment Guide.docx
ccss,6,standard,6.RP.A.3.a,"Make tables of equivalent ratios relating quantities with whole-number measurements, find missing values in the tables, and plot the pairs of values on the coordinate plane. Use tables to compare ratios.",G6-M1-L9,Multiplication Patterns in Ratio Relationships,lesson,FALSE,6 M1 Topic B: Collections of Equivalent Ratios,Connecticut grade 6 Alignment Guide.docx
ccss,6,standard,6.RP.A.3.a,"Make tables of equivalent ratios relating quantities with whole-number measurements, find missing values in the tables, and plot the pairs of values on the coordinate plane. Use tables to compare ratios.",G6-M1-L10,Multiplicative Reasoning in Ratio Relationships,lesson,FALSE,6 M1 Topic B: Collections of Equivalent Ratios,Connecticut grade 6 Alignment Guide.docx
ccss,6,standard,6.RP.A.3.a,"Make tables of equivalent ratios relating quantities with whole-number measurements, find missing values in the tables, and plot the pairs of values on the coordinate plane. Use tables to compare ratios.",G6-M1-L11,Applications of Ratio Reasoning,lesson,FALSE,6 M1 Topic B: Collections of Equivalent Ratios,Connecticut grade 6 Alignment Guide.docx
ccss,6,standard,6.RP.A.3.a,"Make tables of equivalent ratios relating quantities with whole-number measurements, find missing values in the tables, and plot the pairs of values on the coordinate plane. Use tables to compare ratios.",G6-M1-L12,Multiple Ratio Relationships,lesson,FALSE,6 M1 Topic C: Comparing Ratio Relationships,Connecticut grade 6 Alignment Guide.docx
ccss,6,standard,6.RP.A.3.a,"Make tables of equivalent ratios relating quantities with whole-number measurements, find missing values in the tables, and plot the pairs of values on the coordinate plane. Use tables to compare ratios.",G6-M1-L13,"Comparing Ratio Relationships, Part 1",lesson,FALSE,6 M1 Topic C: Comparing Ratio Relationships,Connecticut grade 6 Alignment Guide.docx
ccss,6,standard,6.RP.A.3.a,"Make tables of equivalent ratios relating quantities with whole-number measurements, find missing values in the tables, and plot the pairs of values on the coordinate plane. Use tables to compare ratios.",G6-M1-L14,"Comparing Ratio Relationships, Part 2",lesson,FALSE,6 M1 Topic C: Comparing Ratio Relationships,Connecticut grade 6 Alignment Guide.docx
ccss,6,standard,6.RP.A.3.a,"Make tables of equivalent ratios relating quantities with whole-number measurements, find missing values in the tables, and plot the pairs of values on the coordinate plane. Use tables to compare ratios.",G6-M1-L15,The Value of the Ratio,lesson,FALSE,6 M1 Topic C: Comparing Ratio Relationships,Connecticut grade 6 Alignment Guide.docx
ccss,6,standard,6.RP.A.3.b,Solve unit rate problems including those involving unit pricing and constant speed.,G6-M1-L16,Speed,lesson,FALSE,6 M1 Topic D: Rates,Connecticut grade 6 Alignment Guide.docx
ccss,6,standard,6.RP.A.3.b,Solve unit rate problems including those involving unit pricing and constant speed.,G6-M1-L17,Rates,lesson,FALSE,6 M1 Topic D: Rates,Connecticut grade 6 Alignment Guide.docx
ccss,6,standard,6.RP.A.3.b,Solve unit rate problems including those involving unit pricing and constant speed.,G6-M1-L18,Comparing Rates,lesson,FALSE,6 M1 Topic D: Rates,Connecticut grade 6 Alignment Guide.docx
ccss,6,standard,6.RP.A.3.b,Solve unit rate problems including those involving unit pricing and constant speed.,G6-M1-L19,Using Rates to Convert Units,lesson,FALSE,6 M1 Topic D: Rates,Connecticut grade 6 Alignment Guide.docx
ccss,6,standard,6.RP.A.3.b,Solve unit rate problems including those involving unit pricing and constant speed.,G6-M1-L20,Solving Rate Problems,lesson,FALSE,6 M1 Topic D: Rates,Connecticut grade 6 Alignment Guide.docx
ccss,6,standard,6.RP.A.3.b,Solve unit rate problems including those involving unit pricing and constant speed.,G6-M1-L21,Solving Multi-Step Rate Problems,lesson,FALSE,6 M1 Topic D: Rates,Connecticut grade 6 Alignment Guide.docx
ccss,6,standard,6.RP.A.3.c,"Find a percent of a quantity as a rate per 100 (e.g., 30% of a quantity means 30/100 times the quantity); solve problems involving finding the whole, given a part and the percent.",G6-M1-L22,Introduction to Percents,lesson,FALSE,6 M1 Topic E: Percents,Connecticut grade 6 Alignment Guide.docx
ccss,6,standard,6.RP.A.3.c,"Find a percent of a quantity as a rate per 100 (e.g., 30% of a quantity means 30/100 times the quantity); solve problems involving finding the whole, given a part and the percent.",G6-M1-L23,Finding the Percent,lesson,FALSE,6 M1 Topic E: Percents,Connecticut grade 6 Alignment Guide.docx
ccss,6,standard,6.RP.A.3.c,"Find a percent of a quantity as a rate per 100 (e.g., 30% of a quantity means 30/100 times the quantity); solve problems involving finding the whole, given a part and the percent.",G6-M1-L24,Finding a Part,lesson,FALSE,6 M1 Topic E: Percents,Connecticut grade 6 Alignment Guide.docx
ccss,6,standard,6.RP.A.3.c,"Find a percent of a quantity as a rate per 100 (e.g., 30% of a quantity means 30/100 times the quantity); solve problems involving finding the whole, given a part and the percent.",G6-M1-L25,Finding the Whole,lesson,FALSE,6 M1 Topic E: Percents,Connecticut grade 6 Alignment Guide.docx
ccss,6,standard,6.RP.A.3.c,"Find a percent of a quantity as a rate per 100 (e.g., 30% of a quantity means 30/100 times the quantity); solve problems involving finding the whole, given a part and the percent.",G6-M1-L26,Solving Percent Problems,lesson,FALSE,6 M1 Topic E: Percents,Connecticut grade 6 Alignment Guide.docx
ccss,6,standard,6.SP.A.3,"Recognize that a measure of center for a numerical data set summarizes all of its values with a single number, while a measure of variation describes how its values vary with a single number.",G6-M6-L7,Using the Mean to Describe the Center,lesson,FALSE,6 M6 Topic B: Mean and Mean Absolute Deviation,Connecticut grade 6 Alignment Guide.docx
ccss,6,standard,6.SP.A.3,"Recognize that a measure of center for a numerical data set summarizes all of its values with a single number, while a measure of variation describes how its values vary with a single number.",G6-M6-L8,The Mean as a Balance Point,lesson,FALSE,6 M6 Topic B: Mean and Mean Absolute Deviation,Connecticut grade 6 Alignment Guide.docx
ccss,6,standard,6.SP.A.3,"Recognize that a measure of center for a numerical data set summarizes all of its values with a single number, while a measure of variation describes how its values vary with a single number.",G6-M6-L9,Variability in a Data Distribution,lesson,FALSE,6 M6 Topic B: Mean and Mean Absolute Deviation,Connecticut grade 6 Alignment Guide.docx
ccss,6,standard,6.SP.A.3,"Recognize that a measure of center for a numerical data set summarizes all of its values with a single number, while a measure of variation describes how its values vary with a single number.",G6-M6-L10,The Mean Absolute Deviation,lesson,FALSE,6 M6 Topic B: Mean and Mean Absolute Deviation,Connecticut grade 6 Alignment Guide.docx
ccss,6,standard,6.SP.A.3,"Recognize that a measure of center for a numerical data set summarizes all of its values with a single number, while a measure of variation describes how its values vary with a single number.",G6-M6-L11,Using the Mean and Mean Absolute Deviation,lesson,FALSE,6 M6 Topic B: Mean and Mean Absolute Deviation,Connecticut grade 6 Alignment Guide.docx
ccss,7,standard,7.EE.B.4.b,"Solve word problems leading to inequalities of the form 𝑝𝑥 + 𝑞 > 𝑟 or 𝑝𝑥 + 𝑞 < 𝑟, where 𝑝, 𝑞, and 𝑟 are specific rational numbers. Graph the solution set of the inequality and interpret it in the context of the problem.",G7-M3-L18,Understanding Inequalities and Their Solutions,lesson,FALSE,7 M3 Topic D: Inequalities,Connecticut grade 7 Alignment Guide.docx
ccss,7,standard,7.EE.B.4.b,"Solve word problems leading to inequalities of the form 𝑝𝑥 + 𝑞 > 𝑟 or 𝑝𝑥 + 𝑞 < 𝑟, where 𝑝, 𝑞, and 𝑟 are specific rational numbers. Graph the solution set of the inequality and interpret it in the context of the problem.",G7-M3-L19,Using Equations to Solve Inequalities,lesson,FALSE,7 M3 Topic D: Inequalities,Connecticut grade 7 Alignment Guide.docx
ccss,7,standard,7.EE.B.4.b,"Solve word problems leading to inequalities of the form 𝑝𝑥 + 𝑞 > 𝑟 or 𝑝𝑥 + 𝑞 < 𝑟, where 𝑝, 𝑞, and 𝑟 are specific rational numbers. Graph the solution set of the inequality and interpret it in the context of the problem.",G7-M3-L20,Preserving and Reversing,lesson,FALSE,7 M3 Topic D: Inequalities,Connecticut grade 7 Alignment Guide.docx
ccss,7,standard,7.EE.B.4.b,"Solve word problems leading to inequalities of the form 𝑝𝑥 + 𝑞 > 𝑟 or 𝑝𝑥 + 𝑞 < 𝑟, where 𝑝, 𝑞, and 𝑟 are specific rational numbers. Graph the solution set of the inequality and interpret it in the context of the problem.",G7-M3-L21,Solving Two-Step Inequalities,lesson,FALSE,7 M3 Topic D: Inequalities,Connecticut grade 7 Alignment Guide.docx
ccss,7,standard,7.EE.B.4.b,"Solve word problems leading to inequalities of the form 𝑝𝑥 + 𝑞 > 𝑟 or 𝑝𝑥 + 𝑞 < 𝑟, where 𝑝, 𝑞, and 𝑟 are specific rational numbers. Graph the solution set of the inequality and interpret it in the context of the problem.",G7-M3-L22,Solving Problems Involving Inequalities,lesson,FALSE,7 M3 Topic D: Inequalities,Connecticut grade 7 Alignment Guide.docx
ccss,7,standard,7.EE.B.4.b,"Solve word problems leading to inequalities of the form 𝑝𝑥 + 𝑞 > 𝑟 or 𝑝𝑥 + 𝑞 < 𝑟, where 𝑝, 𝑞, and 𝑟 are specific rational numbers. Graph the solution set of the inequality and interpret it in the context of the problem.",G7-M3-L23,Inequalities vs. Equations,lesson,FALSE,7 M3 Topic D: Inequalities,Connecticut grade 7 Alignment Guide.docx
ccss,7,standard,7.G.A.2,"Draw (freehand, with ruler and protractor, and with technology) geometric shapes with given conditions. Focus on constructing triangles from three measures of angles or sides, noticing when the conditions determine a unique triangle, more than one triangle, or no triangle.",G7-M4-L1,"Sketching, Drawing, and Constructing Geometric Figures",lesson,FALSE,7 M4 Topic A: Constructing Geometric Figures,Connecticut grade 7 Alignment Guide.docx
ccss,7,standard,7.G.A.2,"Draw (freehand, with ruler and protractor, and with technology) geometric shapes with given conditions. Focus on constructing triangles from three measures of angles or sides, noticing when the conditions determine a unique triangle, more than one triangle, or no triangle.",G7-M4-L2,Constructing Parallelograms and Other Quadrilaterals,lesson,FALSE,7 M4 Topic A: Constructing Geometric Figures,Connecticut grade 7 Alignment Guide.docx
ccss,7,standard,7.G.A.2,"Draw (freehand, with ruler and protractor, and with technology) geometric shapes with given conditions. Focus on constructing triangles from three measures of angles or sides, noticing when the conditions determine a unique triangle, more than one triangle, or no triangle.",G7-M4-L3,Side Lengths of a Triangle,lesson,FALSE,7 M4 Topic A: Constructing Geometric Figures,Connecticut grade 7 Alignment Guide.docx
ccss,7,standard,7.G.A.2,"Draw (freehand, with ruler and protractor, and with technology) geometric shapes with given conditions. Focus on constructing triangles from three measures of angles or sides, noticing when the conditions determine a unique triangle, more than one triangle, or no triangle.",G7-M4-L4,Angles of a Triangle,lesson,FALSE,7 M4 Topic A: Constructing Geometric Figures,Connecticut grade 7 Alignment Guide.docx
ccss,7,standard,7.G.A.2,"Draw (freehand, with ruler and protractor, and with technology) geometric shapes with given conditions. Focus on constructing triangles from three measures of angles or sides, noticing when the conditions determine a unique triangle, more than one triangle, or no triangle.",G7-M4-L5,Constructing Quadrilaterals and Triangles,lesson,FALSE,7 M4 Topic A: Constructing Geometric Figures,Connecticut grade 7 Alignment Guide.docx
ccss,7,standard,7.G.A.2,"Draw (freehand, with ruler and protractor, and with technology) geometric shapes with given conditions. Focus on constructing triangles from three measures of angles or sides, noticing when the conditions determine a unique triangle, more than one triangle, or no triangle.",G7-M4-L6,Unique Triangles,lesson,FALSE,7 M4 Topic B: Constructing Triangles,Connecticut grade 7 Alignment Guide.docx
ccss,7,standard,7.G.A.2,"Draw (freehand, with ruler and protractor, and with technology) geometric shapes with given conditions. Focus on constructing triangles from three measures of angles or sides, noticing when the conditions determine a unique triangle, more than one triangle, or no triangle.",G7-M4-L7,Two Angles and One Side,lesson,FALSE,7 M4 Topic B: Constructing Triangles,Connecticut grade 7 Alignment Guide.docx
ccss,7,standard,7.G.A.2,"Draw (freehand, with ruler and protractor, and with technology) geometric shapes with given conditions. Focus on constructing triangles from three measures of angles or sides, noticing when the conditions determine a unique triangle, more than one triangle, or no triangle.",G7-M4-L8,Two Sides and One Angle,lesson,FALSE,7 M4 Topic B: Constructing Triangles,Connecticut grade 7 Alignment Guide.docx
ccss,7,standard,7.NS.A.2.a,"Understand that multiplication is extended from fractions to rational numbers by requiring that operations continue to satisfy the properties of operations, particularly the distributive property, leading to products such as (–1)(–1) = 1 and the rules for multiplying signed numbers. Interpret products of rational numbers by describing real-world contexts.",G7-M2-L13,Understanding Multiples of Negative Numbers,lesson,FALSE,7 M2 Topic C: Multiplying Rational Numbers,Connecticut grade 7 Alignment Guide.docx
ccss,7,standard,7.NS.A.2.a,"Understand that multiplication is extended from fractions to rational numbers by requiring that operations continue to satisfy the properties of operations, particularly the distributive property, leading to products such as (–1)(–1) = 1 and the rules for multiplying signed numbers. Interpret products of rational numbers by describing real-world contexts.",G7-M2-L14,Understanding the Product of Two Negative Numbers,lesson,FALSE,7 M2 Topic C: Multiplying Rational Numbers,Connecticut grade 7 Alignment Guide.docx
ccss,7,standard,7.NS.A.2.a,"Understand that multiplication is extended from fractions to rational numbers by requiring that operations continue to satisfy the properties of operations, particularly the distributive property, leading to products such as (–1)(–1) = 1 and the rules for multiplying signed numbers. Interpret products of rational numbers by describing real-world contexts.",G7-M2-L15,Multiplying Rational Numbers,lesson,FALSE,7 M2 Topic C: Multiplying Rational Numbers,Connecticut grade 7 Alignment Guide.docx
ccss,7,standard,7.NS.A.2.a,"Understand that multiplication is extended from fractions to rational numbers by requiring that operations continue to satisfy the properties of operations, particularly the distributive property, leading to products such as (–1)(–1) = 1 and the rules for multiplying signed numbers. Interpret products of rational numbers by describing real-world contexts.",G7-M2-L16,Exponential Expressions with Rational Numbers,lesson,FALSE,7 M2 Topic C: Multiplying Rational Numbers,Connecticut grade 7 Alignment Guide.docx
ccss,7,standard,7.NS.A.2.c,Apply properties of operations as strategies to multiply and divide rational numbers.,G7-M2-L13,Understanding Multiples of Negative Numbers,lesson,FALSE,7 M2 Topic C: Multiplying Rational Numbers,Connecticut grade 7 Alignment Guide.docx
ccss,7,standard,7.NS.A.2.c,Apply properties of operations as strategies to multiply and divide rational numbers.,G7-M2-L14,Understanding the Product of Two Negative Numbers,lesson,FALSE,7 M2 Topic C: Multiplying Rational Numbers,Connecticut grade 7 Alignment Guide.docx
ccss,7,standard,7.NS.A.2.c,Apply properties of operations as strategies to multiply and divide rational numbers.,G7-M2-L15,Multiplying Rational Numbers,lesson,FALSE,7 M2 Topic C: Multiplying Rational Numbers,Connecticut grade 7 Alignment Guide.docx
ccss,7,standard,7.NS.A.2.c,Apply properties of operations as strategies to multiply and divide rational numbers.,G7-M2-L16,Exponential Expressions with Rational Numbers,lesson,FALSE,7 M2 Topic C: Multiplying Rational Numbers,Connecticut grade 7 Alignment Guide.docx
ccss,7,standard,7.RP.A.2.a,"Decide whether two quantities are in a proportional relationship, e.g., by testing for equivalent ratios in a table or graphing on a coordinate plane and observing whether the graph is a straight line through the origin.",G7-M1-L1,An Experiment with Ratios and Rates,lesson,FALSE,7 M1 Topic A: Understanding Proportional Relationships,Connecticut grade 7 Alignment Guide.docx
ccss,7,standard,7.RP.A.2.a,"Decide whether two quantities are in a proportional relationship, e.g., by testing for equivalent ratios in a table or graphing on a coordinate plane and observing whether the graph is a straight line through the origin.",G7-M1-L2,Exploring Tables of Proportional Relationships,lesson,FALSE,7 M1 Topic A: Understanding Proportional Relationships,Connecticut grade 7 Alignment Guide.docx
ccss,7,standard,7.RP.A.2.a,"Decide whether two quantities are in a proportional relationship, e.g., by testing for equivalent ratios in a table or graphing on a coordinate plane and observing whether the graph is a straight line through the origin.",G7-M1-L3,Identifying Proportional Relationships in Tables,lesson,FALSE,7 M1 Topic A: Understanding Proportional Relationships,Connecticut grade 7 Alignment Guide.docx
ccss,7,standard,7.RP.A.2.a,"Decide whether two quantities are in a proportional relationship, e.g., by testing for equivalent ratios in a table or graphing on a coordinate plane and observing whether the graph is a straight line through the origin.",G7-M1-L4,Exploring Graphs of Proportional Relationships,lesson,FALSE,7 M1 Topic A: Understanding Proportional Relationships,Connecticut grade 7 Alignment Guide.docx
ccss,7,standard,7.RP.A.2.a,"Decide whether two quantities are in a proportional relationship, e.g., by testing for equivalent ratios in a table or graphing on a coordinate plane and observing whether the graph is a straight line through the origin.",G7-M1-L5,Analyzing Graphs of Proportional Relationships,lesson,FALSE,7 M1 Topic A: Understanding Proportional Relationships,Connecticut grade 7 Alignment Guide.docx
ccss,7,standard,7.RP.A.3,Use proportional relationships to solve multistep ratio and percent problems.,G7-M5-L6,Finding Commission,lesson,FALSE,7 M5 Topic B: Part of 100,Connecticut grade 7 Alignment Guide.docx
ccss,7,standard,7.RP.A.3,Use proportional relationships to solve multistep ratio and percent problems.,G7-M5-L7,Finding Discounts,lesson,FALSE,7 M5 Topic B: Part of 100,Connecticut grade 7 Alignment Guide.docx
ccss,7,standard,7.RP.A.3,Use proportional relationships to solve multistep ratio and percent problems.,G7-M5-L8,Determining Fees,lesson,FALSE,7 M5 Topic B: Part of 100,Connecticut grade 7 Alignment Guide.docx
ccss,7,standard,7.RP.A.3,Use proportional relationships to solve multistep ratio and percent problems.,G7-M5-L9,Tax as a Fee,lesson,FALSE,7 M5 Topic B: Part of 100,Connecticut grade 7 Alignment Guide.docx
ccss,7,standard,7.RP.A.3,Use proportional relationships to solve multistep ratio and percent problems.,G7-M5-L15,Tips and Taxes,lesson,FALSE,7 M5 Topic D: Applications of Percent,Connecticut grade 7 Alignment Guide.docx
ccss,7,standard,7.RP.A.3,Use proportional relationships to solve multistep ratio and percent problems.,G7-M5-L16,Markups and Discounts,lesson,FALSE,7 M5 Topic D: Applications of Percent,Connecticut grade 7 Alignment Guide.docx
ccss,7,standard,7.RP.A.3,Use proportional relationships to solve multistep ratio and percent problems.,G7-M5-L17,Simple Interest and Proportionality,lesson,FALSE,7 M5 Topic D: Applications of Percent,Connecticut grade 7 Alignment Guide.docx
ccss,7,standard,7.RP.A.3,Use proportional relationships to solve multistep ratio and percent problems.,G7-M5-L18,Simple Interest—Solving for Unknown Values,lesson,FALSE,7 M5 Topic D: Applications of Percent,Connecticut grade 7 Alignment Guide.docx
ccss,7,standard,7.RP.A.3,Use proportional relationships to solve multistep ratio and percent problems.,G7-M5-L19,Applying Percent Error,lesson,FALSE,7 M5 Topic D: Applications of Percent,Connecticut grade 7 Alignment Guide.docx
ccss,7,standard,7.SP.B.3,"Informally assess the degree of visual overlap of two numerical data distributions with similar variabilities, measuring the difference between the centers by expressing it as a multiple of a measure of variability.",G7-M6-L17,Comparing Sample Means,lesson,FALSE,7 M6 Topic D: Comparing Populations,Connecticut grade 7 Alignment Guide.docx
ccss,7,standard,7.SP.B.3,"Informally assess the degree of visual overlap of two numerical data distributions with similar variabilities, measuring the difference between the centers by expressing it as a multiple of a measure of variability.",G7-M6-L18,Comparing Population Means,lesson,FALSE,7 M6 Topic D: Comparing Populations,Connecticut grade 7 Alignment Guide.docx
ccss,7,standard,7.SP.B.3,"Informally assess the degree of visual overlap of two numerical data distributions with similar variabilities, measuring the difference between the centers by expressing it as a multiple of a measure of variability.",G7-M6-L19,Memory Games,lesson,FALSE,7 M6 Topic D: Comparing Populations,Connecticut grade 7 Alignment Guide.docx
ccss,7,standard,7.SP.B.4,Use measures of center and measures of variability for numerical data from random samples to draw informal comparative inferences about two populations.,G7-M6-L17,Comparing Sample Means,lesson,FALSE,7 M6 Topic D: Comparing Populations,Connecticut grade 7 Alignment Guide.docx
ccss,7,standard,7.SP.B.4,Use measures of center and measures of variability for numerical data from random samples to draw informal comparative inferences about two populations.,G7-M6-L18,Comparing Population Means,lesson,FALSE,7 M6 Topic D: Comparing Populations,Connecticut grade 7 Alignment Guide.docx
ccss,7,standard,7.SP.B.4,Use measures of center and measures of variability for numerical data from random samples to draw informal comparative inferences about two populations.,G7-M6-L19,Memory Games,lesson,FALSE,7 M6 Topic D: Comparing Populations,Connecticut grade 7 Alignment Guide.docx
ccss,8,standard,8.EE.A.1,Know and apply the properties of integer exponents to generate equivalent numerical expressions.,G8-M1-L5,Products of Exponential Expressions with Whole-Number Exponents,lesson,FALSE,8 M1 Topic B: Properties and Definitions of Exponents,Connecticut grade 8 Alignment Guide.docx
ccss,8,standard,8.EE.A.1,Know and apply the properties of integer exponents to generate equivalent numerical expressions.,G8-M1-L6,More Properties of Exponents,lesson,FALSE,8 M1 Topic B: Properties and Definitions of Exponents,Connecticut grade 8 Alignment Guide.docx
ccss,8,standard,8.EE.A.1,Know and apply the properties of integer exponents to generate equivalent numerical expressions.,G8-M1-L7,Making Sense of the Exponent of 0,lesson,FALSE,8 M1 Topic B: Properties and Definitions of Exponents,Connecticut grade 8 Alignment Guide.docx
ccss,8,standard,8.EE.A.1,Know and apply the properties of integer exponents to generate equivalent numerical expressions.,G8-M1-L8,Making Sense of Integer Exponents,lesson,FALSE,8 M1 Topic B: Properties and Definitions of Exponents,Connecticut grade 8 Alignment Guide.docx
ccss,8,standard,8.EE.A.1,Know and apply the properties of integer exponents to generate equivalent numerical expressions.,G8-M1-L9,Writing Equivalent Expressions,lesson,FALSE,8 M1 Topic B: Properties and Definitions of Exponents,Connecticut grade 8 Alignment Guide.docx
ccss,8,standard,8.EE.A.1,Know and apply the properties of integer exponents to generate equivalent numerical expressions.,G8-M1-L10,Evaluating Numerical Expressions by Using Properties of Exponents (Optional),lesson,FALSE,8 M1 Topic B: Properties and Definitions of Exponents,Connecticut grade 8 Alignment Guide.docx
ccss,8,standard,8.EE.C.8.a,"Understand that solutions to a system of two linear equations in two variables correspond to points of intersection of their graphs, because points of intersection satisfy both equations simultaneously.",G8-M5-L1,Solving Problems with Equations and Their Graphs,lesson,FALSE,8 M5 Topic A: Solving Systems of Linear Equations Graphically,Connecticut grade 8 Alignment Guide.docx
ccss,8,standard,8.EE.C.8.a,"Understand that solutions to a system of two linear equations in two variables correspond to points of intersection of their graphs, because points of intersection satisfy both equations simultaneously.",G8-M5-L2,Introduction to Systems of Linear Equations,lesson,FALSE,8 M5 Topic A: Solving Systems of Linear Equations Graphically,Connecticut grade 8 Alignment Guide.docx
ccss,8,standard,8.EE.C.8.a,"Understand that solutions to a system of two linear equations in two variables correspond to points of intersection of their graphs, because points of intersection satisfy both equations simultaneously.",G8-M5-L3,Identifying Solutions,lesson,FALSE,8 M5 Topic A: Solving Systems of Linear Equations Graphically,Connecticut grade 8 Alignment Guide.docx
ccss,8,standard,8.EE.C.8.a,"Understand that solutions to a system of two linear equations in two variables correspond to points of intersection of their graphs, because points of intersection satisfy both equations simultaneously.",G8-M5-L4,More Than One Solution,lesson,FALSE,8 M5 Topic A: Solving Systems of Linear Equations Graphically,Connecticut grade 8 Alignment Guide.docx
ccss,8,standard,8.EE.C.8.a,"Understand that solutions to a system of two linear equations in two variables correspond to points of intersection of their graphs, because points of intersection satisfy both equations simultaneously.",G8-M5-L5,Estimating Solutions,lesson,FALSE,8 M5 Topic A: Solving Systems of Linear Equations Graphically,Connecticut grade 8 Alignment Guide.docx
ccss,8,standard,8.EE.C.8.b,"Solve systems of two linear equations in two variables algebraically, and estimate solutions by graphing the equations. Solve simple cases by inspection.",G8-M5-L6,Solving Systems of Linear Equations without Graphing,lesson,FALSE,8 M5 Topic B: Solving Systems of Equations Algebraically,Connecticut grade 8 Alignment Guide.docx
ccss,8,standard,8.EE.C.8.b,"Solve systems of two linear equations in two variables algebraically, and estimate solutions by graphing the equations. Solve simple cases by inspection.",G8-M5-L7,The Substitution Method,lesson,FALSE,8 M5 Topic B: Solving Systems of Equations Algebraically,Connecticut grade 8 Alignment Guide.docx
ccss,8,standard,8.EE.C.8.b,"Solve systems of two linear equations in two variables algebraically, and estimate solutions by graphing the equations. Solve simple cases by inspection.",G8-M5-L8,Using Tape Diagrams to Solve Systems of Equations (Optional),lesson,FALSE,8 M5 Topic B: Solving Systems of Equations Algebraically,Connecticut grade 8 Alignment Guide.docx
ccss,8,standard,8.EE.C.8.b,"Solve systems of two linear equations in two variables algebraically, and estimate solutions by graphing the equations. Solve simple cases by inspection.",G8-M5-L9,Rewriting Equations to Solve a System of Equations,lesson,FALSE,8 M5 Topic B: Solving Systems of Equations Algebraically,Connecticut grade 8 Alignment Guide.docx
ccss,8,standard,8.EE.C.8.b,"Solve systems of two linear equations in two variables algebraically, and estimate solutions by graphing the equations. Solve simple cases by inspection.",G8-M5-L10,Choosing a Solution Method,lesson,FALSE,8 M5 Topic B: Solving Systems of Equations Algebraically,Connecticut grade 8 Alignment Guide.docx
ccss,8,standard,8.EE.C.8.b,"Solve systems of two linear equations in two variables algebraically, and estimate solutions by graphing the equations. Solve simple cases by inspection.",G8-M5-L11,Writing and Solving Systems of Equations for Mathematical Problems,lesson,FALSE,8 M5 Topic C: Writing and Solving Systems of Linear Equations,Connecticut grade 8 Alignment Guide.docx
ccss,8,standard,8.EE.C.8.b,"Solve systems of two linear equations in two variables algebraically, and estimate solutions by graphing the equations. Solve simple cases by inspection.",G8-M5-L12,Solving Historical Problems with Systems of Equations,lesson,FALSE,8 M5 Topic C: Writing and Solving Systems of Linear Equations,Connecticut grade 8 Alignment Guide.docx
ccss,8,standard,8.EE.C.8.b,"Solve systems of two linear equations in two variables algebraically, and estimate solutions by graphing the equations. Solve simple cases by inspection.",G8-M5-L13,Writing and Solving Systems of Equations for Real-World Problems,lesson,FALSE,8 M5 Topic C: Writing and Solving Systems of Linear Equations,Connecticut grade 8 Alignment Guide.docx
ccss,8,standard,8.EE.C.8.b,"Solve systems of two linear equations in two variables algebraically, and estimate solutions by graphing the equations. Solve simple cases by inspection.",G8-M5-L14,Back to the Coordinate Plane,lesson,FALSE,8 M5 Topic C: Writing and Solving Systems of Linear Equations,Connecticut grade 8 Alignment Guide.docx
ccss,8,standard,8.EE.C.8.c,Solve real-world and mathematical problems leading to two linear equations in two variables.,G8-M5-L11,Writing and Solving Systems of Equations for Mathematical Problems,lesson,FALSE,8 M5 Topic C: Writing and Solving Systems of Linear Equations,Connecticut grade 8 Alignment Guide.docx
ccss,8,standard,8.EE.C.8.c,Solve real-world and mathematical problems leading to two linear equations in two variables.,G8-M5-L12,Solving Historical Problems with Systems of Equations,lesson,FALSE,8 M5 Topic C: Writing and Solving Systems of Linear Equations,Connecticut grade 8 Alignment Guide.docx
ccss,8,standard,8.EE.C.8.c,Solve real-world and mathematical problems leading to two linear equations in two variables.,G8-M5-L13,Writing and Solving Systems of Equations for Real-World Problems,lesson,FALSE,8 M5 Topic C: Writing and Solving Systems of Linear Equations,Connecticut grade 8 Alignment Guide.docx
ccss,8,standard,8.EE.C.8.c,Solve real-world and mathematical problems leading to two linear equations in two variables.,G8-M5-L14,Back to the Coordinate Plane,lesson,FALSE,8 M5 Topic C: Writing and Solving Systems of Linear Equations,Connecticut grade 8 Alignment Guide.docx
ccss,8,standard,8.G.A.2,"Understand that a two-dimensional figure is congruent to another if the second can be obtained from the first by a sequence of rotations, reflections, and translations; given two congruent figures, describe a sequence that exhibits the congruence between them.",G8-M2-L7,Working Backward,lesson,FALSE,8 M2 Topic B: Rigid Motions and Congruent Figures,Connecticut grade 8 Alignment Guide.docx
ccss,8,standard,8.G.A.2,"Understand that a two-dimensional figure is congruent to another if the second can be obtained from the first by a sequence of rotations, reflections, and translations; given two congruent figures, describe a sequence that exhibits the congruence between them.",G8-M2-L8,Sequencing the Rigid Motions,lesson,FALSE,8 M2 Topic B: Rigid Motions and Congruent Figures,Connecticut grade 8 Alignment Guide.docx
ccss,8,standard,8.G.A.2,"Understand that a two-dimensional figure is congruent to another if the second can be obtained from the first by a sequence of rotations, reflections, and translations; given two congruent figures, describe a sequence that exhibits the congruence between them.",G8-M2-L9,Ordering Sequences of Rigid Motions,lesson,FALSE,8 M2 Topic B: Rigid Motions and Congruent Figures,Connecticut grade 8 Alignment Guide.docx
ccss,8,standard,8.G.A.2,"Understand that a two-dimensional figure is congruent to another if the second can be obtained from the first by a sequence of rotations, reflections, and translations; given two congruent figures, describe a sequence that exhibits the congruence between them.",G8-M2-L10,Congruent Figures,lesson,FALSE,8 M2 Topic B: Rigid Motions and Congruent Figures,Connecticut grade 8 Alignment Guide.docx
ccss,8,standard,8.G.A.2,"Understand that a two-dimensional figure is congruent to another if the second can be obtained from the first by a sequence of rotations, reflections, and translations; given two congruent figures, describe a sequence that exhibits the congruence between them.",G8-M2-L11,Showing Figures Are Congruent,lesson,FALSE,8 M2 Topic B: Rigid Motions and Congruent Figures,Connecticut grade 8 Alignment Guide.docx
ccss,8,standard,8.G.A.3,"Describe the effect of dilations, translations, rotations, and reflections on two-dimensional figures using coordinates.",G8-M3-L1,Exploring Dilations,lesson,FALSE,8 M3 Topic A: Dilations,Connecticut grade 8 Alignment Guide.docx
ccss,8,standard,8.G.A.3,"Describe the effect of dilations, translations, rotations, and reflections on two-dimensional figures using coordinates.",G8-M3-L2,Enlargements,lesson,FALSE,8 M3 Topic A: Dilations,Connecticut grade 8 Alignment Guide.docx
ccss,8,standard,8.G.A.3,"Describe the effect of dilations, translations, rotations, and reflections on two-dimensional figures using coordinates.",G8-M3-L3,Reductions and More Enlargements,lesson,FALSE,8 M3 Topic A: Dilations,Connecticut grade 8 Alignment Guide.docx
ccss,8,standard,8.G.A.3,"Describe the effect of dilations, translations, rotations, and reflections on two-dimensional figures using coordinates.",G8-M3-L4,Using Lined Paper to Explore Dilations,lesson,FALSE,8 M3 Topic B: Properties of Dilations,Connecticut grade 8 Alignment Guide.docx
ccss,8,standard,8.G.A.3,"Describe the effect of dilations, translations, rotations, and reflections on two-dimensional figures using coordinates.",G8-M3-L5,Figures and Dilations,lesson,FALSE,8 M3 Topic B: Properties of Dilations,Connecticut grade 8 Alignment Guide.docx
ccss,8,standard,8.G.A.3,"Describe the effect of dilations, translations, rotations, and reflections on two-dimensional figures using coordinates.",G8-M3-L6,The Shadowy Hand,lesson,FALSE,8 M3 Topic B: Properties of Dilations,Connecticut grade 8 Alignment Guide.docx
ccss,8,standard,8.G.A.3,"Describe the effect of dilations, translations, rotations, and reflections on two-dimensional figures using coordinates.",G8-M3-L7,Dilations on a Grid,lesson,FALSE,8 M3 Topic B: Properties of Dilations,Connecticut grade 8 Alignment Guide.docx
ccss,8,standard,8.G.A.3,"Describe the effect of dilations, translations, rotations, and reflections on two-dimensional figures using coordinates.",G8-M3-L8,Dilations on the Coordinate Plane,lesson,FALSE,8 M3 Topic B: Properties of Dilations,Connecticut grade 8 Alignment Guide.docx
ccss,8,standard,8.G.A.5,"Use informal arguments to establish facts about the angle sum and exterior angle of triangles, about the angles created when parallel lines are cut by a transversal, and the angle-angle criterion for similarity of triangles.",G8-M2-L12,Lines Cut by a Transversal,lesson,FALSE,8 M2 Topic C: Angle Relationships,Connecticut grade 8 Alignment Guide.docx
ccss,8,standard,8.G.A.5,"Use informal arguments to establish facts about the angle sum and exterior angle of triangles, about the angles created when parallel lines are cut by a transversal, and the angle-angle criterion for similarity of triangles.",G8-M2-L13,Angle Sum of a Triangle,lesson,FALSE,8 M2 Topic C: Angle Relationships,Connecticut grade 8 Alignment Guide.docx
ccss,8,standard,8.G.A.5,"Use informal arguments to establish facts about the angle sum and exterior angle of triangles, about the angles created when parallel lines are cut by a transversal, and the angle-angle criterion for similarity of triangles.",G8-M2-L14,Showing Lines Are Parallel,lesson,FALSE,8 M2 Topic C: Angle Relationships,Connecticut grade 8 Alignment Guide.docx
ccss,8,standard,8.G.A.5,"Use informal arguments to establish facts about the angle sum and exterior angle of triangles, about the angles created when parallel lines are cut by a transversal, and the angle-angle criterion for similarity of triangles.",G8-M2-L15,Exterior Angles of Triangles,lesson,FALSE,8 M2 Topic C: Angle Relationships,Connecticut grade 8 Alignment Guide.docx
ccss,8,standard,8.G.A.5,"Use informal arguments to establish facts about the angle sum and exterior angle of triangles, about the angles created when parallel lines are cut by a transversal, and the angle-angle criterion for similarity of triangles.",G8-M2-L16,Find Unknown Angle Measures,lesson,FALSE,8 M2 Topic C: Angle Relationships,Connecticut grade 8 Alignment Guide.docx
ccss,8,standard,8.G.C.9,"Know the formulas for the volumes of cones, cylinders, and spheres and use them to solve real-world and mathematical problems.",G8-M6-L21,Volumes of Prisms and Pyramids,lesson,FALSE,8 M6 Topic E: Volume,Connecticut grade 8 Alignment Guide.docx
ccss,8,standard,8.G.C.9,"Know the formulas for the volumes of cones, cylinders, and spheres and use them to solve real-world and mathematical problems.",G8-M6-L22,Volume of Cylinders,lesson,FALSE,8 M6 Topic E: Volume,Connecticut grade 8 Alignment Guide.docx
ccss,8,standard,8.G.C.9,"Know the formulas for the volumes of cones, cylinders, and spheres and use them to solve real-world and mathematical problems.",G8-M6-L23,Volume of Cones,lesson,FALSE,8 M6 Topic E: Volume,Connecticut grade 8 Alignment Guide.docx
ccss,8,standard,8.G.C.9,"Know the formulas for the volumes of cones, cylinders, and spheres and use them to solve real-world and mathematical problems.",G8-M6-L24,Volume of Spheres,lesson,FALSE,8 M6 Topic E: Volume,Connecticut grade 8 Alignment Guide.docx
ccss,8,standard,8.G.C.9,"Know the formulas for the volumes of cones, cylinders, and spheres and use them to solve real-world and mathematical problems.",G8-M6-L25,Applications of Volume,lesson,FALSE,8 M6 Topic E: Volume,Connecticut grade 8 Alignment Guide.docx
ccss,8,standard,8.SP.A.4,Understand that patterns of association can also be seen in bivariate categorical data by displaying frequencies and relative frequencies in a two-way table. Construct and interpret a two-way table summarizing data on two categorical variables collected from the same subjects. Use relative frequencies calculated for rows or columns to describe possible association between the two variables.,G8-M6-L18,Bivariate Categorical Data,lesson,FALSE,8 M6 Topic D: Bivariate Categorical Data,Connecticut grade 8 Alignment Guide.docx
ccss,8,standard,8.SP.A.4,Understand that patterns of association can also be seen in bivariate categorical data by displaying frequencies and relative frequencies in a two-way table. Construct and interpret a two-way table summarizing data on two categorical variables collected from the same subjects. Use relative frequencies calculated for rows or columns to describe possible association between the two variables.,G8-M6-L19,Association in Bivariate Categorical Data,lesson,FALSE,8 M6 Topic D: Bivariate Categorical Data,Connecticut grade 8 Alignment Guide.docx
ccss,8,standard,8.SP.A.4,Understand that patterns of association can also be seen in bivariate categorical data by displaying frequencies and relative frequencies in a two-way table. Construct and interpret a two-way table summarizing data on two categorical variables collected from the same subjects. Use relative frequencies calculated for rows or columns to describe possible association between the two variables.,G8-M6-L20,Analyzing Bivariate Categorical Data,lesson,FALSE,8 M6 Topic D: Bivariate Categorical Data,Connecticut grade 8 Alignment Guide.docx
ccss,9,standard,A-SSE.A.2,Use the structure of an expression to identify ways to rewrite it.,,Factoring,topic,TRUE,A1 M4 Topic B: Factoring,Connecticut grade 9 Alignment Guide.docx
ccss,9,standard,F-BF.A.1.a,"Determine an explicit expression, a recursive process, or steps for calculation from a context.",,Arithmetic and Geometric Sequences,topic,TRUE,A1 M5 Topic A: Arithmetic and Geometric Sequences,Connecticut grade 9 Alignment Guide.docx
ccss,9,standard,F-BF.A.1.a,"Determine an explicit expression, a recursive process, or steps for calculation from a context.",,Developing Models for Contexts,topic,TRUE,A1 M6 Topic B: Developing Models for Contexts,Connecticut grade 9 Alignment Guide.docx
ccss,9,standard,F-BF.B.3,"Identify the effect on the graph of replacing 𝑓(𝑥) by 𝑓(𝑥) + 𝑘, 𝑘 𝑓(𝑥), 𝑓(𝑘𝑥), and 𝑓(𝑥 + 𝑘) for specific values of 𝑘 (both positive and negative); find the value of 𝑘 given the graphs. Experiment with cases and illustrate an explanation of the effects on the graph using technology.",,Transformations of Functions,topic,TRUE,A1 M3 Topic D: Transformations of Functions,Connecticut grade 9 Alignment Guide.docx
ccss,9,standard,F-IF.A.1,"Understand that a function from one set (called the domain) to another set (called the range) assigns to each element of the domain exactly one element of the range. If 𝑓 is a function and 𝑥 is an element of its domain, then 𝑓(𝑥) denotes the output of 𝑓 corresponding to the input 𝑥. The graph of 𝑓 is the graph of the equation 𝑦 = 𝑓(𝑥).",,Functions and Their Graphs,topic,TRUE,A1 M3 Topic A: Functions and Their Graphs,Connecticut grade 9 Alignment Guide.docx
ccss,9,standard,F-IF.C.7.b,"Graph square root, cube root, and piecewise-defined functions, including step functions and absolute value functions.",,Piecewise-Defined Linear Functions,topic,TRUE,A1 M3 Topic C: Piecewise-Defined Linear Functions,Connecticut grade 9 Alignment Guide.docx
ccss,9,standard,F-LE.A.1,Distinguish between situations that can be modeled with linear functions and with exponential functions.,,Modeling Bivariate Quantitative Data,topic,TRUE,A1 M6 Topic A: Modeling Bivariate Quantitative Data,Connecticut grade 9 Alignment Guide.docx
ccss,9,standard,F-LE.A.2,"Construct linear and exponential functions, including arithmetic and geometric sequences, given a graph, a description of a relationship, or two input-output pairs (include reading these from a table).",,Comparing Linear and Exponential Models,topic,TRUE,A1 M5 Topic D: Comparing Linear and Exponential Models,Connecticut grade 9 Alignment Guide.docx
ccss,9,standard,F-LE.A.2,"Construct linear and exponential functions, including arithmetic and geometric sequences, given a graph, a description of a relationship, or two input-output pairs (include reading these from a table).",,Developing Models for Contexts,topic,TRUE,A1 M6 Topic B: Developing Models for Contexts,Connecticut grade 9 Alignment Guide.docx
ccss,9,standard,S-ID.A.2,"Use statistics appropriate to the shape of the data distribution to compare center (median, mean) and spread (interquartile range, standard deviation) of two or more different data sets.",,Univariate Data,topic,TRUE,A1 M1 Topic D: Univariate Data,Connecticut grade 9 Alignment Guide.docx
ccss,9,standard,S-ID.A.3,"Interpret differences in shape, center, and spread in the context of the data sets, accounting for possible effects of extreme data points (outliers).",,Univariate Data,topic,TRUE,A1 M1 Topic D: Univariate Data,Connecticut grade 9 Alignment Guide.docx
ccss,9,standard,S-ID.B.5,"Summarize categorical data for two categories in two-way frequency tables. Interpret relative frequencies in the context of the data (including joint, marginal, and conditional relative frequencies). Recognize possible associations and trends in the data.",,Categorical Data on Two Variables,topic,TRUE,A1 M2 Topic D: Categorical Data on Two Variables,Connecticut grade 9 Alignment Guide.docx
ccss,9,standard,S-ID.B.6.a,Fit a function to the data; use functions fitted to data to solve problems in the context of the data.,,Modeling Bivariate Quantitative Data,topic,TRUE,A1 M6 Topic A: Modeling Bivariate Quantitative Data,Connecticut grade 9 Alignment Guide.docx
ccss,9,standard,S-ID.B.6.b,Informally assess the fit of a function by plotting and analyzing residuals.,,Modeling Bivariate Quantitative Data,topic,TRUE,A1 M6 Topic A: Modeling Bivariate Quantitative Data,Connecticut grade 9 Alignment Guide.docx
ccss,9,standard,S-ID.B.6.c,Fit a linear function for a scatter plot that suggests a linear association.,,Modeling Bivariate Quantitative Data,topic,TRUE,A1 M6 Topic A: Modeling Bivariate Quantitative Data,Connecticut grade 9 Alignment Guide.docx
ccss,K,standard,K.MD.A.2,"Directly compare two objects with a measurable attribute in common, to see which object has “more of”/“less of” the attribute, and describe the difference.",GK-M3-L1,Align endpoints to compare lengths by using taller than and shorter than.,lesson,FALSE,K M3 Topic A: Compare Heights and Lengths,Connecticut grade K Alignment Guide.docx
ccss,K,standard,K.MD.A.2,"Directly compare two objects with a measurable attribute in common, to see which object has “more of”/“less of” the attribute, and describe the difference.",GK-M3-L2,"Compare lengths of simple straight objects by using longer than, shorter than, and about the same length as.",lesson,FALSE,K M3 Topic A: Compare Heights and Lengths,Connecticut grade K Alignment Guide.docx
ccss,K,standard,K.MD.A.2,"Directly compare two objects with a measurable attribute in common, to see which object has “more of”/“less of” the attribute, and describe the difference.",GK-M3-L3,"Compare lengths of complex objects by using longer than, shorter than, and about the same length as.",lesson,FALSE,K M3 Topic A: Compare Heights and Lengths,Connecticut grade K Alignment Guide.docx
ccss,K,standard,K.MD.A.2,"Directly compare two objects with a measurable attribute in common, to see which object has “more of”/“less of” the attribute, and describe the difference.",GK-M3-L4,Compare the lengths of cube sticks to flat shapes.,lesson,FALSE,K M3 Topic A: Compare Heights and Lengths,Connecticut grade K Alignment Guide.docx
ccss,K,standard,K.MD.A.2,"Directly compare two objects with a measurable attribute in common, to see which object has “more of”/“less of” the attribute, and describe the difference.",GK-M3-L5,Compare the lengths of two cube sticks.,lesson,FALSE,K M3 Topic A: Compare Heights and Lengths,Connecticut grade K Alignment Guide.docx
ccss,K,standard,K.MD.A.2,"Directly compare two objects with a measurable attribute in common, to see which object has “more of”/“less of” the attribute, and describe the difference.",GK-M3-L6,Compose cube sticks that are the same length.,lesson,FALSE,K M3 Topic A: Compare Heights and Lengths,Connecticut grade K Alignment Guide.docx
ccss,K,standard,K.MD.A.2,"Directly compare two objects with a measurable attribute in common, to see which object has “more of”/“less of” the attribute, and describe the difference.",GK-M3-L7,"Compare weights by using heavier than, lighter than, and about the same weight as.",lesson,FALSE,K M3 Topic B: Compare Weights,Connecticut grade K Alignment Guide.docx
ccss,K,standard,K.MD.A.2,"Directly compare two objects with a measurable attribute in common, to see which object has “more of”/“less of” the attribute, and describe the difference.",GK-M3-L8,Use a balance scale to compare two objects.,lesson,FALSE,K M3 Topic B: Compare Weights,Connecticut grade K Alignment Guide.docx
ccss,K,standard,K.MD.A.2,"Directly compare two objects with a measurable attribute in common, to see which object has “more of”/“less of” the attribute, and describe the difference.",GK-M3-L9,Use a balance scale to compare an object to a group of cubes.,lesson,FALSE,K M3 Topic B: Compare Weights,Connecticut grade K Alignment Guide.docx
ccss,K,standard,K.MD.A.2,"Directly compare two objects with a measurable attribute in common, to see which object has “more of”/“less of” the attribute, and describe the difference.",GK-M3-L10,Use a balance scale to compare an object to different units.,lesson,FALSE,K M3 Topic B: Compare Weights,Connecticut grade K Alignment Guide.docx
ccss,K,standard,K.MD.A.2,"Directly compare two objects with a measurable attribute in common, to see which object has “more of”/“less of” the attribute, and describe the difference.",GK-M3-L11,Observe conservation of weight on the balance scale.,lesson,FALSE,K M3 Topic B: Compare Weights,Connecticut grade K Alignment Guide.docx
ccss,K,standard,K.MD.B.3,Classify objects into given categories; count the numbers of objects in each category and sort the categories by count.,GK-M1-L1,Compare objects based on their attributes.,lesson,FALSE,K M1 Topic A: Classify to Make Categories and Count,Connecticut grade K Alignment Guide.docx
ccss,K,standard,K.MD.B.3,Classify objects into given categories; count the numbers of objects in each category and sort the categories by count.,GK-M1-L2,Classify objects into two categories.,lesson,FALSE,K M1 Topic A: Classify to Make Categories and Count,Connecticut grade K Alignment Guide.docx
ccss,K,standard,K.MD.B.3,Classify objects into given categories; count the numbers of objects in each category and sort the categories by count.,GK-M1-L3,Classify objects into two categories and count.,lesson,FALSE,K M1 Topic A: Classify to Make Categories and Count,Connecticut grade K Alignment Guide.docx
ccss,K,standard,K.MD.B.3,Classify objects into given categories; count the numbers of objects in each category and sort the categories by count.,GK-M1-L4,Classify objects into three categories and count.,lesson,FALSE,K M1 Topic A: Classify to Make Categories and Count,Connecticut grade K Alignment Guide.docx
ccss,K,standard,K.MD.B.3,Classify objects into given categories; count the numbers of objects in each category and sort the categories by count.,GK-M1-L5,"Classify objects into three categories, count, and match to a numeral.",lesson,FALSE,K M1 Topic A: Classify to Make Categories and Count,Connecticut grade K Alignment Guide.docx
ccss,K,standard,K.OA.A.1,"Represent addition and subtraction with objects, fingers, mental images, drawings, sounds (e.g., claps), acting out situations, verbal explanations, expressions, or equations.",GK-M5-L1,Represent add to with result unknown story problems by using drawings and numbers.,lesson,FALSE,K M5 Topic A: Represent Addition,Connecticut grade K Alignment Guide.docx
ccss,K,standard,K.OA.A.1,"Represent addition and subtraction with objects, fingers, mental images, drawings, sounds (e.g., claps), acting out situations, verbal explanations, expressions, or equations.",GK-M5-L2,Relate number sentences and number bonds through story problems.,lesson,FALSE,K M5 Topic A: Represent Addition,Connecticut grade K Alignment Guide.docx
ccss,K,standard,K.OA.A.1,"Represent addition and subtraction with objects, fingers, mental images, drawings, sounds (e.g., claps), acting out situations, verbal explanations, expressions, or equations.",GK-M5-L3,Represent and solve add to with result unknown story problems.,lesson,FALSE,K M5 Topic A: Represent Addition,Connecticut grade K Alignment Guide.docx
ccss,K,standard,K.OA.A.1,"Represent addition and subtraction with objects, fingers, mental images, drawings, sounds (e.g., claps), acting out situations, verbal explanations, expressions, or equations.",GK-M5-L4,Represent decomposition situations by using number bonds and addition sentences.,lesson,FALSE,K M5 Topic A: Represent Addition,Connecticut grade K Alignment Guide.docx
ccss,K,standard,K.OA.A.1,"Represent addition and subtraction with objects, fingers, mental images, drawings, sounds (e.g., claps), acting out situations, verbal explanations, expressions, or equations.",GK-M5-L5,Represent take apart with both addends unknown situations with a number sentence.,lesson,FALSE,K M5 Topic A: Represent Addition,Connecticut grade K Alignment Guide.docx
ccss,K,standard,K.OA.A.1,"Represent addition and subtraction with objects, fingers, mental images, drawings, sounds (e.g., claps), acting out situations, verbal explanations, expressions, or equations.",GK-M5-L6,Tell addition story problems starting from number sentence models.,lesson,FALSE,K M5 Topic A: Represent Addition,Connecticut grade K Alignment Guide.docx
ccss,K,standard,K.OA.A.1,"Represent addition and subtraction with objects, fingers, mental images, drawings, sounds (e.g., claps), acting out situations, verbal explanations, expressions, or equations.",GK-M5-L7,Find the total in an addition sentence.,lesson,FALSE,K M5 Topic A: Represent Addition,Connecticut grade K Alignment Guide.docx
ccss,K,standard,K.OA.A.1,"Represent addition and subtraction with objects, fingers, mental images, drawings, sounds (e.g., claps), acting out situations, verbal explanations, expressions, or equations.",GK-M5-L8,Understand taking away as a type of subtraction.,lesson,FALSE,K M5 Topic B: Represent Subtraction,Connecticut grade K Alignment Guide.docx
ccss,K,standard,K.OA.A.1,"Represent addition and subtraction with objects, fingers, mental images, drawings, sounds (e.g., claps), acting out situations, verbal explanations, expressions, or equations.",GK-M5-L9,Represent take from with result unknown story problems by using drawings and numbers.,lesson,FALSE,K M5 Topic B: Represent Subtraction,Connecticut grade K Alignment Guide.docx
ccss,K,standard,K.OA.A.1,"Represent addition and subtraction with objects, fingers, mental images, drawings, sounds (e.g., claps), acting out situations, verbal explanations, expressions, or equations.",GK-M5-L10,Represent and solve take from with result unknown story problems.,lesson,FALSE,K M5 Topic B: Represent Subtraction,Connecticut grade K Alignment Guide.docx
ccss,K,standard,K.OA.A.1,"Represent addition and subtraction with objects, fingers, mental images, drawings, sounds (e.g., claps), acting out situations, verbal explanations, expressions, or equations.",GK-M5-L11,Represent decomposition situations by using number bonds and subtraction sentences.,lesson,FALSE,K M5 Topic B: Represent Subtraction,Connecticut grade K Alignment Guide.docx
ccss,K,standard,K.OA.A.1,"Represent addition and subtraction with objects, fingers, mental images, drawings, sounds (e.g., claps), acting out situations, verbal explanations, expressions, or equations.",GK-M5-L12,Relate parts to total in subtraction situations.,lesson,FALSE,K M5 Topic B: Represent Subtraction,Connecticut grade K Alignment Guide.docx
ccss,K,standard,K.OA.A.1,"Represent addition and subtraction with objects, fingers, mental images, drawings, sounds (e.g., claps), acting out situations, verbal explanations, expressions, or equations.",GK-M5-L13,Tell subtraction story problems starting from number sentence models.,lesson,FALSE,K M5 Topic B: Represent Subtraction,Connecticut grade K Alignment Guide.docx
ccss,K,standard,K.OA.A.1,"Represent addition and subtraction with objects, fingers, mental images, drawings, sounds (e.g., claps), acting out situations, verbal explanations, expressions, or equations.",GK-M5-L14,Find the difference in a subtraction sentence.,lesson,FALSE,K M5 Topic B: Represent Subtraction,Connecticut grade K Alignment Guide.docx